-- Generated SQL Insert Queries
-- Generated on: 2025-12-02 11:10:15
-- ================================================================================
BEGIN;


================================================================================
-- Employee: Devi Ram  (34679.0)
-- Employee ID: 94 | UID: 90 | User Role ID: 444303467162447
================================================================================

-- [1/4] WAMIS DATABASE - amsm_employee
INSERT INTO wamis.amsm_employee (
    employee_id, emp_num, title, first_name, middle_name, last_name, full_name,
    office_id, is_active, operated_by, operated_on, tenant_id, status,
    joining_date, relieving_date, is_service_change, is_data_ported
) VALUES (
    94,
    '34679',
    'Mr.',
    'Devi',
    NULL,
    'Ram',
    'Devi Ram',
    NULL,
    'Y', 531773952, NOW(), 531802112,
    'A',
    '1992-09-05',
    NULL,
    'N',
    true
);

-- [2/4] WAMIS DATABASE - amsm_employee_service
INSERT INTO wamis.amsm_employee_service (
    office_id, employee_id, designation_id, is_additional_charge,
    start_date, end_date, operated_by, operated_on, tenant_id,
    is_latest, anfn, status, is_data_ported
) VALUES (
    NULL,
    94,
    3,
    'N',
    '2023-04-03',
    NULL,
    531773952, NOW(), 531802112,
    'Y', 'A', 'A', true
);

-- [3/4] UM DATABASE - umsm_user
INSERT INTO um.umsm_user (
    uid, user_id, email_id, mobile_no, "password", old_password,
    employee_status, is_admin_user, is_internally_mapped,
    valid_from, valid_till, operated_on, operated_by, password_changed_on,
    "name", designation, company, tenant_id, designation_id, employee_id, is_data_ported
) VALUES (
    90, 
    '34679', 
    'gAAAAABpLnu_HQZy_EgAQa5_OWJxLiBnn_AnrYS64raJbQQLXsK61kPYim7N8DQMg4gumrBVtCAsta8wqEyE4lx4ILvaGSq4qBqzMkgxGVO4ZCcJJ37ymJg=', 
    'gAAAAABpLnu_cl6rlw_yC9nvCoEKoDFTJxXRCyxBmUvHt12-2sB38zciSxlxiAxyYEGOet9MQMY9ryXw-7DVFdk4pEosX9Xkog==', 
    '$2a$10$E9.YM/JWMio2o.EmsAiSeOPci1yOiuxsq7rrMi2lqxMq8WCTSQjya',
    '',
    'A', 'N', 'N',
    '2023-04-03', NULL,
    NOW(), 531773952, NULL,
    'Devi Ram',
    'EXECUTIVE ENGINEER',
    HPPWD,
    531802112,
    3,
    94,
    true
);

-- [4/4] UM DATABASE - umst_user_role
INSERT INTO um.umst_user_role (
    user_role_id, uid, role_id, unit_id, operated_on, operated_by, tenant_id, is_data_ported
) VALUES (
    444303467162447, 
    90, 
    None, 
    NULL, 
    NOW(), 
    531773952, 
    531802112, 
    true
);

-- ----------------------------------------------------------------------


================================================================================
-- Employee: Ram Kumar Sharma  (11425.0)
-- Employee ID: 95 | UID: 91 | User Role ID: 444303467162448
================================================================================

-- [1/4] WAMIS DATABASE - amsm_employee
INSERT INTO wamis.amsm_employee (
    employee_id, emp_num, title, first_name, middle_name, last_name, full_name,
    office_id, is_active, operated_by, operated_on, tenant_id, status,
    joining_date, relieving_date, is_service_change, is_data_ported
) VALUES (
    95,
    '11425',
    'Mr.',
    'Ram',
    'Kumar',
    'Sharma',
    'Ram Kumar Sharma',
    NULL,
    'Y', 531773952, NOW(), 531802112,
    'A',
    '2007-07-18',
    NULL,
    'N',
    true
);

-- [2/4] WAMIS DATABASE - amsm_employee_service
INSERT INTO wamis.amsm_employee_service (
    office_id, employee_id, designation_id, is_additional_charge,
    start_date, end_date, operated_by, operated_on, tenant_id,
    is_latest, anfn, status, is_data_ported
) VALUES (
    NULL,
    95,
    2,
    'N',
    '2023-08-05',
    NULL,
    531773952, NOW(), 531802112,
    'Y', 'A', 'A', true
);

-- [3/4] UM DATABASE - umsm_user
INSERT INTO um.umsm_user (
    uid, user_id, email_id, mobile_no, "password", old_password,
    employee_status, is_admin_user, is_internally_mapped,
    valid_from, valid_till, operated_on, operated_by, password_changed_on,
    "name", designation, company, tenant_id, designation_id, employee_id, is_data_ported
) VALUES (
    91, 
    '11425', 
    'gAAAAABpLnu_rDexXUBoGnzER0Tunx-BNpWp4ouzHelcjUmQ03DG8tCF8CmQPp8UOa1G0nuCSw7hL0ciCXVhZSLzOYJguQRaqUot_9fdyCmiQDtDf2kH9YE=', 
    'gAAAAABpLnu_N4M7RV_qH-Q7vGzhhOCw9F0Ep5r2m9rVoTDJe9XpqIKOFNSrtdvPmsIL0V91auFqkrJz_VeL-QvGbGfVK2fQqw==', 
    '$2a$10$E9.YM/JWMio2o.EmsAiSeOPci1yOiuxsq7rrMi2lqxMq8WCTSQjya',
    '',
    'A', 'N', 'N',
    '2023-08-05', NULL,
    NOW(), 531773952, NULL,
    'Ram Kumar Sharma',
    'ASSISTANT ENGINEER',
    HPPWD,
    531802112,
    2,
    95,
    true
);

-- [4/4] UM DATABASE - umst_user_role
INSERT INTO um.umst_user_role (
    user_role_id, uid, role_id, unit_id, operated_on, operated_by, tenant_id, is_data_ported
) VALUES (
    444303467162448, 
    91, 
    120882432, 
    NULL, 
    NOW(), 
    531773952, 
    531802112, 
    true
);

-- ----------------------------------------------------------------------


================================================================================
-- Employee: Sushil Kumar  (45354.0)
-- Employee ID: 96 | UID: 92 | User Role ID: 444303467162449
================================================================================

-- [1/4] WAMIS DATABASE - amsm_employee
INSERT INTO wamis.amsm_employee (
    employee_id, emp_num, title, first_name, middle_name, last_name, full_name,
    office_id, is_active, operated_by, operated_on, tenant_id, status,
    joining_date, relieving_date, is_service_change, is_data_ported
) VALUES (
    96,
    '45354',
    'Mr.',
    'Sushil',
    NULL,
    'Kumar',
    'Sushil Kumar',
    349,
    'Y', 531773952, NOW(), 531802112,
    'A',
    '2004-12-20',
    NULL,
    'N',
    true
);

-- [2/4] WAMIS DATABASE - amsm_employee_service
INSERT INTO wamis.amsm_employee_service (
    office_id, employee_id, designation_id, is_additional_charge,
    start_date, end_date, operated_by, operated_on, tenant_id,
    is_latest, anfn, status, is_data_ported
) VALUES (
    349,
    96,
    6,
    'N',
    '2025-10-18',
    NULL,
    531773952, NOW(), 531802112,
    'Y', 'A', 'A', true
);

-- [3/4] UM DATABASE - umsm_user
INSERT INTO um.umsm_user (
    uid, user_id, email_id, mobile_no, "password", old_password,
    employee_status, is_admin_user, is_internally_mapped,
    valid_from, valid_till, operated_on, operated_by, password_changed_on,
    "name", designation, company, tenant_id, designation_id, employee_id, is_data_ported
) VALUES (
    92, 
    '45354', 
    'gAAAAABpLnu_dNWPh25-9buHOEF_nteJjUHvj4WRXZJjRqe2VPu0hjWJXZDT5pQuINk5GAkeV27P7l3R05Sq0UGY0PWE-E6VTNLM7k10n-0DezdYkW_MyBE=', 
    'gAAAAABpLnu_UWPhoib1paOeDgHjVNd-uDlHk3XRVPXjNYqDII_kyo_CxdNKa2Vm2otTPzx7i9bLEsQs8eA5DXfgZ__ucpJ-Jg==', 
    '$2a$10$E9.YM/JWMio2o.EmsAiSeOPci1yOiuxsq7rrMi2lqxMq8WCTSQjya',
    '',
    'A', 'N', 'N',
    '2025-10-18', NULL,
    NOW(), 531773952, NULL,
    'Sushil Kumar',
    'DIVISIONAL ACCOUNTANT OFFICER',
    HPPWD,
    531802112,
    6,
    96,
    true
);

-- [4/4] UM DATABASE - umst_user_role
INSERT INTO um.umst_user_role (
    user_role_id, uid, role_id, unit_id, operated_on, operated_by, tenant_id, is_data_ported
) VALUES (
    444303467162449, 
    92, 
    None, 
    349, 
    NOW(), 
    531773952, 
    531802112, 
    true
);

-- ----------------------------------------------------------------------


================================================================================
-- Employee: Vijay Kumar  (31331.0)
-- Employee ID: 97 | UID: 93 | User Role ID: 444303467162450
================================================================================

-- [1/4] WAMIS DATABASE - amsm_employee
INSERT INTO wamis.amsm_employee (
    employee_id, emp_num, title, first_name, middle_name, last_name, full_name,
    office_id, is_active, operated_by, operated_on, tenant_id, status,
    joining_date, relieving_date, is_service_change, is_data_ported
) VALUES (
    97,
    '31331',
    'Mr.',
    'Vijay',
    NULL,
    'Kumar',
    'Vijay Kumar',
    NULL,
    'Y', 531773952, NOW(), 531802112,
    'A',
    '1992-12-30',
    NULL,
    'N',
    true
);

-- [2/4] WAMIS DATABASE - amsm_employee_service
INSERT INTO wamis.amsm_employee_service (
    office_id, employee_id, designation_id, is_additional_charge,
    start_date, end_date, operated_by, operated_on, tenant_id,
    is_latest, anfn, status, is_data_ported
) VALUES (
    NULL,
    97,
    250433797,
    'N',
    '2023-08-01',
    NULL,
    531773952, NOW(), 531802112,
    'Y', 'A', 'A', true
);

-- [3/4] UM DATABASE - umsm_user
INSERT INTO um.umsm_user (
    uid, user_id, email_id, mobile_no, "password", old_password,
    employee_status, is_admin_user, is_internally_mapped,
    valid_from, valid_till, operated_on, operated_by, password_changed_on,
    "name", designation, company, tenant_id, designation_id, employee_id, is_data_ported
) VALUES (
    93, 
    '31331', 
    'gAAAAABpLnu_o8CaYTKO_ChhqsVLqTeVOv6ln3VlaxMHMryClr4Qt8IvBUCFjKG0fN72EtYd4073RbdPYOnIH31pY4XJQQU-yVDpDpX6VCuvq2vGnPiER1U=', 
    'gAAAAABpLnu_8BfRiF8qmXIxLYMr7GwSAgIZdTh_esGerPgecETD9K8bEsmC5-O6gIDVw8bReFkPdQQTpnxSFuJ9RSH8XVVa3g==', 
    '$2a$10$E9.YM/JWMio2o.EmsAiSeOPci1yOiuxsq7rrMi2lqxMq8WCTSQjya',
    '',
    'A', 'N', 'N',
    '2023-08-01', NULL,
    NOW(), 531773952, NULL,
    'Vijay Kumar',
    'SUPERINTENDENT',
    HPPWD,
    531802112,
    250433797,
    97,
    true
);

-- [4/4] UM DATABASE - umst_user_role
INSERT INTO um.umst_user_role (
    user_role_id, uid, role_id, unit_id, operated_on, operated_by, tenant_id, is_data_ported
) VALUES (
    444303467162450, 
    93, 
    None, 
    NULL, 
    NOW(), 
    531773952, 
    531802112, 
    true
);

-- ----------------------------------------------------------------------


================================================================================
-- Employee: Lokesh Kumar  (12697.0)
-- Employee ID: 98 | UID: 94 | User Role ID: 444303467162451
================================================================================

-- [1/4] WAMIS DATABASE - amsm_employee
INSERT INTO wamis.amsm_employee (
    employee_id, emp_num, title, first_name, middle_name, last_name, full_name,
    office_id, is_active, operated_by, operated_on, tenant_id, status,
    joining_date, relieving_date, is_service_change, is_data_ported
) VALUES (
    98,
    '12697',
    'Mr.',
    'Lokesh',
    NULL,
    'Kumar',
    'Lokesh Kumar',
    NULL,
    'Y', 531773952, NOW(), 531802112,
    'A',
    '2000-09-18',
    NULL,
    'N',
    true
);

-- [2/4] WAMIS DATABASE - amsm_employee_service
INSERT INTO wamis.amsm_employee_service (
    office_id, employee_id, designation_id, is_additional_charge,
    start_date, end_date, operated_by, operated_on, tenant_id,
    is_latest, anfn, status, is_data_ported
) VALUES (
    NULL,
    98,
    4,
    'N',
    '2024-03-16',
    NULL,
    531773952, NOW(), 531802112,
    'Y', 'A', 'A', true
);

-- [3/4] UM DATABASE - umsm_user
INSERT INTO um.umsm_user (
    uid, user_id, email_id, mobile_no, "password", old_password,
    employee_status, is_admin_user, is_internally_mapped,
    valid_from, valid_till, operated_on, operated_by, password_changed_on,
    "name", designation, company, tenant_id, designation_id, employee_id, is_data_ported
) VALUES (
    94, 
    '12697', 
    'gAAAAABpLnu_4BkaDyBRrOqsfrtQL7owch434CoKaO2eHil41fxcsF-3nhu_uiI1rlsDBckuvBed1TZx-qk4bfhqT9-AUh8s8HZQXWM0oftw6m3InJjBJDM=', 
    'gAAAAABpLnu_1kK7O6qictlBChkhIrdYKvSu731q3c5CbxId-xf2HuFmcBRAuxdd2k99JlAjSHuk6E9F2FxXGVGAp2EEnsoKHQ==', 
    '$2a$10$E9.YM/JWMio2o.EmsAiSeOPci1yOiuxsq7rrMi2lqxMq8WCTSQjya',
    '',
    'A', 'N', 'N',
    '2024-03-16', NULL,
    NOW(), 531773952, NULL,
    'Lokesh Kumar',
    'OTHER',
    HPPWD,
    531802112,
    4,
    98,
    true
);

-- [4/4] UM DATABASE - umst_user_role
INSERT INTO um.umst_user_role (
    user_role_id, uid, role_id, unit_id, operated_on, operated_by, tenant_id, is_data_ported
) VALUES (
    444303467162451, 
    94, 
    None, 
    NULL, 
    NOW(), 
    531773952, 
    531802112, 
    true
);

-- ----------------------------------------------------------------------


================================================================================
-- Employee: Ravi Thakur  (51278.0)
-- Employee ID: 99 | UID: 95 | User Role ID: 444303467162452
================================================================================

-- [1/4] WAMIS DATABASE - amsm_employee
INSERT INTO wamis.amsm_employee (
    employee_id, emp_num, title, first_name, middle_name, last_name, full_name,
    office_id, is_active, operated_by, operated_on, tenant_id, status,
    joining_date, relieving_date, is_service_change, is_data_ported
) VALUES (
    99,
    '51278',
    'Mr.',
    'Ravi',
    NULL,
    'Thakur',
    'Ravi Thakur',
    NULL,
    'Y', 531773952, NOW(), 531802112,
    'A',
    '2017-10-06',
    NULL,
    'N',
    true
);

-- [2/4] WAMIS DATABASE - amsm_employee_service
INSERT INTO wamis.amsm_employee_service (
    office_id, employee_id, designation_id, is_additional_charge,
    start_date, end_date, operated_by, operated_on, tenant_id,
    is_latest, anfn, status, is_data_ported
) VALUES (
    NULL,
    99,
    4,
    'N',
    '2019-05-29',
    NULL,
    531773952, NOW(), 531802112,
    'Y', 'A', 'A', true
);

-- [3/4] UM DATABASE - umsm_user
INSERT INTO um.umsm_user (
    uid, user_id, email_id, mobile_no, "password", old_password,
    employee_status, is_admin_user, is_internally_mapped,
    valid_from, valid_till, operated_on, operated_by, password_changed_on,
    "name", designation, company, tenant_id, designation_id, employee_id, is_data_ported
) VALUES (
    95, 
    '51278', 
    'gAAAAABpLnu_EHHixyLd6c-XHOC4YHtGRyUMzfHJtjhJryeRs-vzQOUvFjlZlG76XTFmNdRE4nNsym-2Ajz7uEUm_2WpaOa5Sw6TA45sBoUVazLUePCK_IQ=', 
    'gAAAAABpLnu_kFzD0gPYyL_MlHDtfR8djPCA7v9canCI69u8iDvB7Jf-E8wtJZFMCsdMj1Hrt0yK1kvqj4_mpf_lXzATfJzo4Q==', 
    '$2a$10$E9.YM/JWMio2o.EmsAiSeOPci1yOiuxsq7rrMi2lqxMq8WCTSQjya',
    '',
    'A', 'N', 'N',
    '2019-05-29', NULL,
    NOW(), 531773952, NULL,
    'Ravi Thakur',
    'OTHER',
    HPPWD,
    531802112,
    4,
    99,
    true
);

-- [4/4] UM DATABASE - umst_user_role
INSERT INTO um.umst_user_role (
    user_role_id, uid, role_id, unit_id, operated_on, operated_by, tenant_id, is_data_ported
) VALUES (
    444303467162452, 
    95, 
    None, 
    NULL, 
    NOW(), 
    531773952, 
    531802112, 
    true
);

-- ----------------------------------------------------------------------


================================================================================
-- Employee: Prem Chand  (57249.0)
-- Employee ID: 100 | UID: 96 | User Role ID: 444303467162453
================================================================================

-- [1/4] WAMIS DATABASE - amsm_employee
INSERT INTO wamis.amsm_employee (
    employee_id, emp_num, title, first_name, middle_name, last_name, full_name,
    office_id, is_active, operated_by, operated_on, tenant_id, status,
    joining_date, relieving_date, is_service_change, is_data_ported
) VALUES (
    100,
    '57249',
    'Mr.',
    'Prem',
    NULL,
    'Chand',
    'Prem Chand',
    NULL,
    'Y', 531773952, NOW(), 531802112,
    'A',
    '2024-09-18',
    NULL,
    'N',
    true
);

-- [2/4] WAMIS DATABASE - amsm_employee_service
INSERT INTO wamis.amsm_employee_service (
    office_id, employee_id, designation_id, is_additional_charge,
    start_date, end_date, operated_by, operated_on, tenant_id,
    is_latest, anfn, status, is_data_ported
) VALUES (
    NULL,
    100,
    4,
    'N',
    '2024-09-18',
    NULL,
    531773952, NOW(), 531802112,
    'Y', 'A', 'A', true
);

-- [3/4] UM DATABASE - umsm_user
INSERT INTO um.umsm_user (
    uid, user_id, email_id, mobile_no, "password", old_password,
    employee_status, is_admin_user, is_internally_mapped,
    valid_from, valid_till, operated_on, operated_by, password_changed_on,
    "name", designation, company, tenant_id, designation_id, employee_id, is_data_ported
) VALUES (
    96, 
    '57249', 
    'gAAAAABpLnu_8X-JTLLeR3FRdp-prPjG_I_ibtCULCHg0Az2oiA7Jy4AITO2JzJ2RhHEpNnuqwnueDtiYIjFvTYDn2LzMqyOIAW9mzAR8fzjx5NnffGC2bM=', 
    'gAAAAABpLnu_eeSaYRNQiOPJNhfRJstCULvfDGSNg5nKNFW-fZmnY2hwrlCUEXpcChU9QYqX0mqxCuKpYxqag_rSnTRxmzGyNA==', 
    '$2a$10$E9.YM/JWMio2o.EmsAiSeOPci1yOiuxsq7rrMi2lqxMq8WCTSQjya',
    '',
    'A', 'N', 'N',
    '2024-09-18', NULL,
    NOW(), 531773952, NULL,
    'Prem Chand',
    'OTHER',
    HPPWD,
    531802112,
    4,
    100,
    true
);

-- [4/4] UM DATABASE - umst_user_role
INSERT INTO um.umst_user_role (
    user_role_id, uid, role_id, unit_id, operated_on, operated_by, tenant_id, is_data_ported
) VALUES (
    444303467162453, 
    96, 
    None, 
    NULL, 
    NOW(), 
    531773952, 
    531802112, 
    true
);

-- ----------------------------------------------------------------------


================================================================================
-- Employee: Raj Kumar  (37720.0)
-- Employee ID: 101 | UID: 97 | User Role ID: 444303467162454
================================================================================

-- [1/4] WAMIS DATABASE - amsm_employee
INSERT INTO wamis.amsm_employee (
    employee_id, emp_num, title, first_name, middle_name, last_name, full_name,
    office_id, is_active, operated_by, operated_on, tenant_id, status,
    joining_date, relieving_date, is_service_change, is_data_ported
) VALUES (
    101,
    '37720',
    'Mr.',
    'Raj',
    NULL,
    'Kumar',
    'Raj Kumar',
    NULL,
    'Y', 531773952, NOW(), 531802112,
    'A',
    '2000-01-17',
    NULL,
    'N',
    true
);

-- [2/4] WAMIS DATABASE - amsm_employee_service
INSERT INTO wamis.amsm_employee_service (
    office_id, employee_id, designation_id, is_additional_charge,
    start_date, end_date, operated_by, operated_on, tenant_id,
    is_latest, anfn, status, is_data_ported
) VALUES (
    NULL,
    101,
    4,
    'N',
    '2023-09-06',
    NULL,
    531773952, NOW(), 531802112,
    'Y', 'A', 'A', true
);

-- [3/4] UM DATABASE - umsm_user
INSERT INTO um.umsm_user (
    uid, user_id, email_id, mobile_no, "password", old_password,
    employee_status, is_admin_user, is_internally_mapped,
    valid_from, valid_till, operated_on, operated_by, password_changed_on,
    "name", designation, company, tenant_id, designation_id, employee_id, is_data_ported
) VALUES (
    97, 
    '37720', 
    'gAAAAABpLnu_71rMze6di9CT12DYegxjeqlSOSEYGRiWsG4uM-LumttLOvOq5Jv4fAURykbHki5GZnSLSv_Jpp_h1rW-0E33SesVyzGCgQ2MCsfh4cruTbI=', 
    'gAAAAABpLnu__jteIK4WQ4b__F5xxan82oYbTo8hABAI2L--T2Ea1b-jQLYeanmSyJUhMFO_WM0K6UJm9JriQB9hupYyElv9XQ==', 
    '$2a$10$E9.YM/JWMio2o.EmsAiSeOPci1yOiuxsq7rrMi2lqxMq8WCTSQjya',
    '',
    'A', 'N', 'N',
    '2023-09-06', NULL,
    NOW(), 531773952, NULL,
    'Raj Kumar',
    'OTHER',
    HPPWD,
    531802112,
    4,
    101,
    true
);

-- [4/4] UM DATABASE - umst_user_role
INSERT INTO um.umst_user_role (
    user_role_id, uid, role_id, unit_id, operated_on, operated_by, tenant_id, is_data_ported
) VALUES (
    444303467162454, 
    97, 
    None, 
    NULL, 
    NOW(), 
    531773952, 
    531802112, 
    true
);

-- ----------------------------------------------------------------------


================================================================================
-- Employee: Maya Devi  (10173.0)
-- Employee ID: 102 | UID: 98 | User Role ID: 444303467162455
================================================================================

-- [1/4] WAMIS DATABASE - amsm_employee
INSERT INTO wamis.amsm_employee (
    employee_id, emp_num, title, first_name, middle_name, last_name, full_name,
    office_id, is_active, operated_by, operated_on, tenant_id, status,
    joining_date, relieving_date, is_service_change, is_data_ported
) VALUES (
    102,
    '10173',
    'Ms.',
    'Maya',
    NULL,
    'Devi',
    'Maya Devi',
    NULL,
    'Y', 531773952, NOW(), 531802112,
    'A',
    '2000-05-11',
    NULL,
    'N',
    true
);

-- [2/4] WAMIS DATABASE - amsm_employee_service
INSERT INTO wamis.amsm_employee_service (
    office_id, employee_id, designation_id, is_additional_charge,
    start_date, end_date, operated_by, operated_on, tenant_id,
    is_latest, anfn, status, is_data_ported
) VALUES (
    NULL,
    102,
    4,
    'N',
    '2022-08-08',
    NULL,
    531773952, NOW(), 531802112,
    'Y', 'A', 'A', true
);

-- [3/4] UM DATABASE - umsm_user
INSERT INTO um.umsm_user (
    uid, user_id, email_id, mobile_no, "password", old_password,
    employee_status, is_admin_user, is_internally_mapped,
    valid_from, valid_till, operated_on, operated_by, password_changed_on,
    "name", designation, company, tenant_id, designation_id, employee_id, is_data_ported
) VALUES (
    98, 
    '10173', 
    'gAAAAABpLnu_fBP8RI16YgEC9dygNmQ8A1GbX4tJI5CEi4m2MuFkxub3I27k7_7dw2JsDJxV5wfN1-G2UEK6T5Jg-0i-H7Pz69aiUmJ3sfksBbehNeOzENc=', 
    'gAAAAABpLnu_nsAb_HYiD8bo26923TMhOUoWA1zwsyXUG4zXx-hn18wVVUCWggoatq0pNjyIWFo4vKXih1OLI4zEQVqPrevJ5A==', 
    '$2a$10$E9.YM/JWMio2o.EmsAiSeOPci1yOiuxsq7rrMi2lqxMq8WCTSQjya',
    '',
    'A', 'N', 'N',
    '2022-08-08', NULL,
    NOW(), 531773952, NULL,
    'Maya Devi',
    'OTHER',
    HPPWD,
    531802112,
    4,
    102,
    true
);

-- [4/4] UM DATABASE - umst_user_role
INSERT INTO um.umst_user_role (
    user_role_id, uid, role_id, unit_id, operated_on, operated_by, tenant_id, is_data_ported
) VALUES (
    444303467162455, 
    98, 
    None, 
    NULL, 
    NOW(), 
    531773952, 
    531802112, 
    true
);

-- ----------------------------------------------------------------------


================================================================================
-- Employee: Sunku Ram  (38403.0)
-- Employee ID: 103 | UID: 99 | User Role ID: 444303467162456
================================================================================

-- [1/4] WAMIS DATABASE - amsm_employee
INSERT INTO wamis.amsm_employee (
    employee_id, emp_num, title, first_name, middle_name, last_name, full_name,
    office_id, is_active, operated_by, operated_on, tenant_id, status,
    joining_date, relieving_date, is_service_change, is_data_ported
) VALUES (
    103,
    '38403',
    'Mr.',
    'Sunku',
    NULL,
    'Ram',
    'Sunku Ram',
    NULL,
    'Y', 531773952, NOW(), 531802112,
    'A',
    '2004-01-01',
    NULL,
    'N',
    true
);

-- [2/4] WAMIS DATABASE - amsm_employee_service
INSERT INTO wamis.amsm_employee_service (
    office_id, employee_id, designation_id, is_additional_charge,
    start_date, end_date, operated_by, operated_on, tenant_id,
    is_latest, anfn, status, is_data_ported
) VALUES (
    NULL,
    103,
    4,
    'N',
    '2023-11-06',
    NULL,
    531773952, NOW(), 531802112,
    'Y', 'A', 'A', true
);

-- [3/4] UM DATABASE - umsm_user
INSERT INTO um.umsm_user (
    uid, user_id, email_id, mobile_no, "password", old_password,
    employee_status, is_admin_user, is_internally_mapped,
    valid_from, valid_till, operated_on, operated_by, password_changed_on,
    "name", designation, company, tenant_id, designation_id, employee_id, is_data_ported
) VALUES (
    99, 
    '38403', 
    'gAAAAABpLnu_M9S-AFb5WFgPMqsJAVP1zXPM-WHPZfKKNctBKuFsz59i68SEzyxo9ZTIPf89tRT-w-ndZQzhHph6TegHwtARtremLg21pJh56IGvzey9zSw=', 
    'gAAAAABpLnu_hSwRaCkx9Ur05JF3JTxW7blWxqtJPB1h17LyMOqLhZ2f1qIrMDPGbheN71fornmrQr48ThCkyfBmO5NrTbbQeQ==', 
    '$2a$10$E9.YM/JWMio2o.EmsAiSeOPci1yOiuxsq7rrMi2lqxMq8WCTSQjya',
    '',
    'A', 'N', 'N',
    '2023-11-06', NULL,
    NOW(), 531773952, NULL,
    'Sunku Ram',
    'OTHER',
    HPPWD,
    531802112,
    4,
    103,
    true
);

-- [4/4] UM DATABASE - umst_user_role
INSERT INTO um.umst_user_role (
    user_role_id, uid, role_id, unit_id, operated_on, operated_by, tenant_id, is_data_ported
) VALUES (
    444303467162456, 
    99, 
    None, 
    NULL, 
    NOW(), 
    531773952, 
    531802112, 
    true
);

-- ----------------------------------------------------------------------


================================================================================
-- Employee: Priyanka  (51712.0)
-- Employee ID: 104 | UID: 100 | User Role ID: 444303467162457
================================================================================

-- [1/4] WAMIS DATABASE - amsm_employee
INSERT INTO wamis.amsm_employee (
    employee_id, emp_num, title, first_name, middle_name, last_name, full_name,
    office_id, is_active, operated_by, operated_on, tenant_id, status,
    joining_date, relieving_date, is_service_change, is_data_ported
) VALUES (
    104,
    '51712',
    'Ms.',
    'Priyanka',
    NULL,
    '-',
    'Priyanka',
    NULL,
    'Y', 531773952, NOW(), 531802112,
    'A',
    '2017-09-07',
    NULL,
    'N',
    true
);

-- [2/4] WAMIS DATABASE - amsm_employee_service
INSERT INTO wamis.amsm_employee_service (
    office_id, employee_id, designation_id, is_additional_charge,
    start_date, end_date, operated_by, operated_on, tenant_id,
    is_latest, anfn, status, is_data_ported
) VALUES (
    NULL,
    104,
    1,
    'N',
    '2024-07-08',
    NULL,
    531773952, NOW(), 531802112,
    'Y', 'A', 'A', true
);

-- [3/4] UM DATABASE - umsm_user
INSERT INTO um.umsm_user (
    uid, user_id, email_id, mobile_no, "password", old_password,
    employee_status, is_admin_user, is_internally_mapped,
    valid_from, valid_till, operated_on, operated_by, password_changed_on,
    "name", designation, company, tenant_id, designation_id, employee_id, is_data_ported
) VALUES (
    100, 
    '51712', 
    'gAAAAABpLnu_0JWLk5ZiL2rvkmsd027gQFp5auqzqegbqLqiGVnz8925NDHySTGr06T5XNoq5KwwL3H8AGgIweapzu4hbUSGXvZ0yMhQnqdC_EBlc64NNrM=', 
    'gAAAAABpLnu_cPT5yFfCxoaaWiZhCfzC5Su32e0NiyxkD6_D2xKXUSVKCPdZXincCeXSDcawiqJP70LB0_vGUXH3Db2FfKBGNQ==', 
    '$2a$10$E9.YM/JWMio2o.EmsAiSeOPci1yOiuxsq7rrMi2lqxMq8WCTSQjya',
    '',
    'A', 'N', 'N',
    '2024-07-08', NULL,
    NOW(), 531773952, NULL,
    'Priyanka',
    'JUNIOR ENGINEER',
    HPPWD,
    531802112,
    1,
    104,
    true
);

-- [4/4] UM DATABASE - umst_user_role
INSERT INTO um.umst_user_role (
    user_role_id, uid, role_id, unit_id, operated_on, operated_by, tenant_id, is_data_ported
) VALUES (
    444303467162457, 
    100, 
    120878848, 
    NULL, 
    NOW(), 
    531773952, 
    531802112, 
    true
);

-- ----------------------------------------------------------------------


================================================================================
-- Employee: Priyanka Kumari  (57252.0)
-- Employee ID: 105 | UID: 101 | User Role ID: 444303467162458
================================================================================

-- [1/4] WAMIS DATABASE - amsm_employee
INSERT INTO wamis.amsm_employee (
    employee_id, emp_num, title, first_name, middle_name, last_name, full_name,
    office_id, is_active, operated_by, operated_on, tenant_id, status,
    joining_date, relieving_date, is_service_change, is_data_ported
) VALUES (
    105,
    '57252',
    'Ms.',
    'Priyanka',
    NULL,
    'Kumari',
    'Priyanka Kumari',
    349,
    'Y', 531773952, NOW(), 531802112,
    'A',
    '2024-11-02',
    NULL,
    'N',
    true
);

-- [2/4] WAMIS DATABASE - amsm_employee_service
INSERT INTO wamis.amsm_employee_service (
    office_id, employee_id, designation_id, is_additional_charge,
    start_date, end_date, operated_by, operated_on, tenant_id,
    is_latest, anfn, status, is_data_ported
) VALUES (
    349,
    105,
    NULL,
    'N',
    '2024-11-02',
    NULL,
    531773952, NOW(), 531802112,
    'Y', 'A', 'A', true
);

-- [3/4] UM DATABASE - umsm_user
INSERT INTO um.umsm_user (
    uid, user_id, email_id, mobile_no, "password", old_password,
    employee_status, is_admin_user, is_internally_mapped,
    valid_from, valid_till, operated_on, operated_by, password_changed_on,
    "name", designation, company, tenant_id, designation_id, employee_id, is_data_ported
) VALUES (
    101, 
    '57252', 
    'gAAAAABpLnu_7upxmrY3DbnbeH0N_jE5Nx4azaw_bTzuzTiTJth-GCnch9OK-FQYpUM8c1Ait_U35Bg6spy_acXbzidz4xd8JWsKulZVFE2uppXMsLR4P_0=', 
    'gAAAAABpLnu__6HAaGXYvQAHpIkFgctoPuQuHx1sydwzOtHPh2uo91HaHgzyDjTsAeuV1lH3VHTJmSRnaYQIu_svhRflGKgFVw==', 
    '$2a$10$E9.YM/JWMio2o.EmsAiSeOPci1yOiuxsq7rrMi2lqxMq8WCTSQjya',
    '',
    'A', 'N', 'N',
    '2024-11-02', NULL,
    NOW(), 531773952, NULL,
    'Priyanka Kumari',
    'JUNIOR DRAUGHTSMAN',
    HPPWD,
    531802112,
    NULL,
    105,
    true
);

-- [4/4] UM DATABASE - umst_user_role
INSERT INTO um.umst_user_role (
    user_role_id, uid, role_id, unit_id, operated_on, operated_by, tenant_id, is_data_ported
) VALUES (
    444303467162458, 
    101, 
    None, 
    349, 
    NOW(), 
    531773952, 
    531802112, 
    true
);

-- ----------------------------------------------------------------------


================================================================================
-- Employee: Anshul Chaudhary (56149.0)
-- Employee ID: 106 | UID: 102 | User Role ID: 444303467162459
================================================================================

-- [1/4] WAMIS DATABASE - amsm_employee
INSERT INTO wamis.amsm_employee (
    employee_id, emp_num, title, first_name, middle_name, last_name, full_name,
    office_id, is_active, operated_by, operated_on, tenant_id, status,
    joining_date, relieving_date, is_service_change, is_data_ported
) VALUES (
    106,
    '56149',
    'Mr.',
    'Anshul',
    NULL,
    'Chaudhary',
    'Anshul Chaudhary',
    380,
    'Y', 531773952, NOW(), 531802112,
    'A',
    '2017-02-15',
    NULL,
    'N',
    true
);

-- [2/4] WAMIS DATABASE - amsm_employee_service
INSERT INTO wamis.amsm_employee_service (
    office_id, employee_id, designation_id, is_additional_charge,
    start_date, end_date, operated_by, operated_on, tenant_id,
    is_latest, anfn, status, is_data_ported
) VALUES (
    380,
    106,
    2,
    'N',
    '2025-05-01',
    NULL,
    531773952, NOW(), 531802112,
    'Y', 'A', 'A', true
);

-- [3/4] UM DATABASE - umsm_user
INSERT INTO um.umsm_user (
    uid, user_id, email_id, mobile_no, "password", old_password,
    employee_status, is_admin_user, is_internally_mapped,
    valid_from, valid_till, operated_on, operated_by, password_changed_on,
    "name", designation, company, tenant_id, designation_id, employee_id, is_data_ported
) VALUES (
    102, 
    '56149', 
    'gAAAAABpLnu_uqz0wnzyC94YiNeDY3bc85Nnf_9zZd03MC4Hw1rc4SGlNdqGOmuwdGnQhPNg9Y98gW4x7xhGEEVWm9UJIN2vTc_yLhJ3kyU8hlibLJqt0kY=', 
    'gAAAAABpLnu_H2Tj9gZYVqaSRyaeRGYO2cTwieJQwMExOzkXWt79w6r1TNGrAVK3fxaHRTyKJTVUQpoHTmr4RnT8r-PCxxJoAA==', 
    '$2a$10$E9.YM/JWMio2o.EmsAiSeOPci1yOiuxsq7rrMi2lqxMq8WCTSQjya',
    '',
    'A', 'N', 'N',
    '2025-05-01', NULL,
    NOW(), 531773952, NULL,
    'Anshul Chaudhary',
    'ASSISTANT ENGINEER',
    HPPWD,
    531802112,
    2,
    106,
    true
);

-- [4/4] UM DATABASE - umst_user_role
INSERT INTO um.umst_user_role (
    user_role_id, uid, role_id, unit_id, operated_on, operated_by, tenant_id, is_data_ported
) VALUES (
    444303467162459, 
    102, 
    120882432, 
    380, 
    NOW(), 
    531773952, 
    531802112, 
    true
);

-- ----------------------------------------------------------------------


================================================================================
-- Employee: Lekh Raj  (29836.0)
-- Employee ID: 107 | UID: 103 | User Role ID: 444303467162460
================================================================================

-- [1/4] WAMIS DATABASE - amsm_employee
INSERT INTO wamis.amsm_employee (
    employee_id, emp_num, title, first_name, middle_name, last_name, full_name,
    office_id, is_active, operated_by, operated_on, tenant_id, status,
    joining_date, relieving_date, is_service_change, is_data_ported
) VALUES (
    107,
    '29836',
    'Mr.',
    'Lekh',
    NULL,
    'Raj',
    'Lekh Raj',
    NULL,
    'Y', 531773952, NOW(), 531802112,
    'A',
    '1999-12-17',
    NULL,
    'N',
    true
);

-- [2/4] WAMIS DATABASE - amsm_employee_service
INSERT INTO wamis.amsm_employee_service (
    office_id, employee_id, designation_id, is_additional_charge,
    start_date, end_date, operated_by, operated_on, tenant_id,
    is_latest, anfn, status, is_data_ported
) VALUES (
    NULL,
    107,
    1,
    'N',
    '2023-09-01',
    NULL,
    531773952, NOW(), 531802112,
    'Y', 'A', 'A', true
);

-- [3/4] UM DATABASE - umsm_user
INSERT INTO um.umsm_user (
    uid, user_id, email_id, mobile_no, "password", old_password,
    employee_status, is_admin_user, is_internally_mapped,
    valid_from, valid_till, operated_on, operated_by, password_changed_on,
    "name", designation, company, tenant_id, designation_id, employee_id, is_data_ported
) VALUES (
    103, 
    '29836', 
    'gAAAAABpLnu_3wDaNptMxFzp0l6FrkWbzLjXGCRkGJKX_lOPauaybcmenHWtCkjH5zf1Ma9qw8JJjIrroDCRzg3UzxFLfIjd3gtWwL4ySq1prcLA71telAw=', 
    'gAAAAABpLnu_JnGApz80YzU8i9d9630fkSn88yCPYdYNyIAEgoKPrq2TH0p_-zEoXST_tRpNCOf3urzJbbrlo3tscPX4LY4cRg==', 
    '$2a$10$E9.YM/JWMio2o.EmsAiSeOPci1yOiuxsq7rrMi2lqxMq8WCTSQjya',
    '',
    'A', 'N', 'N',
    '2023-09-01', NULL,
    NOW(), 531773952, NULL,
    'Lekh Raj',
    'JUNIOR ENGINEER',
    HPPWD,
    531802112,
    1,
    107,
    true
);

-- [4/4] UM DATABASE - umst_user_role
INSERT INTO um.umst_user_role (
    user_role_id, uid, role_id, unit_id, operated_on, operated_by, tenant_id, is_data_ported
) VALUES (
    444303467162460, 
    103, 
    120878848, 
    NULL, 
    NOW(), 
    531773952, 
    531802112, 
    true
);

-- ----------------------------------------------------------------------


================================================================================
-- Employee: Sahil Thakur  (13281.0)
-- Employee ID: 108 | UID: 104 | User Role ID: 444303467162461
================================================================================

-- [1/4] WAMIS DATABASE - amsm_employee
INSERT INTO wamis.amsm_employee (
    employee_id, emp_num, title, first_name, middle_name, last_name, full_name,
    office_id, is_active, operated_by, operated_on, tenant_id, status,
    joining_date, relieving_date, is_service_change, is_data_ported
) VALUES (
    108,
    '13281',
    'Mr.',
    'Sahil',
    NULL,
    'Thakur',
    'Sahil Thakur',
    NULL,
    'Y', 531773952, NOW(), 531802112,
    'A',
    '2013-09-28',
    NULL,
    'N',
    true
);

-- [2/4] WAMIS DATABASE - amsm_employee_service
INSERT INTO wamis.amsm_employee_service (
    office_id, employee_id, designation_id, is_additional_charge,
    start_date, end_date, operated_by, operated_on, tenant_id,
    is_latest, anfn, status, is_data_ported
) VALUES (
    NULL,
    108,
    4,
    'N',
    '2023-05-09',
    NULL,
    531773952, NOW(), 531802112,
    'Y', 'A', 'A', true
);

-- [3/4] UM DATABASE - umsm_user
INSERT INTO um.umsm_user (
    uid, user_id, email_id, mobile_no, "password", old_password,
    employee_status, is_admin_user, is_internally_mapped,
    valid_from, valid_till, operated_on, operated_by, password_changed_on,
    "name", designation, company, tenant_id, designation_id, employee_id, is_data_ported
) VALUES (
    104, 
    '13281', 
    'gAAAAABpLnu_OW0gPzGbVWvt0t2r8zobKwkb7qEE9iRUwrOqhAyJP-bq-UI6ywkHt_iGBYfjsu5N5UlribOtbCMENViaL-H3ip26-gDHyt-j2NYF1VrWCoQ=', 
    'gAAAAABpLnu_OHzs70DxCxfjnJJ12i7B9Nq8m1UBEcOFopRdkm3ARCG5oWs1KmAqiwkgm5fHrmucLnqv-RIymZRAsMzKOKgIGg==', 
    '$2a$10$E9.YM/JWMio2o.EmsAiSeOPci1yOiuxsq7rrMi2lqxMq8WCTSQjya',
    '',
    'A', 'N', 'N',
    '2023-05-09', NULL,
    NOW(), 531773952, NULL,
    'Sahil Thakur',
    'OTHER',
    HPPWD,
    531802112,
    4,
    108,
    true
);

-- [4/4] UM DATABASE - umst_user_role
INSERT INTO um.umst_user_role (
    user_role_id, uid, role_id, unit_id, operated_on, operated_by, tenant_id, is_data_ported
) VALUES (
    444303467162461, 
    104, 
    None, 
    NULL, 
    NOW(), 
    531773952, 
    531802112, 
    true
);

-- ----------------------------------------------------------------------


================================================================================
-- Employee: Arjun Katoch  (53977.0)
-- Employee ID: 109 | UID: 105 | User Role ID: 444303467162462
================================================================================

-- [1/4] WAMIS DATABASE - amsm_employee
INSERT INTO wamis.amsm_employee (
    employee_id, emp_num, title, first_name, middle_name, last_name, full_name,
    office_id, is_active, operated_by, operated_on, tenant_id, status,
    joining_date, relieving_date, is_service_change, is_data_ported
) VALUES (
    109,
    '53977',
    'Mr.',
    'Arjun',
    NULL,
    'Katoch',
    'Arjun Katoch',
    385,
    'Y', 531773952, NOW(), 531802112,
    'A',
    '2017-08-29',
    NULL,
    'N',
    true
);

-- [2/4] WAMIS DATABASE - amsm_employee_service
INSERT INTO wamis.amsm_employee_service (
    office_id, employee_id, designation_id, is_additional_charge,
    start_date, end_date, operated_by, operated_on, tenant_id,
    is_latest, anfn, status, is_data_ported
) VALUES (
    385,
    109,
    1,
    'N',
    '2024-03-05',
    NULL,
    531773952, NOW(), 531802112,
    'Y', 'A', 'A', true
);

-- [3/4] UM DATABASE - umsm_user
INSERT INTO um.umsm_user (
    uid, user_id, email_id, mobile_no, "password", old_password,
    employee_status, is_admin_user, is_internally_mapped,
    valid_from, valid_till, operated_on, operated_by, password_changed_on,
    "name", designation, company, tenant_id, designation_id, employee_id, is_data_ported
) VALUES (
    105, 
    '53977', 
    'gAAAAABpLnu_jwrTWNRuCJ8bRRmchSUz_k25wI3MTofsZ1b4n5nl-fOKFA_mYSW_rKC7SdjrlSHLCkShLNIWQqQjcTtpm9Pw8kDARJEr_ZPzBukwNZW2-SE=', 
    'gAAAAABpLnu_D6v9ob3L1R1-bfh-M9xFSfGlxEeSBRDBNz644-ucrUNMXq-VmTvMK6O2t0t0k1lqiE2tILAvpnvE0Er8n5Q1pA==', 
    '$2a$10$E9.YM/JWMio2o.EmsAiSeOPci1yOiuxsq7rrMi2lqxMq8WCTSQjya',
    '',
    'A', 'N', 'N',
    '2024-03-05', NULL,
    NOW(), 531773952, NULL,
    'Arjun Katoch',
    'JUNIOR ENGINEER',
    HPPWD,
    531802112,
    1,
    109,
    true
);

-- [4/4] UM DATABASE - umst_user_role
INSERT INTO um.umst_user_role (
    user_role_id, uid, role_id, unit_id, operated_on, operated_by, tenant_id, is_data_ported
) VALUES (
    444303467162462, 
    105, 
    120878848, 
    385, 
    NOW(), 
    531773952, 
    531802112, 
    true
);

-- ----------------------------------------------------------------------


================================================================================
-- Employee: Jitender Thakur (55029.0)
-- Employee ID: 110 | UID: 106 | User Role ID: 444303467162463
================================================================================

-- [1/4] WAMIS DATABASE - amsm_employee
INSERT INTO wamis.amsm_employee (
    employee_id, emp_num, title, first_name, middle_name, last_name, full_name,
    office_id, is_active, operated_by, operated_on, tenant_id, status,
    joining_date, relieving_date, is_service_change, is_data_ported
) VALUES (
    110,
    '55029',
    'Mr.',
    'Jitender',
    NULL,
    'Thakur',
    'Jitender Thakur',
    384,
    'Y', 531773952, NOW(), 531802112,
    'A',
    '2016-02-23',
    NULL,
    'N',
    true
);

-- [2/4] WAMIS DATABASE - amsm_employee_service
INSERT INTO wamis.amsm_employee_service (
    office_id, employee_id, designation_id, is_additional_charge,
    start_date, end_date, operated_by, operated_on, tenant_id,
    is_latest, anfn, status, is_data_ported
) VALUES (
    384,
    110,
    1,
    'N',
    '2022-09-09',
    NULL,
    531773952, NOW(), 531802112,
    'Y', 'A', 'A', true
);

-- [3/4] UM DATABASE - umsm_user
INSERT INTO um.umsm_user (
    uid, user_id, email_id, mobile_no, "password", old_password,
    employee_status, is_admin_user, is_internally_mapped,
    valid_from, valid_till, operated_on, operated_by, password_changed_on,
    "name", designation, company, tenant_id, designation_id, employee_id, is_data_ported
) VALUES (
    106, 
    '55029', 
    'gAAAAABpLnu_IlTDq5S9ttGEsU9OClG6RtQJrvsvhLgOWsi2hM4rvjUWg7NsWcIFiMVnLAyJgD6eHlAc44Y4a9SvSHdkpZWfTXD2m8f9lXmta3GdDAu_BS8=', 
    'gAAAAABpLnu_Vak8qwARfsUpIxqHVU6xrXjNlf4yDUE8NykiY-nVT4AYcwuz6JB4xWKvz9UOaQEkO54hGm9aYz9vmme_EAhIvw==', 
    '$2a$10$E9.YM/JWMio2o.EmsAiSeOPci1yOiuxsq7rrMi2lqxMq8WCTSQjya',
    '',
    'A', 'N', 'N',
    '2022-09-09', NULL,
    NOW(), 531773952, NULL,
    'Jitender Thakur',
    'JUNIOR ENGINEER',
    HPPWD,
    531802112,
    1,
    110,
    true
);

-- [4/4] UM DATABASE - umst_user_role
INSERT INTO um.umst_user_role (
    user_role_id, uid, role_id, unit_id, operated_on, operated_by, tenant_id, is_data_ported
) VALUES (
    444303467162463, 
    106, 
    120878848, 
    384, 
    NOW(), 
    531773952, 
    531802112, 
    true
);

-- ----------------------------------------------------------------------


================================================================================
-- Employee: Satish Kumar  (45707.0)
-- Employee ID: 111 | UID: 107 | User Role ID: 444303467162464
================================================================================

-- [1/4] WAMIS DATABASE - amsm_employee
INSERT INTO wamis.amsm_employee (
    employee_id, emp_num, title, first_name, middle_name, last_name, full_name,
    office_id, is_active, operated_by, operated_on, tenant_id, status,
    joining_date, relieving_date, is_service_change, is_data_ported
) VALUES (
    111,
    '45707',
    'Mr.',
    'Satish',
    NULL,
    'Kumar',
    'Satish Kumar',
    382,
    'Y', 531773952, NOW(), 531802112,
    'A',
    '1999-04-01',
    NULL,
    'N',
    true
);

-- [2/4] WAMIS DATABASE - amsm_employee_service
INSERT INTO wamis.amsm_employee_service (
    office_id, employee_id, designation_id, is_additional_charge,
    start_date, end_date, operated_by, operated_on, tenant_id,
    is_latest, anfn, status, is_data_ported
) VALUES (
    382,
    111,
    2,
    'N',
    '2023-11-28',
    NULL,
    531773952, NOW(), 531802112,
    'Y', 'A', 'A', true
);

-- [3/4] UM DATABASE - umsm_user
INSERT INTO um.umsm_user (
    uid, user_id, email_id, mobile_no, "password", old_password,
    employee_status, is_admin_user, is_internally_mapped,
    valid_from, valid_till, operated_on, operated_by, password_changed_on,
    "name", designation, company, tenant_id, designation_id, employee_id, is_data_ported
) VALUES (
    107, 
    '45707', 
    'gAAAAABpLnu_jEncBgjBpQUPWJ486S7xepOx96VAorK1egHPmCoiB3T1Ht9XHNZV58U59BEtM0W6kMnrSOpvFpTzQuIMvvlXz4mraBSUdb-DizmNKJTwH3M=', 
    'gAAAAABpLnu_lN2iSTz7bW5xF8GeyiDiKJOWx7uL6gJTv_7xPiV-grfNsmqOx-f_UbeB-UN6sG6npBTc80t-VApUG8-DdtPI9Q==', 
    '$2a$10$E9.YM/JWMio2o.EmsAiSeOPci1yOiuxsq7rrMi2lqxMq8WCTSQjya',
    '',
    'A', 'N', 'N',
    '2023-11-28', NULL,
    NOW(), 531773952, NULL,
    'Satish Kumar',
    'ASSISTANT ENGINEER',
    HPPWD,
    531802112,
    2,
    111,
    true
);

-- [4/4] UM DATABASE - umst_user_role
INSERT INTO um.umst_user_role (
    user_role_id, uid, role_id, unit_id, operated_on, operated_by, tenant_id, is_data_ported
) VALUES (
    444303467162464, 
    107, 
    120882432, 
    382, 
    NOW(), 
    531773952, 
    531802112, 
    true
);

-- ----------------------------------------------------------------------


================================================================================
-- Employee: Khem Chand  (37866.0)
-- Employee ID: 112 | UID: 108 | User Role ID: 444303467162465
================================================================================

-- [1/4] WAMIS DATABASE - amsm_employee
INSERT INTO wamis.amsm_employee (
    employee_id, emp_num, title, first_name, middle_name, last_name, full_name,
    office_id, is_active, operated_by, operated_on, tenant_id, status,
    joining_date, relieving_date, is_service_change, is_data_ported
) VALUES (
    112,
    '37866',
    'Mr.',
    'Khem',
    NULL,
    'Chand',
    'Khem Chand',
    389,
    'Y', 531773952, NOW(), 531802112,
    'A',
    '2007-01-09',
    NULL,
    'N',
    true
);

-- [2/4] WAMIS DATABASE - amsm_employee_service
INSERT INTO wamis.amsm_employee_service (
    office_id, employee_id, designation_id, is_additional_charge,
    start_date, end_date, operated_by, operated_on, tenant_id,
    is_latest, anfn, status, is_data_ported
) VALUES (
    389,
    112,
    1,
    'N',
    '2024-08-01',
    NULL,
    531773952, NOW(), 531802112,
    'Y', 'A', 'A', true
);

-- [3/4] UM DATABASE - umsm_user
INSERT INTO um.umsm_user (
    uid, user_id, email_id, mobile_no, "password", old_password,
    employee_status, is_admin_user, is_internally_mapped,
    valid_from, valid_till, operated_on, operated_by, password_changed_on,
    "name", designation, company, tenant_id, designation_id, employee_id, is_data_ported
) VALUES (
    108, 
    '37866', 
    'gAAAAABpLnu__-I9O6-TTSoM7ylR8i2Mz8j4McGzMKeD62eFGQIOpilI_2gA99Lj-oRZNAMFxUi4QVLfATchc22GxnrAzF1pNKgFaikyLKOgtmeil_SV0nk=', 
    'gAAAAABpLnu_WgTsw-ZRSxCeiKV4SjAZ-qr8ifeU-H-XSCnzbT2v_3v8GVYb-CR2o1WaIjd95ApU2V5TqwtkzL9JyRRud88fyg==', 
    '$2a$10$E9.YM/JWMio2o.EmsAiSeOPci1yOiuxsq7rrMi2lqxMq8WCTSQjya',
    '',
    'A', 'N', 'N',
    '2024-08-01', NULL,
    NOW(), 531773952, NULL,
    'Khem Chand',
    'JUNIOR ENGINEER',
    HPPWD,
    531802112,
    1,
    112,
    true
);

-- [4/4] UM DATABASE - umst_user_role
INSERT INTO um.umst_user_role (
    user_role_id, uid, role_id, unit_id, operated_on, operated_by, tenant_id, is_data_ported
) VALUES (
    444303467162465, 
    108, 
    120878848, 
    389, 
    NOW(), 
    531773952, 
    531802112, 
    true
);

-- ----------------------------------------------------------------------


================================================================================
-- Employee: Bharat Bhushan Gupta  (54181.0)
-- Employee ID: 113 | UID: 109 | User Role ID: 444303467162466
================================================================================

-- [1/4] WAMIS DATABASE - amsm_employee
INSERT INTO wamis.amsm_employee (
    employee_id, emp_num, title, first_name, middle_name, last_name, full_name,
    office_id, is_active, operated_by, operated_on, tenant_id, status,
    joining_date, relieving_date, is_service_change, is_data_ported
) VALUES (
    113,
    '54181',
    'Mr.',
    'Bharat',
    'Bhushan',
    'Gupta',
    'Bharat Bhushan Gupta',
    390,
    'Y', 531773952, NOW(), 531802112,
    'A',
    '2012-05-03',
    NULL,
    'N',
    true
);

-- [2/4] WAMIS DATABASE - amsm_employee_service
INSERT INTO wamis.amsm_employee_service (
    office_id, employee_id, designation_id, is_additional_charge,
    start_date, end_date, operated_by, operated_on, tenant_id,
    is_latest, anfn, status, is_data_ported
) VALUES (
    390,
    113,
    1,
    'N',
    '2024-02-21',
    NULL,
    531773952, NOW(), 531802112,
    'Y', 'A', 'A', true
);

-- [3/4] UM DATABASE - umsm_user
INSERT INTO um.umsm_user (
    uid, user_id, email_id, mobile_no, "password", old_password,
    employee_status, is_admin_user, is_internally_mapped,
    valid_from, valid_till, operated_on, operated_by, password_changed_on,
    "name", designation, company, tenant_id, designation_id, employee_id, is_data_ported
) VALUES (
    109, 
    '54181', 
    'gAAAAABpLnu_jtzdTScmrYTmYuxfvuX1n-Ei5Clb9DYMqiZtbI3RyaESrc6tuqi1oUYao3jS_kHfmcFzv-CxEILWSuKSpEUWnEBxjTeB-6pYuhhkElXOC3c=', 
    'gAAAAABpLnu_sgLZwFLS1v5d-YDzHA5lU4gGVic7vYxuRTZfPPqsXUG9X1BoBJoXrWBArXNUY19sI4qb8LlrtnwkayHamZ8bHQ==', 
    '$2a$10$E9.YM/JWMio2o.EmsAiSeOPci1yOiuxsq7rrMi2lqxMq8WCTSQjya',
    '',
    'A', 'N', 'N',
    '2024-02-21', NULL,
    NOW(), 531773952, NULL,
    'Bharat Bhushan Gupta',
    'JUNIOR ENGINEER',
    HPPWD,
    531802112,
    1,
    113,
    true
);

-- [4/4] UM DATABASE - umst_user_role
INSERT INTO um.umst_user_role (
    user_role_id, uid, role_id, unit_id, operated_on, operated_by, tenant_id, is_data_ported
) VALUES (
    444303467162466, 
    109, 
    120878848, 
    390, 
    NOW(), 
    531773952, 
    531802112, 
    true
);

-- ----------------------------------------------------------------------


================================================================================
-- Employee: Yugal Kishore (52217.0)
-- Employee ID: 114 | UID: 110 | User Role ID: 444303467162467
================================================================================

-- [1/4] WAMIS DATABASE - amsm_employee
INSERT INTO wamis.amsm_employee (
    employee_id, emp_num, title, first_name, middle_name, last_name, full_name,
    office_id, is_active, operated_by, operated_on, tenant_id, status,
    joining_date, relieving_date, is_service_change, is_data_ported
) VALUES (
    114,
    '52217',
    'Mr.',
    'Yugal',
    NULL,
    'Kishore',
    'Yugal Kishore',
    381,
    'Y', 531773952, NOW(), 531802112,
    'A',
    '2015-11-09',
    NULL,
    'N',
    true
);

-- [2/4] WAMIS DATABASE - amsm_employee_service
INSERT INTO wamis.amsm_employee_service (
    office_id, employee_id, designation_id, is_additional_charge,
    start_date, end_date, operated_by, operated_on, tenant_id,
    is_latest, anfn, status, is_data_ported
) VALUES (
    381,
    114,
    2,
    'N',
    '2025-07-01',
    NULL,
    531773952, NOW(), 531802112,
    'Y', 'A', 'A', true
);

-- [3/4] UM DATABASE - umsm_user
INSERT INTO um.umsm_user (
    uid, user_id, email_id, mobile_no, "password", old_password,
    employee_status, is_admin_user, is_internally_mapped,
    valid_from, valid_till, operated_on, operated_by, password_changed_on,
    "name", designation, company, tenant_id, designation_id, employee_id, is_data_ported
) VALUES (
    110, 
    '52217', 
    'gAAAAABpLnu_O2d6Z-X-3T-k9eKz2IknFCdaQZ3c2oBolEKTIPX-9Bt0GzVOyMqh-229wZxo9Gl6gj6But5dOpqiRWFybXfyx5-Hv2iOSBkZMUSMPOTgXOU=', 
    'gAAAAABpLnu_peYCKiJmRbS1RlTQFAVGUJZJ93C3y-1B_xSrDVPrO4KdY21t0KsjZGajTnniXYbOHSDvSyo4KWVznDPIPdjguA==', 
    '$2a$10$E9.YM/JWMio2o.EmsAiSeOPci1yOiuxsq7rrMi2lqxMq8WCTSQjya',
    '',
    'A', 'N', 'N',
    '2025-07-01', NULL,
    NOW(), 531773952, NULL,
    'Yugal Kishore',
    'ASSISTANT ENGINEER',
    HPPWD,
    531802112,
    2,
    114,
    true
);

-- [4/4] UM DATABASE - umst_user_role
INSERT INTO um.umst_user_role (
    user_role_id, uid, role_id, unit_id, operated_on, operated_by, tenant_id, is_data_ported
) VALUES (
    444303467162467, 
    110, 
    120882432, 
    381, 
    NOW(), 
    531773952, 
    531802112, 
    true
);

-- ----------------------------------------------------------------------


================================================================================
-- Employee: Dhameshwar Ram  (50434.0)
-- Employee ID: 115 | UID: 111 | User Role ID: 444303467162468
================================================================================

-- [1/4] WAMIS DATABASE - amsm_employee
INSERT INTO wamis.amsm_employee (
    employee_id, emp_num, title, first_name, middle_name, last_name, full_name,
    office_id, is_active, operated_by, operated_on, tenant_id, status,
    joining_date, relieving_date, is_service_change, is_data_ported
) VALUES (
    115,
    '50434',
    'Mr.',
    'Dhameshwar',
    NULL,
    'Ram',
    'Dhameshwar Ram',
    NULL,
    'Y', 531773952, NOW(), 531802112,
    'A',
    '2012-09-19',
    NULL,
    'N',
    true
);

-- [2/4] WAMIS DATABASE - amsm_employee_service
INSERT INTO wamis.amsm_employee_service (
    office_id, employee_id, designation_id, is_additional_charge,
    start_date, end_date, operated_by, operated_on, tenant_id,
    is_latest, anfn, status, is_data_ported
) VALUES (
    NULL,
    115,
    4,
    'N',
    '2024-08-21',
    NULL,
    531773952, NOW(), 531802112,
    'Y', 'A', 'A', true
);

-- [3/4] UM DATABASE - umsm_user
INSERT INTO um.umsm_user (
    uid, user_id, email_id, mobile_no, "password", old_password,
    employee_status, is_admin_user, is_internally_mapped,
    valid_from, valid_till, operated_on, operated_by, password_changed_on,
    "name", designation, company, tenant_id, designation_id, employee_id, is_data_ported
) VALUES (
    111, 
    '50434', 
    'gAAAAABpLnu_kjFNVCEV7bIA3xJliuW_xYlcUG7IrZB79mk9Fy7p2nMr0x57gTGY3tyugcMYlX0oUJAwuaeep-QegT64QO1F-I5_FIFaczR9fwXRtRWk1js=', 
    'gAAAAABpLnu_p-pXhzB-sM_u8p02uOSPz89bl3nsJlA2hMaM8n87aYckv6pEJaZ-5vWGFo_4Wj5IuhgKII7hZHaV3SHNfC_2FQ==', 
    '$2a$10$E9.YM/JWMio2o.EmsAiSeOPci1yOiuxsq7rrMi2lqxMq8WCTSQjya',
    '',
    'A', 'N', 'N',
    '2024-08-21', NULL,
    NOW(), 531773952, NULL,
    'Dhameshwar Ram',
    'OTHER',
    HPPWD,
    531802112,
    4,
    115,
    true
);

-- [4/4] UM DATABASE - umst_user_role
INSERT INTO um.umst_user_role (
    user_role_id, uid, role_id, unit_id, operated_on, operated_by, tenant_id, is_data_ported
) VALUES (
    444303467162468, 
    111, 
    None, 
    NULL, 
    NOW(), 
    531773952, 
    531802112, 
    true
);

-- ----------------------------------------------------------------------


================================================================================
-- Employee: Suresh Kumar  (50542.0)
-- Employee ID: 116 | UID: 112 | User Role ID: 444303467162469
================================================================================

-- [1/4] WAMIS DATABASE - amsm_employee
INSERT INTO wamis.amsm_employee (
    employee_id, emp_num, title, first_name, middle_name, last_name, full_name,
    office_id, is_active, operated_by, operated_on, tenant_id, status,
    joining_date, relieving_date, is_service_change, is_data_ported
) VALUES (
    116,
    '50542',
    'Mr.',
    'Suresh',
    NULL,
    'Kumar',
    'Suresh Kumar',
    386,
    'Y', 531773952, NOW(), 531802112,
    'A',
    '2013-09-30',
    NULL,
    'N',
    true
);

-- [2/4] WAMIS DATABASE - amsm_employee_service
INSERT INTO wamis.amsm_employee_service (
    office_id, employee_id, designation_id, is_additional_charge,
    start_date, end_date, operated_by, operated_on, tenant_id,
    is_latest, anfn, status, is_data_ported
) VALUES (
    386,
    116,
    1,
    'N',
    '2022-06-29',
    NULL,
    531773952, NOW(), 531802112,
    'Y', 'A', 'A', true
);

-- [3/4] UM DATABASE - umsm_user
INSERT INTO um.umsm_user (
    uid, user_id, email_id, mobile_no, "password", old_password,
    employee_status, is_admin_user, is_internally_mapped,
    valid_from, valid_till, operated_on, operated_by, password_changed_on,
    "name", designation, company, tenant_id, designation_id, employee_id, is_data_ported
) VALUES (
    112, 
    '50542', 
    'gAAAAABpLnu_3zEOIKg2lhgK5FxBRwGPM6nBW2ZiHTRKD5hcEDcjSFyBSKxBPGjzK62cSx3sVGlvSVcp-LqF-y40dWt6fBe9fJObZnIaeSHbUCYbeHZiTP8=', 
    'gAAAAABpLnu_EFPyQjo7MgXatdCHBWanCq-go_jLLcmqLSRBakC0Ch1mKB_i-2L5s80h3dH3CJdd8m3nLmPIVPYYNZ5o5VF-Yg==', 
    '$2a$10$E9.YM/JWMio2o.EmsAiSeOPci1yOiuxsq7rrMi2lqxMq8WCTSQjya',
    '',
    'A', 'N', 'N',
    '2022-06-29', NULL,
    NOW(), 531773952, NULL,
    'Suresh Kumar',
    'JUNIOR ENGINEER',
    HPPWD,
    531802112,
    1,
    116,
    true
);

-- [4/4] UM DATABASE - umst_user_role
INSERT INTO um.umst_user_role (
    user_role_id, uid, role_id, unit_id, operated_on, operated_by, tenant_id, is_data_ported
) VALUES (
    444303467162469, 
    112, 
    120878848, 
    386, 
    NOW(), 
    531773952, 
    531802112, 
    true
);

-- ----------------------------------------------------------------------


================================================================================
-- Employee: Manoj Kumar  (38013.0)
-- Employee ID: 117 | UID: 113 | User Role ID: 444303467162470
================================================================================

-- [1/4] WAMIS DATABASE - amsm_employee
INSERT INTO wamis.amsm_employee (
    employee_id, emp_num, title, first_name, middle_name, last_name, full_name,
    office_id, is_active, operated_by, operated_on, tenant_id, status,
    joining_date, relieving_date, is_service_change, is_data_ported
) VALUES (
    117,
    '38013',
    'Mr.',
    'Manoj',
    NULL,
    'Kumar',
    'Manoj Kumar',
    387,
    'Y', 531773952, NOW(), 531802112,
    'A',
    '1994-07-21',
    NULL,
    'N',
    true
);

-- [2/4] WAMIS DATABASE - amsm_employee_service
INSERT INTO wamis.amsm_employee_service (
    office_id, employee_id, designation_id, is_additional_charge,
    start_date, end_date, operated_by, operated_on, tenant_id,
    is_latest, anfn, status, is_data_ported
) VALUES (
    387,
    117,
    1,
    'N',
    '2024-07-12',
    NULL,
    531773952, NOW(), 531802112,
    'Y', 'A', 'A', true
);

-- [3/4] UM DATABASE - umsm_user
INSERT INTO um.umsm_user (
    uid, user_id, email_id, mobile_no, "password", old_password,
    employee_status, is_admin_user, is_internally_mapped,
    valid_from, valid_till, operated_on, operated_by, password_changed_on,
    "name", designation, company, tenant_id, designation_id, employee_id, is_data_ported
) VALUES (
    113, 
    '38013', 
    'gAAAAABpLnu__jisDb-xNw41qmqvHE-8HZvSDkoa91jLrJDOc9nXJlIKgP_IVM3MuaBKeQDVqf697v6pyO5fAUcmfbi95zkDhEftlPSq38wRJC5ASUP8W_Y=', 
    'gAAAAABpLnu_n76fCancjDjvz6aULneE5qhGZNb0RwGSKCw8vExUCKwLyYdpOagZOOanog05YCNF00dJqtW9qc7_aXdcOHv2rg==', 
    '$2a$10$E9.YM/JWMio2o.EmsAiSeOPci1yOiuxsq7rrMi2lqxMq8WCTSQjya',
    '',
    'A', 'N', 'N',
    '2024-07-12', NULL,
    NOW(), 531773952, NULL,
    'Manoj Kumar',
    'JUNIOR ENGINEER',
    HPPWD,
    531802112,
    1,
    117,
    true
);

-- [4/4] UM DATABASE - umst_user_role
INSERT INTO um.umst_user_role (
    user_role_id, uid, role_id, unit_id, operated_on, operated_by, tenant_id, is_data_ported
) VALUES (
    444303467162470, 
    113, 
    120878848, 
    387, 
    NOW(), 
    531773952, 
    531802112, 
    true
);

-- ----------------------------------------------------------------------


================================================================================
-- Employee: Pushp Raj  (14559.0)
-- Employee ID: 118 | UID: 114 | User Role ID: 444303467162471
================================================================================

-- [1/4] WAMIS DATABASE - amsm_employee
INSERT INTO wamis.amsm_employee (
    employee_id, emp_num, title, first_name, middle_name, last_name, full_name,
    office_id, is_active, operated_by, operated_on, tenant_id, status,
    joining_date, relieving_date, is_service_change, is_data_ported
) VALUES (
    118,
    '14559',
    'Mr.',
    'Pushp',
    NULL,
    'Raj',
    'Pushp Raj',
    388,
    'Y', 531773952, NOW(), 531802112,
    'A',
    '2001-01-01',
    NULL,
    'N',
    true
);

-- [2/4] WAMIS DATABASE - amsm_employee_service
INSERT INTO wamis.amsm_employee_service (
    office_id, employee_id, designation_id, is_additional_charge,
    start_date, end_date, operated_by, operated_on, tenant_id,
    is_latest, anfn, status, is_data_ported
) VALUES (
    388,
    118,
    1,
    'N',
    '2024-03-16',
    NULL,
    531773952, NOW(), 531802112,
    'Y', 'A', 'A', true
);

-- [3/4] UM DATABASE - umsm_user
INSERT INTO um.umsm_user (
    uid, user_id, email_id, mobile_no, "password", old_password,
    employee_status, is_admin_user, is_internally_mapped,
    valid_from, valid_till, operated_on, operated_by, password_changed_on,
    "name", designation, company, tenant_id, designation_id, employee_id, is_data_ported
) VALUES (
    114, 
    '14559', 
    'gAAAAABpLnu_0od-rB2ao03wGO4EM3W37XMad4ur81tE7x0VKk8LoxuE1AMAcb0pYaWJVJYlAHtZB_B-x3qgLvjYjZoohKOsdgTf1IQEZtW3fwC04dGXX4E=', 
    'gAAAAABpLnu_9djMkYuEflIHyYo7lChtGRqBFnxs505iXckso--vofs3qoOGVtpC1T3uOpNjkJ-cZj7Xo3ask30vaOjTf9t1fg==', 
    '$2a$10$E9.YM/JWMio2o.EmsAiSeOPci1yOiuxsq7rrMi2lqxMq8WCTSQjya',
    '',
    'A', 'N', 'N',
    '2024-03-16', NULL,
    NOW(), 531773952, NULL,
    'Pushp Raj',
    'JUNIOR ENGINEER',
    HPPWD,
    531802112,
    1,
    118,
    true
);

-- [4/4] UM DATABASE - umst_user_role
INSERT INTO um.umst_user_role (
    user_role_id, uid, role_id, unit_id, operated_on, operated_by, tenant_id, is_data_ported
) VALUES (
    444303467162471, 
    114, 
    120878848, 
    388, 
    NOW(), 
    531773952, 
    531802112, 
    true
);

-- ----------------------------------------------------------------------

COMMIT;

-- Total records processed: 25
-- Total errors: 0