-- Generated SQL Insert Queries
-- Generated on: 2025-12-02 11:03:51
-- ================================================================================
BEGIN;


================================================================================
-- Employee: Devi Ram  (34679.0)
-- Employee ID: 94 | UID: 90 | User Role ID: None
================================================================================

-- [1/4] WAMIS DATABASE - amsm_employee
INSERT INTO wamis.amsm_employee (
    employee_id, emp_num, title, first_name, middle_name, last_name, full_name,
    office_id, is_active, operated_by, operated_on, tenant_id, status,
    joining_date, relieving_date, is_service_change, is_data_ported
) VALUES (
    94,
    '34679',
    'Mr.',
    'Devi',
    NULL,
    'Ram',
    'Devi Ram',
    NULL,
    'Y', 531773952, NOW(), 531802112,
    'A',
    '1992-09-05',
    NULL,
    'N',
    true
);

-- [2/4] WAMIS DATABASE - amsm_employee_service
INSERT INTO wamis.amsm_employee_service (
    office_id, employee_id, designation_id, is_additional_charge,
    start_date, end_date, operated_by, operated_on, tenant_id,
    is_latest, anfn, status, is_data_ported
) VALUES (
    NULL,
    94,
    3,
    'N',
    '2023-04-03',
    NULL,
    531773952, NOW(), 531802112,
    'Y', 'A', 'A', true
);

-- [3/4] UM DATABASE - umsm_user
INSERT INTO um.umsm_user (
    uid, user_id, email_id, mobile_no, "password", old_password,
    employee_status, is_admin_user, is_internally_mapped,
    valid_from, valid_till, operated_on, operated_by, password_changed_on,
    "name", designation, company, tenant_id, designation_id, employee_id, is_data_ported
) VALUES (
    90, 
    '34679', 
    'gAAAAABpLno_ZnHrIx0OdKyehJpZ3rVHG136LxY1ytzKmLfTgWhnB7_EpdyZE5WQQBUn-UXzkAhlmRXSgYvvvfTcWzB2iCXVBTVKeuuAIJ1zD_C5PW66I9U=', 
    'gAAAAABpLno__y3Y9QSnPiUfRc421v5NQ64A3rySaaGBm1QSIBOOkU1h2nCvvIFHGqXwaRpmkNgKHskp1yr0_-lWkmNxiRNfOg==', 
    '$2a$10$E9.YM/JWMio2o.EmsAiSeOPci1yOiuxsq7rrMi2lqxMq8WCTSQjya',
    '',
    'A', 'N', 'N',
    '2023-04-03', NULL,
    NOW(), 531773952, NULL,
    'Devi Ram',
    'EXECUTIVE ENGINEER',
    'HPPWD',
    531802112,
    3,
    94,
    true
);

-- [4/4] UM DATABASE - umst_user_role
INSERT INTO um.umst_user_role (
    user_role_id, uid, role_id, unit_id, operated_on, operated_by, tenant_id, is_data_ported
) VALUES (
    None, 
    90, 
    None, 
    NULL, 
    NOW(), 
    531773952, 
    531802112, 
    true
);

-- ----------------------------------------------------------------------


================================================================================
-- Employee: Ram Kumar Sharma  (11425.0)
-- Employee ID: 95 | UID: 91 | User Role ID: 120882432
================================================================================

-- [1/4] WAMIS DATABASE - amsm_employee
INSERT INTO wamis.amsm_employee (
    employee_id, emp_num, title, first_name, middle_name, last_name, full_name,
    office_id, is_active, operated_by, operated_on, tenant_id, status,
    joining_date, relieving_date, is_service_change, is_data_ported
) VALUES (
    95,
    '11425',
    'Mr.',
    'Ram',
    'Kumar',
    'Sharma',
    'Ram Kumar Sharma',
    NULL,
    'Y', 531773952, NOW(), 531802112,
    'A',
    '2007-07-18',
    NULL,
    'N',
    true
);

-- [2/4] WAMIS DATABASE - amsm_employee_service
INSERT INTO wamis.amsm_employee_service (
    office_id, employee_id, designation_id, is_additional_charge,
    start_date, end_date, operated_by, operated_on, tenant_id,
    is_latest, anfn, status, is_data_ported
) VALUES (
    NULL,
    95,
    2,
    'N',
    '2023-08-05',
    NULL,
    531773952, NOW(), 531802112,
    'Y', 'A', 'A', true
);

-- [3/4] UM DATABASE - umsm_user
INSERT INTO um.umsm_user (
    uid, user_id, email_id, mobile_no, "password", old_password,
    employee_status, is_admin_user, is_internally_mapped,
    valid_from, valid_till, operated_on, operated_by, password_changed_on,
    "name", designation, company, tenant_id, designation_id, employee_id, is_data_ported
) VALUES (
    91, 
    '11425', 
    'gAAAAABpLno_uJURqwePJtjcVyT-TGn430HHuGiE0E5xGZh71UmaKVKwFDGkA-BBBDTqoWjI53AK8fjVckx7BYtZT381NqHcHLbf3eL9-hdQKcf5tdp6Kr8=', 
    'gAAAAABpLno_uA7sxAjNUcq8IZ07QcHWlkhTOU0nG3rvuYEy_d3xLJkqWy8OSmLKanCAkk5M2StRi8dtJYK9r4BnsqdwK1dwGg==', 
    '$2a$10$E9.YM/JWMio2o.EmsAiSeOPci1yOiuxsq7rrMi2lqxMq8WCTSQjya',
    '',
    'A', 'N', 'N',
    '2023-08-05', NULL,
    NOW(), 531773952, NULL,
    'Ram Kumar Sharma',
    'ASSISTANT ENGINEER',
    'HPPWD',
    531802112,
    2,
    95,
    true
);

-- [4/4] UM DATABASE - umst_user_role
INSERT INTO um.umst_user_role (
    user_role_id, uid, role_id, unit_id, operated_on, operated_by, tenant_id, is_data_ported
) VALUES (
    120882432, 
    91, 
    120882432, 
    NULL, 
    NOW(), 
    531773952, 
    531802112, 
    true
);

-- ----------------------------------------------------------------------


================================================================================
-- Employee: Sushil Kumar  (45354.0)
-- Employee ID: 96 | UID: 92 | User Role ID: None
================================================================================

-- [1/4] WAMIS DATABASE - amsm_employee
INSERT INTO wamis.amsm_employee (
    employee_id, emp_num, title, first_name, middle_name, last_name, full_name,
    office_id, is_active, operated_by, operated_on, tenant_id, status,
    joining_date, relieving_date, is_service_change, is_data_ported
) VALUES (
    96,
    '45354',
    'Mr.',
    'Sushil',
    NULL,
    'Kumar',
    'Sushil Kumar',
    349,
    'Y', 531773952, NOW(), 531802112,
    'A',
    '2004-12-20',
    NULL,
    'N',
    true
);

-- [2/4] WAMIS DATABASE - amsm_employee_service
INSERT INTO wamis.amsm_employee_service (
    office_id, employee_id, designation_id, is_additional_charge,
    start_date, end_date, operated_by, operated_on, tenant_id,
    is_latest, anfn, status, is_data_ported
) VALUES (
    349,
    96,
    6,
    'N',
    '2025-10-18',
    NULL,
    531773952, NOW(), 531802112,
    'Y', 'A', 'A', true
);

-- [3/4] UM DATABASE - umsm_user
INSERT INTO um.umsm_user (
    uid, user_id, email_id, mobile_no, "password", old_password,
    employee_status, is_admin_user, is_internally_mapped,
    valid_from, valid_till, operated_on, operated_by, password_changed_on,
    "name", designation, company, tenant_id, designation_id, employee_id, is_data_ported
) VALUES (
    92, 
    '45354', 
    'gAAAAABpLno_qh9fwqiaifi3C7oMWc6PhoRoYw3_qGPyPbmM7Vhmk5Bvn-Z0dZxyutrC-ZlA8Mgti4r6SpbFDNekXZaqWavYkDZJEg6rSzYD5b5dHmyGUvY=', 
    'gAAAAABpLno_-pr26v6h7ofKb0Rgc-bb7sZo6wycUxpZ7o6aS8WRVRo563K2mFC7efBHD5FoppXCO87UvOk9PEiKAOJihSQPWQ==', 
    '$2a$10$E9.YM/JWMio2o.EmsAiSeOPci1yOiuxsq7rrMi2lqxMq8WCTSQjya',
    '',
    'A', 'N', 'N',
    '2025-10-18', NULL,
    NOW(), 531773952, NULL,
    'Sushil Kumar',
    'DIVISIONAL ACCOUNTANT OFFICER',
    'HPPWD',
    531802112,
    6,
    96,
    true
);

-- [4/4] UM DATABASE - umst_user_role
INSERT INTO um.umst_user_role (
    user_role_id, uid, role_id, unit_id, operated_on, operated_by, tenant_id, is_data_ported
) VALUES (
    None, 
    92, 
    None, 
    349, 
    NOW(), 
    531773952, 
    531802112, 
    true
);

-- ----------------------------------------------------------------------


================================================================================
-- Employee: Vijay Kumar  (31331.0)
-- Employee ID: 97 | UID: 93 | User Role ID: None
================================================================================

-- [1/4] WAMIS DATABASE - amsm_employee
INSERT INTO wamis.amsm_employee (
    employee_id, emp_num, title, first_name, middle_name, last_name, full_name,
    office_id, is_active, operated_by, operated_on, tenant_id, status,
    joining_date, relieving_date, is_service_change, is_data_ported
) VALUES (
    97,
    '31331',
    'Mr.',
    'Vijay',
    NULL,
    'Kumar',
    'Vijay Kumar',
    NULL,
    'Y', 531773952, NOW(), 531802112,
    'A',
    '1992-12-30',
    NULL,
    'N',
    true
);

-- [2/4] WAMIS DATABASE - amsm_employee_service
INSERT INTO wamis.amsm_employee_service (
    office_id, employee_id, designation_id, is_additional_charge,
    start_date, end_date, operated_by, operated_on, tenant_id,
    is_latest, anfn, status, is_data_ported
) VALUES (
    NULL,
    97,
    250433797,
    'N',
    '2023-08-01',
    NULL,
    531773952, NOW(), 531802112,
    'Y', 'A', 'A', true
);

-- [3/4] UM DATABASE - umsm_user
INSERT INTO um.umsm_user (
    uid, user_id, email_id, mobile_no, "password", old_password,
    employee_status, is_admin_user, is_internally_mapped,
    valid_from, valid_till, operated_on, operated_by, password_changed_on,
    "name", designation, company, tenant_id, designation_id, employee_id, is_data_ported
) VALUES (
    93, 
    '31331', 
    'gAAAAABpLno_n-CYEze7OaKS19JWoSwOx-ARlFe4ZM8ZFXrp80N7ysFt2Gl61MPVJZ2IC3o8RpDOkWW2JvKzuPD0YpJPVhwonXcLsTiqIeDNW0C2oU36FXQ=', 
    'gAAAAABpLno_YhEMC6ZHGBKX2uFxIQzK_-StavmzmtMnUkBa0sjt4qwxB5wqJ4aBnArn5VKQa_NjVi7ZwbZiI-aE96WnurTqSg==', 
    '$2a$10$E9.YM/JWMio2o.EmsAiSeOPci1yOiuxsq7rrMi2lqxMq8WCTSQjya',
    '',
    'A', 'N', 'N',
    '2023-08-01', NULL,
    NOW(), 531773952, NULL,
    'Vijay Kumar',
    'SUPERINTENDENT',
    'HPPWD',
    531802112,
    250433797,
    97,
    true
);

-- [4/4] UM DATABASE - umst_user_role
INSERT INTO um.umst_user_role (
    user_role_id, uid, role_id, unit_id, operated_on, operated_by, tenant_id, is_data_ported
) VALUES (
    None, 
    93, 
    None, 
    NULL, 
    NOW(), 
    531773952, 
    531802112, 
    true
);

-- ----------------------------------------------------------------------


================================================================================
-- Employee: Lokesh Kumar  (12697.0)
-- Employee ID: 98 | UID: 94 | User Role ID: None
================================================================================

-- [1/4] WAMIS DATABASE - amsm_employee
INSERT INTO wamis.amsm_employee (
    employee_id, emp_num, title, first_name, middle_name, last_name, full_name,
    office_id, is_active, operated_by, operated_on, tenant_id, status,
    joining_date, relieving_date, is_service_change, is_data_ported
) VALUES (
    98,
    '12697',
    'Mr.',
    'Lokesh',
    NULL,
    'Kumar',
    'Lokesh Kumar',
    NULL,
    'Y', 531773952, NOW(), 531802112,
    'A',
    '2000-09-18',
    NULL,
    'N',
    true
);

-- [2/4] WAMIS DATABASE - amsm_employee_service
INSERT INTO wamis.amsm_employee_service (
    office_id, employee_id, designation_id, is_additional_charge,
    start_date, end_date, operated_by, operated_on, tenant_id,
    is_latest, anfn, status, is_data_ported
) VALUES (
    NULL,
    98,
    4,
    'N',
    '2024-03-16',
    NULL,
    531773952, NOW(), 531802112,
    'Y', 'A', 'A', true
);

-- [3/4] UM DATABASE - umsm_user
INSERT INTO um.umsm_user (
    uid, user_id, email_id, mobile_no, "password", old_password,
    employee_status, is_admin_user, is_internally_mapped,
    valid_from, valid_till, operated_on, operated_by, password_changed_on,
    "name", designation, company, tenant_id, designation_id, employee_id, is_data_ported
) VALUES (
    94, 
    '12697', 
    'gAAAAABpLno_C0jObdyK8GC3-OzLH3pc-fjeZRQDlyeBs42exp6tPT2vwDIKlWGN4y1-UFy_RiUogZP68oo8pXM_Zvw5WmRxD3RuzMsE3YMHU-qhGFqrsjc=', 
    'gAAAAABpLno_WOs4GSHo1sl9VnCbEeq1M1XSnfnFoY756ujV-F9IElLHQrz2DaDzoJkCfzx4EW6qMde_Yj6Kk4yvijfFSqJ0RQ==', 
    '$2a$10$E9.YM/JWMio2o.EmsAiSeOPci1yOiuxsq7rrMi2lqxMq8WCTSQjya',
    '',
    'A', 'N', 'N',
    '2024-03-16', NULL,
    NOW(), 531773952, NULL,
    'Lokesh Kumar',
    'OTHER',
    'HPPWD',
    531802112,
    4,
    98,
    true
);

-- [4/4] UM DATABASE - umst_user_role
INSERT INTO um.umst_user_role (
    user_role_id, uid, role_id, unit_id, operated_on, operated_by, tenant_id, is_data_ported
) VALUES (
    None, 
    94, 
    None, 
    NULL, 
    NOW(), 
    531773952, 
    531802112, 
    true
);

-- ----------------------------------------------------------------------


================================================================================
-- Employee: Ravi Thakur  (51278.0)
-- Employee ID: 99 | UID: 95 | User Role ID: None
================================================================================

-- [1/4] WAMIS DATABASE - amsm_employee
INSERT INTO wamis.amsm_employee (
    employee_id, emp_num, title, first_name, middle_name, last_name, full_name,
    office_id, is_active, operated_by, operated_on, tenant_id, status,
    joining_date, relieving_date, is_service_change, is_data_ported
) VALUES (
    99,
    '51278',
    'Mr.',
    'Ravi',
    NULL,
    'Thakur',
    'Ravi Thakur',
    NULL,
    'Y', 531773952, NOW(), 531802112,
    'A',
    '2017-10-06',
    NULL,
    'N',
    true
);

-- [2/4] WAMIS DATABASE - amsm_employee_service
INSERT INTO wamis.amsm_employee_service (
    office_id, employee_id, designation_id, is_additional_charge,
    start_date, end_date, operated_by, operated_on, tenant_id,
    is_latest, anfn, status, is_data_ported
) VALUES (
    NULL,
    99,
    4,
    'N',
    '2019-05-29',
    NULL,
    531773952, NOW(), 531802112,
    'Y', 'A', 'A', true
);

-- [3/4] UM DATABASE - umsm_user
INSERT INTO um.umsm_user (
    uid, user_id, email_id, mobile_no, "password", old_password,
    employee_status, is_admin_user, is_internally_mapped,
    valid_from, valid_till, operated_on, operated_by, password_changed_on,
    "name", designation, company, tenant_id, designation_id, employee_id, is_data_ported
) VALUES (
    95, 
    '51278', 
    'gAAAAABpLno_X3FKyvFYjfABjThywOrjn5g7zyUDef6aA8PVC-KeofSxtpPkzvBYB-A_voIAco-aECqZtUlIsQL6JW1Bh7mp0UdsefdIltaYF7kRTMvNKqE=', 
    'gAAAAABpLno_BmbBnbRKgsbeyePOes8MamYghcZiJ1ydQUcajCU4XAxun_Vb18PNoDfSpXW-J1jYFfSyb-vGlB1xDwcR2XXI4Q==', 
    '$2a$10$E9.YM/JWMio2o.EmsAiSeOPci1yOiuxsq7rrMi2lqxMq8WCTSQjya',
    '',
    'A', 'N', 'N',
    '2019-05-29', NULL,
    NOW(), 531773952, NULL,
    'Ravi Thakur',
    'OTHER',
    'HPPWD',
    531802112,
    4,
    99,
    true
);

-- [4/4] UM DATABASE - umst_user_role
INSERT INTO um.umst_user_role (
    user_role_id, uid, role_id, unit_id, operated_on, operated_by, tenant_id, is_data_ported
) VALUES (
    None, 
    95, 
    None, 
    NULL, 
    NOW(), 
    531773952, 
    531802112, 
    true
);

-- ----------------------------------------------------------------------


================================================================================
-- Employee: Prem Chand  (57249.0)
-- Employee ID: 100 | UID: 96 | User Role ID: None
================================================================================

-- [1/4] WAMIS DATABASE - amsm_employee
INSERT INTO wamis.amsm_employee (
    employee_id, emp_num, title, first_name, middle_name, last_name, full_name,
    office_id, is_active, operated_by, operated_on, tenant_id, status,
    joining_date, relieving_date, is_service_change, is_data_ported
) VALUES (
    100,
    '57249',
    'Mr.',
    'Prem',
    NULL,
    'Chand',
    'Prem Chand',
    NULL,
    'Y', 531773952, NOW(), 531802112,
    'A',
    '2024-09-18',
    NULL,
    'N',
    true
);

-- [2/4] WAMIS DATABASE - amsm_employee_service
INSERT INTO wamis.amsm_employee_service (
    office_id, employee_id, designation_id, is_additional_charge,
    start_date, end_date, operated_by, operated_on, tenant_id,
    is_latest, anfn, status, is_data_ported
) VALUES (
    NULL,
    100,
    4,
    'N',
    '2024-09-18',
    NULL,
    531773952, NOW(), 531802112,
    'Y', 'A', 'A', true
);

-- [3/4] UM DATABASE - umsm_user
INSERT INTO um.umsm_user (
    uid, user_id, email_id, mobile_no, "password", old_password,
    employee_status, is_admin_user, is_internally_mapped,
    valid_from, valid_till, operated_on, operated_by, password_changed_on,
    "name", designation, company, tenant_id, designation_id, employee_id, is_data_ported
) VALUES (
    96, 
    '57249', 
    'gAAAAABpLno_aqFTbpkEbJhWzfJpT8hTKrQm21uUJ5xALVloxhwu6amorILCTS6bROr-Wlj6dWlk1XR4TRUvIpb9YuzaE3eMJ5SN4nrp2MLSYLg6lyAPEZI=', 
    'gAAAAABpLno_8lh9b-hz122UAUQ8nl4B9fzBaQOQHuOVyEzr8DZzO5Kl4DmGAPnmM6l5RiUhbHgI46DMMnE8CoiuYrjuNRltkw==', 
    '$2a$10$E9.YM/JWMio2o.EmsAiSeOPci1yOiuxsq7rrMi2lqxMq8WCTSQjya',
    '',
    'A', 'N', 'N',
    '2024-09-18', NULL,
    NOW(), 531773952, NULL,
    'Prem Chand',
    'OTHER',
    'HPPWD',
    531802112,
    4,
    100,
    true
);

-- [4/4] UM DATABASE - umst_user_role
INSERT INTO um.umst_user_role (
    user_role_id, uid, role_id, unit_id, operated_on, operated_by, tenant_id, is_data_ported
) VALUES (
    None, 
    96, 
    None, 
    NULL, 
    NOW(), 
    531773952, 
    531802112, 
    true
);

-- ----------------------------------------------------------------------


================================================================================
-- Employee: Raj Kumar  (37720.0)
-- Employee ID: 101 | UID: 97 | User Role ID: None
================================================================================

-- [1/4] WAMIS DATABASE - amsm_employee
INSERT INTO wamis.amsm_employee (
    employee_id, emp_num, title, first_name, middle_name, last_name, full_name,
    office_id, is_active, operated_by, operated_on, tenant_id, status,
    joining_date, relieving_date, is_service_change, is_data_ported
) VALUES (
    101,
    '37720',
    'Mr.',
    'Raj',
    NULL,
    'Kumar',
    'Raj Kumar',
    NULL,
    'Y', 531773952, NOW(), 531802112,
    'A',
    '2000-01-17',
    NULL,
    'N',
    true
);

-- [2/4] WAMIS DATABASE - amsm_employee_service
INSERT INTO wamis.amsm_employee_service (
    office_id, employee_id, designation_id, is_additional_charge,
    start_date, end_date, operated_by, operated_on, tenant_id,
    is_latest, anfn, status, is_data_ported
) VALUES (
    NULL,
    101,
    4,
    'N',
    '2023-09-06',
    NULL,
    531773952, NOW(), 531802112,
    'Y', 'A', 'A', true
);

-- [3/4] UM DATABASE - umsm_user
INSERT INTO um.umsm_user (
    uid, user_id, email_id, mobile_no, "password", old_password,
    employee_status, is_admin_user, is_internally_mapped,
    valid_from, valid_till, operated_on, operated_by, password_changed_on,
    "name", designation, company, tenant_id, designation_id, employee_id, is_data_ported
) VALUES (
    97, 
    '37720', 
    'gAAAAABpLno_koHnfVnog716QRqGZMhA-06TkXsuPTrH65BEqDulZfFZhDiU7UOi0k5OoNwiQZ2Db9yJvlR24ZGNMycizSgaQYE3ljhjvIf9eEd3xzNub-E=', 
    'gAAAAABpLno_MehWRn31xQwr-DdNAsx9cgKENhtTiNp_CXbWN6uTBFvbfKu2YoUFWuOgSrXCF3BvmMq_Ja4Am_zyqijuJ42fHw==', 
    '$2a$10$E9.YM/JWMio2o.EmsAiSeOPci1yOiuxsq7rrMi2lqxMq8WCTSQjya',
    '',
    'A', 'N', 'N',
    '2023-09-06', NULL,
    NOW(), 531773952, NULL,
    'Raj Kumar',
    'OTHER',
    'HPPWD',
    531802112,
    4,
    101,
    true
);

-- [4/4] UM DATABASE - umst_user_role
INSERT INTO um.umst_user_role (
    user_role_id, uid, role_id, unit_id, operated_on, operated_by, tenant_id, is_data_ported
) VALUES (
    None, 
    97, 
    None, 
    NULL, 
    NOW(), 
    531773952, 
    531802112, 
    true
);

-- ----------------------------------------------------------------------


================================================================================
-- Employee: Maya Devi  (10173.0)
-- Employee ID: 102 | UID: 98 | User Role ID: None
================================================================================

-- [1/4] WAMIS DATABASE - amsm_employee
INSERT INTO wamis.amsm_employee (
    employee_id, emp_num, title, first_name, middle_name, last_name, full_name,
    office_id, is_active, operated_by, operated_on, tenant_id, status,
    joining_date, relieving_date, is_service_change, is_data_ported
) VALUES (
    102,
    '10173',
    'Ms.',
    'Maya',
    NULL,
    'Devi',
    'Maya Devi',
    NULL,
    'Y', 531773952, NOW(), 531802112,
    'A',
    '2000-05-11',
    NULL,
    'N',
    true
);

-- [2/4] WAMIS DATABASE - amsm_employee_service
INSERT INTO wamis.amsm_employee_service (
    office_id, employee_id, designation_id, is_additional_charge,
    start_date, end_date, operated_by, operated_on, tenant_id,
    is_latest, anfn, status, is_data_ported
) VALUES (
    NULL,
    102,
    4,
    'N',
    '2022-08-08',
    NULL,
    531773952, NOW(), 531802112,
    'Y', 'A', 'A', true
);

-- [3/4] UM DATABASE - umsm_user
INSERT INTO um.umsm_user (
    uid, user_id, email_id, mobile_no, "password", old_password,
    employee_status, is_admin_user, is_internally_mapped,
    valid_from, valid_till, operated_on, operated_by, password_changed_on,
    "name", designation, company, tenant_id, designation_id, employee_id, is_data_ported
) VALUES (
    98, 
    '10173', 
    'gAAAAABpLno_Ybtn55c8GGYMG8ODIYWLuuQtSKQoxW4fU31_IbQ5g722oBhmqkPpdNmWa4yoUlqiqKrgvCad8HgGYOnaJWPGi1ummWPILtGbxXqbHMpYqAM=', 
    'gAAAAABpLno_tJaCGM23EvulH2-vbyGX9S_Q4VU08VQsTRYyfPBKLOcO_fI-ESgN6ZUGy4-WuYB5SvguCm_L2ImPvEuyfcwTag==', 
    '$2a$10$E9.YM/JWMio2o.EmsAiSeOPci1yOiuxsq7rrMi2lqxMq8WCTSQjya',
    '',
    'A', 'N', 'N',
    '2022-08-08', NULL,
    NOW(), 531773952, NULL,
    'Maya Devi',
    'OTHER',
    'HPPWD',
    531802112,
    4,
    102,
    true
);

-- [4/4] UM DATABASE - umst_user_role
INSERT INTO um.umst_user_role (
    user_role_id, uid, role_id, unit_id, operated_on, operated_by, tenant_id, is_data_ported
) VALUES (
    None, 
    98, 
    None, 
    NULL, 
    NOW(), 
    531773952, 
    531802112, 
    true
);

-- ----------------------------------------------------------------------


================================================================================
-- Employee: Sunku Ram  (38403.0)
-- Employee ID: 103 | UID: 99 | User Role ID: None
================================================================================

-- [1/4] WAMIS DATABASE - amsm_employee
INSERT INTO wamis.amsm_employee (
    employee_id, emp_num, title, first_name, middle_name, last_name, full_name,
    office_id, is_active, operated_by, operated_on, tenant_id, status,
    joining_date, relieving_date, is_service_change, is_data_ported
) VALUES (
    103,
    '38403',
    'Mr.',
    'Sunku',
    NULL,
    'Ram',
    'Sunku Ram',
    NULL,
    'Y', 531773952, NOW(), 531802112,
    'A',
    '2004-01-01',
    NULL,
    'N',
    true
);

-- [2/4] WAMIS DATABASE - amsm_employee_service
INSERT INTO wamis.amsm_employee_service (
    office_id, employee_id, designation_id, is_additional_charge,
    start_date, end_date, operated_by, operated_on, tenant_id,
    is_latest, anfn, status, is_data_ported
) VALUES (
    NULL,
    103,
    4,
    'N',
    '2023-11-06',
    NULL,
    531773952, NOW(), 531802112,
    'Y', 'A', 'A', true
);

-- [3/4] UM DATABASE - umsm_user
INSERT INTO um.umsm_user (
    uid, user_id, email_id, mobile_no, "password", old_password,
    employee_status, is_admin_user, is_internally_mapped,
    valid_from, valid_till, operated_on, operated_by, password_changed_on,
    "name", designation, company, tenant_id, designation_id, employee_id, is_data_ported
) VALUES (
    99, 
    '38403', 
    'gAAAAABpLno_mGIsPxbpc41kAHpjgWN5Bdb6E1LW72h-V5eGPMikj8QAyi5C61BPXN0VwEn6MbXgTJ40wJBAzz1_k8jX5RNcDP1DHK87wDpMZugPGaTAYu4=', 
    'gAAAAABpLno_ibE3xUwYluicTReDvuAYRklOtNKSbFFy6epiWACQ0NoUMZXQtJttGc8Au3vEohn_czeq4cQdcXAScApuhkakOw==', 
    '$2a$10$E9.YM/JWMio2o.EmsAiSeOPci1yOiuxsq7rrMi2lqxMq8WCTSQjya',
    '',
    'A', 'N', 'N',
    '2023-11-06', NULL,
    NOW(), 531773952, NULL,
    'Sunku Ram',
    'OTHER',
    'HPPWD',
    531802112,
    4,
    103,
    true
);

-- [4/4] UM DATABASE - umst_user_role
INSERT INTO um.umst_user_role (
    user_role_id, uid, role_id, unit_id, operated_on, operated_by, tenant_id, is_data_ported
) VALUES (
    None, 
    99, 
    None, 
    NULL, 
    NOW(), 
    531773952, 
    531802112, 
    true
);

-- ----------------------------------------------------------------------


================================================================================
-- Employee: Priyanka  (51712.0)
-- Employee ID: 104 | UID: 100 | User Role ID: 120878848
================================================================================

-- [1/4] WAMIS DATABASE - amsm_employee
INSERT INTO wamis.amsm_employee (
    employee_id, emp_num, title, first_name, middle_name, last_name, full_name,
    office_id, is_active, operated_by, operated_on, tenant_id, status,
    joining_date, relieving_date, is_service_change, is_data_ported
) VALUES (
    104,
    '51712',
    'Ms.',
    'Priyanka',
    NULL,
    '-',
    'Priyanka',
    NULL,
    'Y', 531773952, NOW(), 531802112,
    'A',
    '2017-09-07',
    NULL,
    'N',
    true
);

-- [2/4] WAMIS DATABASE - amsm_employee_service
INSERT INTO wamis.amsm_employee_service (
    office_id, employee_id, designation_id, is_additional_charge,
    start_date, end_date, operated_by, operated_on, tenant_id,
    is_latest, anfn, status, is_data_ported
) VALUES (
    NULL,
    104,
    1,
    'N',
    '2024-07-08',
    NULL,
    531773952, NOW(), 531802112,
    'Y', 'A', 'A', true
);

-- [3/4] UM DATABASE - umsm_user
INSERT INTO um.umsm_user (
    uid, user_id, email_id, mobile_no, "password", old_password,
    employee_status, is_admin_user, is_internally_mapped,
    valid_from, valid_till, operated_on, operated_by, password_changed_on,
    "name", designation, company, tenant_id, designation_id, employee_id, is_data_ported
) VALUES (
    100, 
    '51712', 
    'gAAAAABpLno_lOq0zyhpl1j-3NirkN6CRycqih0TaZC4raBdoYoIwYqzJQrLNwFoak9qawkOPgeo2AcvLGcfNDQ-RKgtfmgGQSAmcrtC3qMoOLq7WmLr9Tg=', 
    'gAAAAABpLno_oNpzINDQLC-Mp3SlY1v6cJNr1d2KgWDlDxNh8tLN8HeIIexrQ2BOYHvQrhNnUTggjhouaBxPktdwFj8HmZDzlQ==', 
    '$2a$10$E9.YM/JWMio2o.EmsAiSeOPci1yOiuxsq7rrMi2lqxMq8WCTSQjya',
    '',
    'A', 'N', 'N',
    '2024-07-08', NULL,
    NOW(), 531773952, NULL,
    'Priyanka',
    'JUNIOR ENGINEER',
    'HPPWD',
    531802112,
    1,
    104,
    true
);

-- [4/4] UM DATABASE - umst_user_role
INSERT INTO um.umst_user_role (
    user_role_id, uid, role_id, unit_id, operated_on, operated_by, tenant_id, is_data_ported
) VALUES (
    120878848, 
    100, 
    120878848, 
    NULL, 
    NOW(), 
    531773952, 
    531802112, 
    true
);

-- ----------------------------------------------------------------------


================================================================================
-- Employee: Priyanka Kumari  (57252.0)
-- Employee ID: 105 | UID: 101 | User Role ID: None
================================================================================

-- [1/4] WAMIS DATABASE - amsm_employee
INSERT INTO wamis.amsm_employee (
    employee_id, emp_num, title, first_name, middle_name, last_name, full_name,
    office_id, is_active, operated_by, operated_on, tenant_id, status,
    joining_date, relieving_date, is_service_change, is_data_ported
) VALUES (
    105,
    '57252',
    'Ms.',
    'Priyanka',
    NULL,
    'Kumari',
    'Priyanka Kumari',
    349,
    'Y', 531773952, NOW(), 531802112,
    'A',
    '2024-11-02',
    NULL,
    'N',
    true
);

-- [2/4] WAMIS DATABASE - amsm_employee_service
INSERT INTO wamis.amsm_employee_service (
    office_id, employee_id, designation_id, is_additional_charge,
    start_date, end_date, operated_by, operated_on, tenant_id,
    is_latest, anfn, status, is_data_ported
) VALUES (
    349,
    105,
    NULL,
    'N',
    '2024-11-02',
    NULL,
    531773952, NOW(), 531802112,
    'Y', 'A', 'A', true
);

-- [3/4] UM DATABASE - umsm_user
INSERT INTO um.umsm_user (
    uid, user_id, email_id, mobile_no, "password", old_password,
    employee_status, is_admin_user, is_internally_mapped,
    valid_from, valid_till, operated_on, operated_by, password_changed_on,
    "name", designation, company, tenant_id, designation_id, employee_id, is_data_ported
) VALUES (
    101, 
    '57252', 
    'gAAAAABpLno_FVnyhzx5wR_PPdoDeuO5N-zThXLGbHe6L1ohTccKlMw-oh4lZ9oh8PmzGkwu-Hht7ZVNYfHBghJxyJ4HbHvzCK_7SrohRw3uN2ipWDElFZA=', 
    'gAAAAABpLno_WKiFsvY6hjMJEfAeaVgwD8TqNKzCVikCuOQLQzvChADpBuoI37yKppjtNVovqiA4Jkndm1BA_o4pozx5719U0w==', 
    '$2a$10$E9.YM/JWMio2o.EmsAiSeOPci1yOiuxsq7rrMi2lqxMq8WCTSQjya',
    '',
    'A', 'N', 'N',
    '2024-11-02', NULL,
    NOW(), 531773952, NULL,
    'Priyanka Kumari',
    'JUNIOR DRAUGHTSMAN',
    'HPPWD',
    531802112,
    NULL,
    105,
    true
);

-- [4/4] UM DATABASE - umst_user_role
INSERT INTO um.umst_user_role (
    user_role_id, uid, role_id, unit_id, operated_on, operated_by, tenant_id, is_data_ported
) VALUES (
    None, 
    101, 
    None, 
    349, 
    NOW(), 
    531773952, 
    531802112, 
    true
);

-- ----------------------------------------------------------------------


================================================================================
-- Employee: Anshul Chaudhary (56149.0)
-- Employee ID: 106 | UID: 102 | User Role ID: 120882432
================================================================================

-- [1/4] WAMIS DATABASE - amsm_employee
INSERT INTO wamis.amsm_employee (
    employee_id, emp_num, title, first_name, middle_name, last_name, full_name,
    office_id, is_active, operated_by, operated_on, tenant_id, status,
    joining_date, relieving_date, is_service_change, is_data_ported
) VALUES (
    106,
    '56149',
    'Mr.',
    'Anshul',
    NULL,
    'Chaudhary',
    'Anshul Chaudhary',
    380,
    'Y', 531773952, NOW(), 531802112,
    'A',
    '2017-02-15',
    NULL,
    'N',
    true
);

-- [2/4] WAMIS DATABASE - amsm_employee_service
INSERT INTO wamis.amsm_employee_service (
    office_id, employee_id, designation_id, is_additional_charge,
    start_date, end_date, operated_by, operated_on, tenant_id,
    is_latest, anfn, status, is_data_ported
) VALUES (
    380,
    106,
    2,
    'N',
    '2025-05-01',
    NULL,
    531773952, NOW(), 531802112,
    'Y', 'A', 'A', true
);

-- [3/4] UM DATABASE - umsm_user
INSERT INTO um.umsm_user (
    uid, user_id, email_id, mobile_no, "password", old_password,
    employee_status, is_admin_user, is_internally_mapped,
    valid_from, valid_till, operated_on, operated_by, password_changed_on,
    "name", designation, company, tenant_id, designation_id, employee_id, is_data_ported
) VALUES (
    102, 
    '56149', 
    'gAAAAABpLno_zAfHy2CUfsRu77Udlk30ZhFrGEQViCuAGnVo1WDKuVPtYZXklrx7qWe5E7FR1CKIGweHBeMjGrT1i_7mrh4L_YaK-GTXg-B9sdJICvMxfgE=', 
    'gAAAAABpLno_pApufsFxNwlpIsvbtMjWAzpyWNVZWRA4mUdedBN9OaEnaJddNDp9bfYS8uMcT871R_RQXVn930XtbZHaT-UEXw==', 
    '$2a$10$E9.YM/JWMio2o.EmsAiSeOPci1yOiuxsq7rrMi2lqxMq8WCTSQjya',
    '',
    'A', 'N', 'N',
    '2025-05-01', NULL,
    NOW(), 531773952, NULL,
    'Anshul Chaudhary',
    'ASSISTANT ENGINEER',
    'HPPWD',
    531802112,
    2,
    106,
    true
);

-- [4/4] UM DATABASE - umst_user_role
INSERT INTO um.umst_user_role (
    user_role_id, uid, role_id, unit_id, operated_on, operated_by, tenant_id, is_data_ported
) VALUES (
    120882432, 
    102, 
    120882432, 
    380, 
    NOW(), 
    531773952, 
    531802112, 
    true
);

-- ----------------------------------------------------------------------


================================================================================
-- Employee: Lekh Raj  (29836.0)
-- Employee ID: 107 | UID: 103 | User Role ID: 120878848
================================================================================

-- [1/4] WAMIS DATABASE - amsm_employee
INSERT INTO wamis.amsm_employee (
    employee_id, emp_num, title, first_name, middle_name, last_name, full_name,
    office_id, is_active, operated_by, operated_on, tenant_id, status,
    joining_date, relieving_date, is_service_change, is_data_ported
) VALUES (
    107,
    '29836',
    'Mr.',
    'Lekh',
    NULL,
    'Raj',
    'Lekh Raj',
    NULL,
    'Y', 531773952, NOW(), 531802112,
    'A',
    '1999-12-17',
    NULL,
    'N',
    true
);

-- [2/4] WAMIS DATABASE - amsm_employee_service
INSERT INTO wamis.amsm_employee_service (
    office_id, employee_id, designation_id, is_additional_charge,
    start_date, end_date, operated_by, operated_on, tenant_id,
    is_latest, anfn, status, is_data_ported
) VALUES (
    NULL,
    107,
    1,
    'N',
    '2023-09-01',
    NULL,
    531773952, NOW(), 531802112,
    'Y', 'A', 'A', true
);

-- [3/4] UM DATABASE - umsm_user
INSERT INTO um.umsm_user (
    uid, user_id, email_id, mobile_no, "password", old_password,
    employee_status, is_admin_user, is_internally_mapped,
    valid_from, valid_till, operated_on, operated_by, password_changed_on,
    "name", designation, company, tenant_id, designation_id, employee_id, is_data_ported
) VALUES (
    103, 
    '29836', 
    'gAAAAABpLno_W5Yyy4kDeWph_lRwwFpxXiGt4Y_URShmYal5AHM-PqrERP5og0DytAR-y4Q5I86wmiesCMPyuIksxtP3cv-tF1S-oSWWRJvtKzCixAdVr1U=', 
    'gAAAAABpLno_ClBCBQSMizU_8dgvLzx8ok-SmdeSnt0933f5_Cb502q6wN3r4pnkmKeV65e0s_Rsv0iZStBXKTqYF3kz09mSLw==', 
    '$2a$10$E9.YM/JWMio2o.EmsAiSeOPci1yOiuxsq7rrMi2lqxMq8WCTSQjya',
    '',
    'A', 'N', 'N',
    '2023-09-01', NULL,
    NOW(), 531773952, NULL,
    'Lekh Raj',
    'JUNIOR ENGINEER',
    'HPPWD',
    531802112,
    1,
    107,
    true
);

-- [4/4] UM DATABASE - umst_user_role
INSERT INTO um.umst_user_role (
    user_role_id, uid, role_id, unit_id, operated_on, operated_by, tenant_id, is_data_ported
) VALUES (
    120878848, 
    103, 
    120878848, 
    NULL, 
    NOW(), 
    531773952, 
    531802112, 
    true
);

-- ----------------------------------------------------------------------


================================================================================
-- Employee: Sahil Thakur  (13281.0)
-- Employee ID: 108 | UID: 104 | User Role ID: None
================================================================================

-- [1/4] WAMIS DATABASE - amsm_employee
INSERT INTO wamis.amsm_employee (
    employee_id, emp_num, title, first_name, middle_name, last_name, full_name,
    office_id, is_active, operated_by, operated_on, tenant_id, status,
    joining_date, relieving_date, is_service_change, is_data_ported
) VALUES (
    108,
    '13281',
    'Mr.',
    'Sahil',
    NULL,
    'Thakur',
    'Sahil Thakur',
    NULL,
    'Y', 531773952, NOW(), 531802112,
    'A',
    '2013-09-28',
    NULL,
    'N',
    true
);

-- [2/4] WAMIS DATABASE - amsm_employee_service
INSERT INTO wamis.amsm_employee_service (
    office_id, employee_id, designation_id, is_additional_charge,
    start_date, end_date, operated_by, operated_on, tenant_id,
    is_latest, anfn, status, is_data_ported
) VALUES (
    NULL,
    108,
    4,
    'N',
    '2023-05-09',
    NULL,
    531773952, NOW(), 531802112,
    'Y', 'A', 'A', true
);

-- [3/4] UM DATABASE - umsm_user
INSERT INTO um.umsm_user (
    uid, user_id, email_id, mobile_no, "password", old_password,
    employee_status, is_admin_user, is_internally_mapped,
    valid_from, valid_till, operated_on, operated_by, password_changed_on,
    "name", designation, company, tenant_id, designation_id, employee_id, is_data_ported
) VALUES (
    104, 
    '13281', 
    'gAAAAABpLno_Lar_gEr4AMn_Rg9xZSl5zttqcYtlIX5G3Smosow5u8bGLxAMb2J3thRLWQUFQgIiDXj-nbhWjy_Zks_lULwlXdMd0DdGfdq2AON5MwSyBRo=', 
    'gAAAAABpLno_XG4OtztCwfyI8kJVIsXyE5WDXd8feH5h6I2k_4yLMCVueL5i0I3VReBRisV85b0zhuAKLufUcvvsTvjjrR1KbA==', 
    '$2a$10$E9.YM/JWMio2o.EmsAiSeOPci1yOiuxsq7rrMi2lqxMq8WCTSQjya',
    '',
    'A', 'N', 'N',
    '2023-05-09', NULL,
    NOW(), 531773952, NULL,
    'Sahil Thakur',
    'OTHER',
    'HPPWD',
    531802112,
    4,
    108,
    true
);

-- [4/4] UM DATABASE - umst_user_role
INSERT INTO um.umst_user_role (
    user_role_id, uid, role_id, unit_id, operated_on, operated_by, tenant_id, is_data_ported
) VALUES (
    None, 
    104, 
    None, 
    NULL, 
    NOW(), 
    531773952, 
    531802112, 
    true
);

-- ----------------------------------------------------------------------


================================================================================
-- Employee: Arjun Katoch  (53977.0)
-- Employee ID: 109 | UID: 105 | User Role ID: 120878848
================================================================================

-- [1/4] WAMIS DATABASE - amsm_employee
INSERT INTO wamis.amsm_employee (
    employee_id, emp_num, title, first_name, middle_name, last_name, full_name,
    office_id, is_active, operated_by, operated_on, tenant_id, status,
    joining_date, relieving_date, is_service_change, is_data_ported
) VALUES (
    109,
    '53977',
    'Mr.',
    'Arjun',
    NULL,
    'Katoch',
    'Arjun Katoch',
    385,
    'Y', 531773952, NOW(), 531802112,
    'A',
    '2017-08-29',
    NULL,
    'N',
    true
);

-- [2/4] WAMIS DATABASE - amsm_employee_service
INSERT INTO wamis.amsm_employee_service (
    office_id, employee_id, designation_id, is_additional_charge,
    start_date, end_date, operated_by, operated_on, tenant_id,
    is_latest, anfn, status, is_data_ported
) VALUES (
    385,
    109,
    1,
    'N',
    '2024-03-05',
    NULL,
    531773952, NOW(), 531802112,
    'Y', 'A', 'A', true
);

-- [3/4] UM DATABASE - umsm_user
INSERT INTO um.umsm_user (
    uid, user_id, email_id, mobile_no, "password", old_password,
    employee_status, is_admin_user, is_internally_mapped,
    valid_from, valid_till, operated_on, operated_by, password_changed_on,
    "name", designation, company, tenant_id, designation_id, employee_id, is_data_ported
) VALUES (
    105, 
    '53977', 
    'gAAAAABpLno_6fQht60YaHISPLmlLgMhjRxtVqPpFOZLoohOiMFJJdsG32kPV-QR88AiQBsSYLEMvV7JdRjMiM5g4yJ_fZru01RFhbuyhJoOH-dAZ2VPMss=', 
    'gAAAAABpLno_l3Zabn5rrLJ0gXUksDP1-zFr6QjMJ_-N_Z3BD8RrCxhO3EUNSo5N2oA4cLRAd5ZdJ4mX8QofL_L7INUtvYI1jw==', 
    '$2a$10$E9.YM/JWMio2o.EmsAiSeOPci1yOiuxsq7rrMi2lqxMq8WCTSQjya',
    '',
    'A', 'N', 'N',
    '2024-03-05', NULL,
    NOW(), 531773952, NULL,
    'Arjun Katoch',
    'JUNIOR ENGINEER',
    'HPPWD',
    531802112,
    1,
    109,
    true
);

-- [4/4] UM DATABASE - umst_user_role
INSERT INTO um.umst_user_role (
    user_role_id, uid, role_id, unit_id, operated_on, operated_by, tenant_id, is_data_ported
) VALUES (
    120878848, 
    105, 
    120878848, 
    385, 
    NOW(), 
    531773952, 
    531802112, 
    true
);

-- ----------------------------------------------------------------------


================================================================================
-- Employee: Jitender Thakur (55029.0)
-- Employee ID: 110 | UID: 106 | User Role ID: 120878848
================================================================================

-- [1/4] WAMIS DATABASE - amsm_employee
INSERT INTO wamis.amsm_employee (
    employee_id, emp_num, title, first_name, middle_name, last_name, full_name,
    office_id, is_active, operated_by, operated_on, tenant_id, status,
    joining_date, relieving_date, is_service_change, is_data_ported
) VALUES (
    110,
    '55029',
    'Mr.',
    'Jitender',
    NULL,
    'Thakur',
    'Jitender Thakur',
    384,
    'Y', 531773952, NOW(), 531802112,
    'A',
    '2016-02-23',
    NULL,
    'N',
    true
);

-- [2/4] WAMIS DATABASE - amsm_employee_service
INSERT INTO wamis.amsm_employee_service (
    office_id, employee_id, designation_id, is_additional_charge,
    start_date, end_date, operated_by, operated_on, tenant_id,
    is_latest, anfn, status, is_data_ported
) VALUES (
    384,
    110,
    1,
    'N',
    '2022-09-09',
    NULL,
    531773952, NOW(), 531802112,
    'Y', 'A', 'A', true
);

-- [3/4] UM DATABASE - umsm_user
INSERT INTO um.umsm_user (
    uid, user_id, email_id, mobile_no, "password", old_password,
    employee_status, is_admin_user, is_internally_mapped,
    valid_from, valid_till, operated_on, operated_by, password_changed_on,
    "name", designation, company, tenant_id, designation_id, employee_id, is_data_ported
) VALUES (
    106, 
    '55029', 
    'gAAAAABpLno_WX3Y91X4G4OwFEswB8bHtOn1to2HIgjrJKLCYIstgQizYyWnoPXYyNl_7hiPkA8RGuHlL4DOZTNrEFwrO0AF3C5OumkjWIVqOKQgPTQrIGs=', 
    'gAAAAABpLno_PwYL4W6e5hboBMU4YmULYsAR1NhiyeO6289I-2LZufsNRY3BfNfg1JgmigUzDko0Z3S9K4Rg-UVpEbrXw6nl5Q==', 
    '$2a$10$E9.YM/JWMio2o.EmsAiSeOPci1yOiuxsq7rrMi2lqxMq8WCTSQjya',
    '',
    'A', 'N', 'N',
    '2022-09-09', NULL,
    NOW(), 531773952, NULL,
    'Jitender Thakur',
    'JUNIOR ENGINEER',
    'HPPWD',
    531802112,
    1,
    110,
    true
);

-- [4/4] UM DATABASE - umst_user_role
INSERT INTO um.umst_user_role (
    user_role_id, uid, role_id, unit_id, operated_on, operated_by, tenant_id, is_data_ported
) VALUES (
    120878848, 
    106, 
    120878848, 
    384, 
    NOW(), 
    531773952, 
    531802112, 
    true
);

-- ----------------------------------------------------------------------


================================================================================
-- Employee: Satish Kumar  (45707.0)
-- Employee ID: 111 | UID: 107 | User Role ID: 120882432
================================================================================

-- [1/4] WAMIS DATABASE - amsm_employee
INSERT INTO wamis.amsm_employee (
    employee_id, emp_num, title, first_name, middle_name, last_name, full_name,
    office_id, is_active, operated_by, operated_on, tenant_id, status,
    joining_date, relieving_date, is_service_change, is_data_ported
) VALUES (
    111,
    '45707',
    'Mr.',
    'Satish',
    NULL,
    'Kumar',
    'Satish Kumar',
    382,
    'Y', 531773952, NOW(), 531802112,
    'A',
    '1999-04-01',
    NULL,
    'N',
    true
);

-- [2/4] WAMIS DATABASE - amsm_employee_service
INSERT INTO wamis.amsm_employee_service (
    office_id, employee_id, designation_id, is_additional_charge,
    start_date, end_date, operated_by, operated_on, tenant_id,
    is_latest, anfn, status, is_data_ported
) VALUES (
    382,
    111,
    2,
    'N',
    '2023-11-28',
    NULL,
    531773952, NOW(), 531802112,
    'Y', 'A', 'A', true
);

-- [3/4] UM DATABASE - umsm_user
INSERT INTO um.umsm_user (
    uid, user_id, email_id, mobile_no, "password", old_password,
    employee_status, is_admin_user, is_internally_mapped,
    valid_from, valid_till, operated_on, operated_by, password_changed_on,
    "name", designation, company, tenant_id, designation_id, employee_id, is_data_ported
) VALUES (
    107, 
    '45707', 
    'gAAAAABpLno_7buxPpOb2mXNmWhFKFDkh5DohLdBklHQhEVMRytihVhuAv-gwzd0Ig1-WxLaFXkXq77DkVrYHJYt1OdmDhONEe8PgZLGo9cEKO0VRm41yb0=', 
    'gAAAAABpLno_lbZrwv33Zq2OrjssEYcoUwGt5hVMaCJo1AZPP0FOwtYpHe560kIJxCkR9U1RKrlqpLoFPWaQMbfXbXPFhW1nww==', 
    '$2a$10$E9.YM/JWMio2o.EmsAiSeOPci1yOiuxsq7rrMi2lqxMq8WCTSQjya',
    '',
    'A', 'N', 'N',
    '2023-11-28', NULL,
    NOW(), 531773952, NULL,
    'Satish Kumar',
    'ASSISTANT ENGINEER',
    'HPPWD',
    531802112,
    2,
    111,
    true
);

-- [4/4] UM DATABASE - umst_user_role
INSERT INTO um.umst_user_role (
    user_role_id, uid, role_id, unit_id, operated_on, operated_by, tenant_id, is_data_ported
) VALUES (
    120882432, 
    107, 
    120882432, 
    382, 
    NOW(), 
    531773952, 
    531802112, 
    true
);

-- ----------------------------------------------------------------------


================================================================================
-- Employee: Khem Chand  (37866.0)
-- Employee ID: 112 | UID: 108 | User Role ID: 120878848
================================================================================

-- [1/4] WAMIS DATABASE - amsm_employee
INSERT INTO wamis.amsm_employee (
    employee_id, emp_num, title, first_name, middle_name, last_name, full_name,
    office_id, is_active, operated_by, operated_on, tenant_id, status,
    joining_date, relieving_date, is_service_change, is_data_ported
) VALUES (
    112,
    '37866',
    'Mr.',
    'Khem',
    NULL,
    'Chand',
    'Khem Chand',
    389,
    'Y', 531773952, NOW(), 531802112,
    'A',
    '2007-01-09',
    NULL,
    'N',
    true
);

-- [2/4] WAMIS DATABASE - amsm_employee_service
INSERT INTO wamis.amsm_employee_service (
    office_id, employee_id, designation_id, is_additional_charge,
    start_date, end_date, operated_by, operated_on, tenant_id,
    is_latest, anfn, status, is_data_ported
) VALUES (
    389,
    112,
    1,
    'N',
    '2024-08-01',
    NULL,
    531773952, NOW(), 531802112,
    'Y', 'A', 'A', true
);

-- [3/4] UM DATABASE - umsm_user
INSERT INTO um.umsm_user (
    uid, user_id, email_id, mobile_no, "password", old_password,
    employee_status, is_admin_user, is_internally_mapped,
    valid_from, valid_till, operated_on, operated_by, password_changed_on,
    "name", designation, company, tenant_id, designation_id, employee_id, is_data_ported
) VALUES (
    108, 
    '37866', 
    'gAAAAABpLno_mSZzkTx47jKQJ4xu9Sh77QwGr6OEje3bPUl1qI2PynvuG3ECQIHO0do6YAoQi-koeXWimKNxuxVA7Sw9B5PWtJZGAZeabqd8U5GDZNVdhhE=', 
    'gAAAAABpLno_dbqvJ7QopFSBF-8ZaveJ5hJSQS1zzYCefaXcS61FXxggWURv35Ncudo7rJR6URmk-AgqvUaKau-HxiI8qtQpVg==', 
    '$2a$10$E9.YM/JWMio2o.EmsAiSeOPci1yOiuxsq7rrMi2lqxMq8WCTSQjya',
    '',
    'A', 'N', 'N',
    '2024-08-01', NULL,
    NOW(), 531773952, NULL,
    'Khem Chand',
    'JUNIOR ENGINEER',
    'HPPWD',
    531802112,
    1,
    112,
    true
);

-- [4/4] UM DATABASE - umst_user_role
INSERT INTO um.umst_user_role (
    user_role_id, uid, role_id, unit_id, operated_on, operated_by, tenant_id, is_data_ported
) VALUES (
    120878848, 
    108, 
    120878848, 
    389, 
    NOW(), 
    531773952, 
    531802112, 
    true
);

-- ----------------------------------------------------------------------


================================================================================
-- Employee: Bharat Bhushan Gupta  (54181.0)
-- Employee ID: 113 | UID: 109 | User Role ID: 120878848
================================================================================

-- [1/4] WAMIS DATABASE - amsm_employee
INSERT INTO wamis.amsm_employee (
    employee_id, emp_num, title, first_name, middle_name, last_name, full_name,
    office_id, is_active, operated_by, operated_on, tenant_id, status,
    joining_date, relieving_date, is_service_change, is_data_ported
) VALUES (
    113,
    '54181',
    'Mr.',
    'Bharat',
    'Bhushan',
    'Gupta',
    'Bharat Bhushan Gupta',
    390,
    'Y', 531773952, NOW(), 531802112,
    'A',
    '2012-05-03',
    NULL,
    'N',
    true
);

-- [2/4] WAMIS DATABASE - amsm_employee_service
INSERT INTO wamis.amsm_employee_service (
    office_id, employee_id, designation_id, is_additional_charge,
    start_date, end_date, operated_by, operated_on, tenant_id,
    is_latest, anfn, status, is_data_ported
) VALUES (
    390,
    113,
    1,
    'N',
    '2024-02-21',
    NULL,
    531773952, NOW(), 531802112,
    'Y', 'A', 'A', true
);

-- [3/4] UM DATABASE - umsm_user
INSERT INTO um.umsm_user (
    uid, user_id, email_id, mobile_no, "password", old_password,
    employee_status, is_admin_user, is_internally_mapped,
    valid_from, valid_till, operated_on, operated_by, password_changed_on,
    "name", designation, company, tenant_id, designation_id, employee_id, is_data_ported
) VALUES (
    109, 
    '54181', 
    'gAAAAABpLno_KexpC2Y_LEZtvnyeEhIlPq6SZm0Oo5Mxv35wu4wybOVKYepyAoq53wZP3EBnCm1y7jaD7d0i7YJtdmxXx8Qn6SkJddZyPEGfUw88vxOG6T4=', 
    'gAAAAABpLno_cdGK_JQNXusIYSWOvlAAaW8iArw09YGNnl7GLdtXrWO63psGC-Plmrdi6rDUctDpbMbq1L032ZF53gR78YE94w==', 
    '$2a$10$E9.YM/JWMio2o.EmsAiSeOPci1yOiuxsq7rrMi2lqxMq8WCTSQjya',
    '',
    'A', 'N', 'N',
    '2024-02-21', NULL,
    NOW(), 531773952, NULL,
    'Bharat Bhushan Gupta',
    'JUNIOR ENGINEER',
    'HPPWD',
    531802112,
    1,
    113,
    true
);

-- [4/4] UM DATABASE - umst_user_role
INSERT INTO um.umst_user_role (
    user_role_id, uid, role_id, unit_id, operated_on, operated_by, tenant_id, is_data_ported
) VALUES (
    120878848, 
    109, 
    120878848, 
    390, 
    NOW(), 
    531773952, 
    531802112, 
    true
);

-- ----------------------------------------------------------------------


================================================================================
-- Employee: Yugal Kishore (52217.0)
-- Employee ID: 114 | UID: 110 | User Role ID: 120882432
================================================================================

-- [1/4] WAMIS DATABASE - amsm_employee
INSERT INTO wamis.amsm_employee (
    employee_id, emp_num, title, first_name, middle_name, last_name, full_name,
    office_id, is_active, operated_by, operated_on, tenant_id, status,
    joining_date, relieving_date, is_service_change, is_data_ported
) VALUES (
    114,
    '52217',
    'Mr.',
    'Yugal',
    NULL,
    'Kishore',
    'Yugal Kishore',
    381,
    'Y', 531773952, NOW(), 531802112,
    'A',
    '2015-11-09',
    NULL,
    'N',
    true
);

-- [2/4] WAMIS DATABASE - amsm_employee_service
INSERT INTO wamis.amsm_employee_service (
    office_id, employee_id, designation_id, is_additional_charge,
    start_date, end_date, operated_by, operated_on, tenant_id,
    is_latest, anfn, status, is_data_ported
) VALUES (
    381,
    114,
    2,
    'N',
    '2025-07-01',
    NULL,
    531773952, NOW(), 531802112,
    'Y', 'A', 'A', true
);

-- [3/4] UM DATABASE - umsm_user
INSERT INTO um.umsm_user (
    uid, user_id, email_id, mobile_no, "password", old_password,
    employee_status, is_admin_user, is_internally_mapped,
    valid_from, valid_till, operated_on, operated_by, password_changed_on,
    "name", designation, company, tenant_id, designation_id, employee_id, is_data_ported
) VALUES (
    110, 
    '52217', 
    'gAAAAABpLno_43sR0_cthx1RytcvfzgSsr4oAS0d9jiklWn9a9X_4CnpZmRwUHfIIPrbZ8H27wRa7wHGS_iJtuWh16pw4fBej0cklidmELo7uQc9xi6_2iw=', 
    'gAAAAABpLno_l1iP6xP60IS5Clw_v_6kq8tGD-6bblDF-2EqPtb2nuFOtLab48kF0u0kUBUpkWJSKC9fnOgbYZTXklubd8OW8Q==', 
    '$2a$10$E9.YM/JWMio2o.EmsAiSeOPci1yOiuxsq7rrMi2lqxMq8WCTSQjya',
    '',
    'A', 'N', 'N',
    '2025-07-01', NULL,
    NOW(), 531773952, NULL,
    'Yugal Kishore',
    'ASSISTANT ENGINEER',
    'HPPWD',
    531802112,
    2,
    114,
    true
);

-- [4/4] UM DATABASE - umst_user_role
INSERT INTO um.umst_user_role (
    user_role_id, uid, role_id, unit_id, operated_on, operated_by, tenant_id, is_data_ported
) VALUES (
    120882432, 
    110, 
    120882432, 
    381, 
    NOW(), 
    531773952, 
    531802112, 
    true
);

-- ----------------------------------------------------------------------


================================================================================
-- Employee: Dhameshwar Ram  (50434.0)
-- Employee ID: 115 | UID: 111 | User Role ID: None
================================================================================

-- [1/4] WAMIS DATABASE - amsm_employee
INSERT INTO wamis.amsm_employee (
    employee_id, emp_num, title, first_name, middle_name, last_name, full_name,
    office_id, is_active, operated_by, operated_on, tenant_id, status,
    joining_date, relieving_date, is_service_change, is_data_ported
) VALUES (
    115,
    '50434',
    'Mr.',
    'Dhameshwar',
    NULL,
    'Ram',
    'Dhameshwar Ram',
    NULL,
    'Y', 531773952, NOW(), 531802112,
    'A',
    '2012-09-19',
    NULL,
    'N',
    true
);

-- [2/4] WAMIS DATABASE - amsm_employee_service
INSERT INTO wamis.amsm_employee_service (
    office_id, employee_id, designation_id, is_additional_charge,
    start_date, end_date, operated_by, operated_on, tenant_id,
    is_latest, anfn, status, is_data_ported
) VALUES (
    NULL,
    115,
    4,
    'N',
    '2024-08-21',
    NULL,
    531773952, NOW(), 531802112,
    'Y', 'A', 'A', true
);

-- [3/4] UM DATABASE - umsm_user
INSERT INTO um.umsm_user (
    uid, user_id, email_id, mobile_no, "password", old_password,
    employee_status, is_admin_user, is_internally_mapped,
    valid_from, valid_till, operated_on, operated_by, password_changed_on,
    "name", designation, company, tenant_id, designation_id, employee_id, is_data_ported
) VALUES (
    111, 
    '50434', 
    'gAAAAABpLno_ZwFOVxTXXf76G9WB0-E6HFUrc487hZ-GhCxlG-pbG0dz7eHgyr_GvrxKqzI1Z1Ai96tTjCd-k97tujOHZP98pDuP5mdtCmKxYtIf4lwXuwE=', 
    'gAAAAABpLno_mqXYfhWnQyFlvPTZqMXIUVIamMCeXTYN4dSaLAEdHrFTFT-D1miaOyPpmc1mfYTHNRmk4hTj8W_yKMKBZ-kErw==', 
    '$2a$10$E9.YM/JWMio2o.EmsAiSeOPci1yOiuxsq7rrMi2lqxMq8WCTSQjya',
    '',
    'A', 'N', 'N',
    '2024-08-21', NULL,
    NOW(), 531773952, NULL,
    'Dhameshwar Ram',
    'OTHER',
    'HPPWD',
    531802112,
    4,
    115,
    true
);

-- [4/4] UM DATABASE - umst_user_role
INSERT INTO um.umst_user_role (
    user_role_id, uid, role_id, unit_id, operated_on, operated_by, tenant_id, is_data_ported
) VALUES (
    None, 
    111, 
    None, 
    NULL, 
    NOW(), 
    531773952, 
    531802112, 
    true
);

-- ----------------------------------------------------------------------


================================================================================
-- Employee: Suresh Kumar  (50542.0)
-- Employee ID: 116 | UID: 112 | User Role ID: 120878848
================================================================================

-- [1/4] WAMIS DATABASE - amsm_employee
INSERT INTO wamis.amsm_employee (
    employee_id, emp_num, title, first_name, middle_name, last_name, full_name,
    office_id, is_active, operated_by, operated_on, tenant_id, status,
    joining_date, relieving_date, is_service_change, is_data_ported
) VALUES (
    116,
    '50542',
    'Mr.',
    'Suresh',
    NULL,
    'Kumar',
    'Suresh Kumar',
    386,
    'Y', 531773952, NOW(), 531802112,
    'A',
    '2013-09-30',
    NULL,
    'N',
    true
);

-- [2/4] WAMIS DATABASE - amsm_employee_service
INSERT INTO wamis.amsm_employee_service (
    office_id, employee_id, designation_id, is_additional_charge,
    start_date, end_date, operated_by, operated_on, tenant_id,
    is_latest, anfn, status, is_data_ported
) VALUES (
    386,
    116,
    1,
    'N',
    '2022-06-29',
    NULL,
    531773952, NOW(), 531802112,
    'Y', 'A', 'A', true
);

-- [3/4] UM DATABASE - umsm_user
INSERT INTO um.umsm_user (
    uid, user_id, email_id, mobile_no, "password", old_password,
    employee_status, is_admin_user, is_internally_mapped,
    valid_from, valid_till, operated_on, operated_by, password_changed_on,
    "name", designation, company, tenant_id, designation_id, employee_id, is_data_ported
) VALUES (
    112, 
    '50542', 
    'gAAAAABpLno_IikWvXrRI9Fk4Lp6uZJ9HCZCM3uQ04Pq6Qcx33dPTZV54C-NtqK-mVUfNTp9Qef3J4-YGd018IImWCXi7hUU9srjZ5kT0xbgncI8c__q_fc=', 
    'gAAAAABpLno_2h1M0zlEcN0948OnriHJn-TvWsBWOjrLuJstFNeR11hKeuqKzG8W6PlBJ2p1R2uiYVjouftJeVxK9LS7saNBwg==', 
    '$2a$10$E9.YM/JWMio2o.EmsAiSeOPci1yOiuxsq7rrMi2lqxMq8WCTSQjya',
    '',
    'A', 'N', 'N',
    '2022-06-29', NULL,
    NOW(), 531773952, NULL,
    'Suresh Kumar',
    'JUNIOR ENGINEER',
    'HPPWD',
    531802112,
    1,
    116,
    true
);

-- [4/4] UM DATABASE - umst_user_role
INSERT INTO um.umst_user_role (
    user_role_id, uid, role_id, unit_id, operated_on, operated_by, tenant_id, is_data_ported
) VALUES (
    120878848, 
    112, 
    120878848, 
    386, 
    NOW(), 
    531773952, 
    531802112, 
    true
);

-- ----------------------------------------------------------------------


================================================================================
-- Employee: Manoj Kumar  (38013.0)
-- Employee ID: 117 | UID: 113 | User Role ID: 120878848
================================================================================

-- [1/4] WAMIS DATABASE - amsm_employee
INSERT INTO wamis.amsm_employee (
    employee_id, emp_num, title, first_name, middle_name, last_name, full_name,
    office_id, is_active, operated_by, operated_on, tenant_id, status,
    joining_date, relieving_date, is_service_change, is_data_ported
) VALUES (
    117,
    '38013',
    'Mr.',
    'Manoj',
    NULL,
    'Kumar',
    'Manoj Kumar',
    387,
    'Y', 531773952, NOW(), 531802112,
    'A',
    '1994-07-21',
    NULL,
    'N',
    true
);

-- [2/4] WAMIS DATABASE - amsm_employee_service
INSERT INTO wamis.amsm_employee_service (
    office_id, employee_id, designation_id, is_additional_charge,
    start_date, end_date, operated_by, operated_on, tenant_id,
    is_latest, anfn, status, is_data_ported
) VALUES (
    387,
    117,
    1,
    'N',
    '2024-07-12',
    NULL,
    531773952, NOW(), 531802112,
    'Y', 'A', 'A', true
);

-- [3/4] UM DATABASE - umsm_user
INSERT INTO um.umsm_user (
    uid, user_id, email_id, mobile_no, "password", old_password,
    employee_status, is_admin_user, is_internally_mapped,
    valid_from, valid_till, operated_on, operated_by, password_changed_on,
    "name", designation, company, tenant_id, designation_id, employee_id, is_data_ported
) VALUES (
    113, 
    '38013', 
    'gAAAAABpLno_BJIOWjGXauY9GFA7cIBe1RaiWB6SI4hkO-cB0kgqpWpjQwXAWF7zSf0sSx6V7k292Krju8Qeit5xXWBZv4hWieM8Kc6xropfWouNuS9hhmw=', 
    'gAAAAABpLno_5On7F7kFVq6azlCZpq_6eR5AxHi4AvbAP5ob0JVLChIV_cEZMgiiRg2yNBjRLIZltb1b8HZNphsE-YkxHZi27Q==', 
    '$2a$10$E9.YM/JWMio2o.EmsAiSeOPci1yOiuxsq7rrMi2lqxMq8WCTSQjya',
    '',
    'A', 'N', 'N',
    '2024-07-12', NULL,
    NOW(), 531773952, NULL,
    'Manoj Kumar',
    'JUNIOR ENGINEER',
    'HPPWD',
    531802112,
    1,
    117,
    true
);

-- [4/4] UM DATABASE - umst_user_role
INSERT INTO um.umst_user_role (
    user_role_id, uid, role_id, unit_id, operated_on, operated_by, tenant_id, is_data_ported
) VALUES (
    120878848, 
    113, 
    120878848, 
    387, 
    NOW(), 
    531773952, 
    531802112, 
    true
);

-- ----------------------------------------------------------------------


================================================================================
-- Employee: Pushp Raj  (14559.0)
-- Employee ID: 118 | UID: 114 | User Role ID: 120878848
================================================================================

-- [1/4] WAMIS DATABASE - amsm_employee
INSERT INTO wamis.amsm_employee (
    employee_id, emp_num, title, first_name, middle_name, last_name, full_name,
    office_id, is_active, operated_by, operated_on, tenant_id, status,
    joining_date, relieving_date, is_service_change, is_data_ported
) VALUES (
    118,
    '14559',
    'Mr.',
    'Pushp',
    NULL,
    'Raj',
    'Pushp Raj',
    388,
    'Y', 531773952, NOW(), 531802112,
    'A',
    '2001-01-01',
    NULL,
    'N',
    true
);

-- [2/4] WAMIS DATABASE - amsm_employee_service
INSERT INTO wamis.amsm_employee_service (
    office_id, employee_id, designation_id, is_additional_charge,
    start_date, end_date, operated_by, operated_on, tenant_id,
    is_latest, anfn, status, is_data_ported
) VALUES (
    388,
    118,
    1,
    'N',
    '2024-03-16',
    NULL,
    531773952, NOW(), 531802112,
    'Y', 'A', 'A', true
);

-- [3/4] UM DATABASE - umsm_user
INSERT INTO um.umsm_user (
    uid, user_id, email_id, mobile_no, "password", old_password,
    employee_status, is_admin_user, is_internally_mapped,
    valid_from, valid_till, operated_on, operated_by, password_changed_on,
    "name", designation, company, tenant_id, designation_id, employee_id, is_data_ported
) VALUES (
    114, 
    '14559', 
    'gAAAAABpLno_p8H_mMUhhkPp_SdMAy7MPiSBLI3kQwn5xwJpmdlzI4OGQUBTipWtHLK21LmI9l5kHHm8zLjO0K7LgVrsE8gYhW9WIQ7WYxbwsMBfixDygcw=', 
    'gAAAAABpLno_8kEgoObhiCOccSurd-h_9GXc51cV6kvghQ-rtiYWDTTzEMGXJEa6d9ku978PHYy83i_bXnsMgfa_U0c-iM4Isg==', 
    '$2a$10$E9.YM/JWMio2o.EmsAiSeOPci1yOiuxsq7rrMi2lqxMq8WCTSQjya',
    '',
    'A', 'N', 'N',
    '2024-03-16', NULL,
    NOW(), 531773952, NULL,
    'Pushp Raj',
    'JUNIOR ENGINEER',
    'HPPWD',
    531802112,
    1,
    118,
    true
);

-- [4/4] UM DATABASE - umst_user_role
INSERT INTO um.umst_user_role (
    user_role_id, uid, role_id, unit_id, operated_on, operated_by, tenant_id, is_data_ported
) VALUES (
    120878848, 
    114, 
    120878848, 
    388, 
    NOW(), 
    531773952, 
    531802112, 
    true
);

-- ----------------------------------------------------------------------

COMMIT;

-- Total records processed: 25
-- Total errors: 0