-- Generated SQL Insert Queries
-- Generated on: 2025-12-02 11:06:34
-- ================================================================================
BEGIN;


================================================================================
-- Employee: Devi Ram  (34679.0)
-- Employee ID: 94 | UID: 90 | User Role ID: 444303467162447
================================================================================

-- [1/4] WAMIS DATABASE - amsm_employee
INSERT INTO wamis.amsm_employee (
    employee_id, emp_num, title, first_name, middle_name, last_name, full_name,
    office_id, is_active, operated_by, operated_on, tenant_id, status,
    joining_date, relieving_date, is_service_change, is_data_ported
) VALUES (
    94,
    '34679',
    'Mr.',
    'Devi',
    NULL,
    'Ram',
    'Devi Ram',
    NULL,
    'Y', 531773952, NOW(), 531802112,
    'A',
    '1992-09-05',
    NULL,
    'N',
    true
);

-- [2/4] WAMIS DATABASE - amsm_employee_service
INSERT INTO wamis.amsm_employee_service (
    office_id, employee_id, designation_id, is_additional_charge,
    start_date, end_date, operated_by, operated_on, tenant_id,
    is_latest, anfn, status, is_data_ported
) VALUES (
    NULL,
    94,
    3,
    'N',
    '2023-04-03',
    NULL,
    531773952, NOW(), 531802112,
    'Y', 'A', 'A', true
);

-- [3/4] UM DATABASE - umsm_user
INSERT INTO um.umsm_user (
    uid, user_id, email_id, mobile_no, "password", old_password,
    employee_status, is_admin_user, is_internally_mapped,
    valid_from, valid_till, operated_on, operated_by, password_changed_on,
    "name", designation, company, tenant_id, designation_id, employee_id, is_data_ported
) VALUES (
    90, 
    '34679', 
    'gAAAAABpLnriXVr3o8BOHdWUDGqUhS7F_RZdPtj1SyDJBhbMVWzcY66qPtpwVhalY39sLbbYkNfIbQoDXHB5fdL9XhOOC4WKn_k_T6uKy_CGRw2YT8YcXE4=', 
    'gAAAAABpLnri3Y2o4H80HPGecz3A2BFyC4Y2Kkp3Tsz-ZNIFqiZgSr6e6hZj8ODLYmYIgcuSCNWRE2j3BLIDSGgcvMewLx-eRA==', 
    '$2a$10$E9.YM/JWMio2o.EmsAiSeOPci1yOiuxsq7rrMi2lqxMq8WCTSQjya',
    '',
    'A', 'N', 'N',
    '2023-04-03', NULL,
    NOW(), 531773952, NULL,
    'Devi Ram',
    'EXECUTIVE ENGINEER',
    'HPPWD',
    531802112,
    3,
    94,
    true
);

-- [4/4] UM DATABASE - umst_user_role
INSERT INTO um.umst_user_role (
    user_role_id, uid, role_id, unit_id, operated_on, operated_by, tenant_id, is_data_ported
) VALUES (
    444303467162447, 
    90, 
    None, 
    NULL, 
    NOW(), 
    531773952, 
    531802112, 
    true
);

-- ----------------------------------------------------------------------


================================================================================
-- Employee: Ram Kumar Sharma  (11425.0)
-- Employee ID: 95 | UID: 91 | User Role ID: 444303467162448
================================================================================

-- [1/4] WAMIS DATABASE - amsm_employee
INSERT INTO wamis.amsm_employee (
    employee_id, emp_num, title, first_name, middle_name, last_name, full_name,
    office_id, is_active, operated_by, operated_on, tenant_id, status,
    joining_date, relieving_date, is_service_change, is_data_ported
) VALUES (
    95,
    '11425',
    'Mr.',
    'Ram',
    'Kumar',
    'Sharma',
    'Ram Kumar Sharma',
    NULL,
    'Y', 531773952, NOW(), 531802112,
    'A',
    '2007-07-18',
    NULL,
    'N',
    true
);

-- [2/4] WAMIS DATABASE - amsm_employee_service
INSERT INTO wamis.amsm_employee_service (
    office_id, employee_id, designation_id, is_additional_charge,
    start_date, end_date, operated_by, operated_on, tenant_id,
    is_latest, anfn, status, is_data_ported
) VALUES (
    NULL,
    95,
    2,
    'N',
    '2023-08-05',
    NULL,
    531773952, NOW(), 531802112,
    'Y', 'A', 'A', true
);

-- [3/4] UM DATABASE - umsm_user
INSERT INTO um.umsm_user (
    uid, user_id, email_id, mobile_no, "password", old_password,
    employee_status, is_admin_user, is_internally_mapped,
    valid_from, valid_till, operated_on, operated_by, password_changed_on,
    "name", designation, company, tenant_id, designation_id, employee_id, is_data_ported
) VALUES (
    91, 
    '11425', 
    'gAAAAABpLnri8XUQvl_KxOefYaxsp7xIunC2VHlJ0NFGeAWeWNTXTDC17j5LcM7L-jB8NzX1z1yt0xpiNyqHyXrfS4bUYrNhlsR0xKW3xRHNNyaI40pSVf0=', 
    'gAAAAABpLnriRJi0qdTozSp4gF_opwiPsw7KjHZuS9ly2VMz0nFFI6PWpqLiaLilbU-Lw6u7xhjVvYhapBFnCHCWv_HO4BuOkw==', 
    '$2a$10$E9.YM/JWMio2o.EmsAiSeOPci1yOiuxsq7rrMi2lqxMq8WCTSQjya',
    '',
    'A', 'N', 'N',
    '2023-08-05', NULL,
    NOW(), 531773952, NULL,
    'Ram Kumar Sharma',
    'ASSISTANT ENGINEER',
    'HPPWD',
    531802112,
    2,
    95,
    true
);

-- [4/4] UM DATABASE - umst_user_role
INSERT INTO um.umst_user_role (
    user_role_id, uid, role_id, unit_id, operated_on, operated_by, tenant_id, is_data_ported
) VALUES (
    444303467162448, 
    91, 
    120882432, 
    NULL, 
    NOW(), 
    531773952, 
    531802112, 
    true
);

-- ----------------------------------------------------------------------


================================================================================
-- Employee: Sushil Kumar  (45354.0)
-- Employee ID: 96 | UID: 92 | User Role ID: 444303467162449
================================================================================

-- [1/4] WAMIS DATABASE - amsm_employee
INSERT INTO wamis.amsm_employee (
    employee_id, emp_num, title, first_name, middle_name, last_name, full_name,
    office_id, is_active, operated_by, operated_on, tenant_id, status,
    joining_date, relieving_date, is_service_change, is_data_ported
) VALUES (
    96,
    '45354',
    'Mr.',
    'Sushil',
    NULL,
    'Kumar',
    'Sushil Kumar',
    349,
    'Y', 531773952, NOW(), 531802112,
    'A',
    '2004-12-20',
    NULL,
    'N',
    true
);

-- [2/4] WAMIS DATABASE - amsm_employee_service
INSERT INTO wamis.amsm_employee_service (
    office_id, employee_id, designation_id, is_additional_charge,
    start_date, end_date, operated_by, operated_on, tenant_id,
    is_latest, anfn, status, is_data_ported
) VALUES (
    349,
    96,
    6,
    'N',
    '2025-10-18',
    NULL,
    531773952, NOW(), 531802112,
    'Y', 'A', 'A', true
);

-- [3/4] UM DATABASE - umsm_user
INSERT INTO um.umsm_user (
    uid, user_id, email_id, mobile_no, "password", old_password,
    employee_status, is_admin_user, is_internally_mapped,
    valid_from, valid_till, operated_on, operated_by, password_changed_on,
    "name", designation, company, tenant_id, designation_id, employee_id, is_data_ported
) VALUES (
    92, 
    '45354', 
    'gAAAAABpLnrixHxQ-a1GLteplW9-PKUjTYsF5dxFOQtlg6YGj1ALpU-CNWEltSbq51bObuHKrBqX3nqZcF_Owg6ACfDOWHWs5lCap5lH0sNe7xKN4biJoT0=', 
    'gAAAAABpLnri10dEwhq7kuIge7_edNUQZZMEIaWQrYo0DnBzp9CBEyjUSoqIqYqd3rhfSGA0wbRW-CTcTH1ys3b59FKtD6Wdgg==', 
    '$2a$10$E9.YM/JWMio2o.EmsAiSeOPci1yOiuxsq7rrMi2lqxMq8WCTSQjya',
    '',
    'A', 'N', 'N',
    '2025-10-18', NULL,
    NOW(), 531773952, NULL,
    'Sushil Kumar',
    'DIVISIONAL ACCOUNTANT OFFICER',
    'HPPWD',
    531802112,
    6,
    96,
    true
);

-- [4/4] UM DATABASE - umst_user_role
INSERT INTO um.umst_user_role (
    user_role_id, uid, role_id, unit_id, operated_on, operated_by, tenant_id, is_data_ported
) VALUES (
    444303467162449, 
    92, 
    None, 
    349, 
    NOW(), 
    531773952, 
    531802112, 
    true
);

-- ----------------------------------------------------------------------


================================================================================
-- Employee: Vijay Kumar  (31331.0)
-- Employee ID: 97 | UID: 93 | User Role ID: 444303467162450
================================================================================

-- [1/4] WAMIS DATABASE - amsm_employee
INSERT INTO wamis.amsm_employee (
    employee_id, emp_num, title, first_name, middle_name, last_name, full_name,
    office_id, is_active, operated_by, operated_on, tenant_id, status,
    joining_date, relieving_date, is_service_change, is_data_ported
) VALUES (
    97,
    '31331',
    'Mr.',
    'Vijay',
    NULL,
    'Kumar',
    'Vijay Kumar',
    NULL,
    'Y', 531773952, NOW(), 531802112,
    'A',
    '1992-12-30',
    NULL,
    'N',
    true
);

-- [2/4] WAMIS DATABASE - amsm_employee_service
INSERT INTO wamis.amsm_employee_service (
    office_id, employee_id, designation_id, is_additional_charge,
    start_date, end_date, operated_by, operated_on, tenant_id,
    is_latest, anfn, status, is_data_ported
) VALUES (
    NULL,
    97,
    250433797,
    'N',
    '2023-08-01',
    NULL,
    531773952, NOW(), 531802112,
    'Y', 'A', 'A', true
);

-- [3/4] UM DATABASE - umsm_user
INSERT INTO um.umsm_user (
    uid, user_id, email_id, mobile_no, "password", old_password,
    employee_status, is_admin_user, is_internally_mapped,
    valid_from, valid_till, operated_on, operated_by, password_changed_on,
    "name", designation, company, tenant_id, designation_id, employee_id, is_data_ported
) VALUES (
    93, 
    '31331', 
    'gAAAAABpLnriZ-nHo8wY9E3XvZPoSAKQh2uQ4dJarzuTHA986Rkxb0hRkTc9I1tDgRJsnvC04MnuQQJ0M49mQ6vLxCQzYb1Jy3ZOhzPFqViWD2EhRs40w2Q=', 
    'gAAAAABpLnrixD1Lx6OaUTrzQX8_0DBJ2LCuO8Ux8H02aF8l1upAE6zi42xOx4aotWm6RvqWEm38OEp7GO3YdtQvrsrFlWAWPw==', 
    '$2a$10$E9.YM/JWMio2o.EmsAiSeOPci1yOiuxsq7rrMi2lqxMq8WCTSQjya',
    '',
    'A', 'N', 'N',
    '2023-08-01', NULL,
    NOW(), 531773952, NULL,
    'Vijay Kumar',
    'SUPERINTENDENT',
    'HPPWD',
    531802112,
    250433797,
    97,
    true
);

-- [4/4] UM DATABASE - umst_user_role
INSERT INTO um.umst_user_role (
    user_role_id, uid, role_id, unit_id, operated_on, operated_by, tenant_id, is_data_ported
) VALUES (
    444303467162450, 
    93, 
    None, 
    NULL, 
    NOW(), 
    531773952, 
    531802112, 
    true
);

-- ----------------------------------------------------------------------


================================================================================
-- Employee: Lokesh Kumar  (12697.0)
-- Employee ID: 98 | UID: 94 | User Role ID: 444303467162451
================================================================================

-- [1/4] WAMIS DATABASE - amsm_employee
INSERT INTO wamis.amsm_employee (
    employee_id, emp_num, title, first_name, middle_name, last_name, full_name,
    office_id, is_active, operated_by, operated_on, tenant_id, status,
    joining_date, relieving_date, is_service_change, is_data_ported
) VALUES (
    98,
    '12697',
    'Mr.',
    'Lokesh',
    NULL,
    'Kumar',
    'Lokesh Kumar',
    NULL,
    'Y', 531773952, NOW(), 531802112,
    'A',
    '2000-09-18',
    NULL,
    'N',
    true
);

-- [2/4] WAMIS DATABASE - amsm_employee_service
INSERT INTO wamis.amsm_employee_service (
    office_id, employee_id, designation_id, is_additional_charge,
    start_date, end_date, operated_by, operated_on, tenant_id,
    is_latest, anfn, status, is_data_ported
) VALUES (
    NULL,
    98,
    4,
    'N',
    '2024-03-16',
    NULL,
    531773952, NOW(), 531802112,
    'Y', 'A', 'A', true
);

-- [3/4] UM DATABASE - umsm_user
INSERT INTO um.umsm_user (
    uid, user_id, email_id, mobile_no, "password", old_password,
    employee_status, is_admin_user, is_internally_mapped,
    valid_from, valid_till, operated_on, operated_by, password_changed_on,
    "name", designation, company, tenant_id, designation_id, employee_id, is_data_ported
) VALUES (
    94, 
    '12697', 
    'gAAAAABpLnrieTTM2fGrcr3_VNvfwNsHlimh50msy_5I-h1kUjN1uQXfhgxepmxD0GvzAsa50OTmqeMQsZdnhSUPDmMxCA1ckTsRMGbfd1wjQ4RAe6zZ4tI=', 
    'gAAAAABpLnrizv2qDkS3rW3O4L28JkJlPM6n96mMbhsr6RI69oWCM2AJgOlhHC0LOTTcd_iApOLMnHe_jNU_mja8IOEXGcRcXw==', 
    '$2a$10$E9.YM/JWMio2o.EmsAiSeOPci1yOiuxsq7rrMi2lqxMq8WCTSQjya',
    '',
    'A', 'N', 'N',
    '2024-03-16', NULL,
    NOW(), 531773952, NULL,
    'Lokesh Kumar',
    'OTHER',
    'HPPWD',
    531802112,
    4,
    98,
    true
);

-- [4/4] UM DATABASE - umst_user_role
INSERT INTO um.umst_user_role (
    user_role_id, uid, role_id, unit_id, operated_on, operated_by, tenant_id, is_data_ported
) VALUES (
    444303467162451, 
    94, 
    None, 
    NULL, 
    NOW(), 
    531773952, 
    531802112, 
    true
);

-- ----------------------------------------------------------------------


================================================================================
-- Employee: Ravi Thakur  (51278.0)
-- Employee ID: 99 | UID: 95 | User Role ID: 444303467162452
================================================================================

-- [1/4] WAMIS DATABASE - amsm_employee
INSERT INTO wamis.amsm_employee (
    employee_id, emp_num, title, first_name, middle_name, last_name, full_name,
    office_id, is_active, operated_by, operated_on, tenant_id, status,
    joining_date, relieving_date, is_service_change, is_data_ported
) VALUES (
    99,
    '51278',
    'Mr.',
    'Ravi',
    NULL,
    'Thakur',
    'Ravi Thakur',
    NULL,
    'Y', 531773952, NOW(), 531802112,
    'A',
    '2017-10-06',
    NULL,
    'N',
    true
);

-- [2/4] WAMIS DATABASE - amsm_employee_service
INSERT INTO wamis.amsm_employee_service (
    office_id, employee_id, designation_id, is_additional_charge,
    start_date, end_date, operated_by, operated_on, tenant_id,
    is_latest, anfn, status, is_data_ported
) VALUES (
    NULL,
    99,
    4,
    'N',
    '2019-05-29',
    NULL,
    531773952, NOW(), 531802112,
    'Y', 'A', 'A', true
);

-- [3/4] UM DATABASE - umsm_user
INSERT INTO um.umsm_user (
    uid, user_id, email_id, mobile_no, "password", old_password,
    employee_status, is_admin_user, is_internally_mapped,
    valid_from, valid_till, operated_on, operated_by, password_changed_on,
    "name", designation, company, tenant_id, designation_id, employee_id, is_data_ported
) VALUES (
    95, 
    '51278', 
    'gAAAAABpLnrioFpbxadVW49F07x1ykMjy4m8hLUzXLo5D9vy_lyG1n_KCJBVCe4WPlBOV4zOx6jdMPq_xoewdqP4oAMBeq_tXbSXeaP_6ILB2X-InL-auYg=', 
    'gAAAAABpLnribqAxS-NqaGosPluUGhAsN9iAXc6eO_QT5k2cxBfEv9cKiLUs8bV3rzgCqUCI4aA_O8-A-L_0BExZIq_pPgax9g==', 
    '$2a$10$E9.YM/JWMio2o.EmsAiSeOPci1yOiuxsq7rrMi2lqxMq8WCTSQjya',
    '',
    'A', 'N', 'N',
    '2019-05-29', NULL,
    NOW(), 531773952, NULL,
    'Ravi Thakur',
    'OTHER',
    'HPPWD',
    531802112,
    4,
    99,
    true
);

-- [4/4] UM DATABASE - umst_user_role
INSERT INTO um.umst_user_role (
    user_role_id, uid, role_id, unit_id, operated_on, operated_by, tenant_id, is_data_ported
) VALUES (
    444303467162452, 
    95, 
    None, 
    NULL, 
    NOW(), 
    531773952, 
    531802112, 
    true
);

-- ----------------------------------------------------------------------


================================================================================
-- Employee: Prem Chand  (57249.0)
-- Employee ID: 100 | UID: 96 | User Role ID: 444303467162453
================================================================================

-- [1/4] WAMIS DATABASE - amsm_employee
INSERT INTO wamis.amsm_employee (
    employee_id, emp_num, title, first_name, middle_name, last_name, full_name,
    office_id, is_active, operated_by, operated_on, tenant_id, status,
    joining_date, relieving_date, is_service_change, is_data_ported
) VALUES (
    100,
    '57249',
    'Mr.',
    'Prem',
    NULL,
    'Chand',
    'Prem Chand',
    NULL,
    'Y', 531773952, NOW(), 531802112,
    'A',
    '2024-09-18',
    NULL,
    'N',
    true
);

-- [2/4] WAMIS DATABASE - amsm_employee_service
INSERT INTO wamis.amsm_employee_service (
    office_id, employee_id, designation_id, is_additional_charge,
    start_date, end_date, operated_by, operated_on, tenant_id,
    is_latest, anfn, status, is_data_ported
) VALUES (
    NULL,
    100,
    4,
    'N',
    '2024-09-18',
    NULL,
    531773952, NOW(), 531802112,
    'Y', 'A', 'A', true
);

-- [3/4] UM DATABASE - umsm_user
INSERT INTO um.umsm_user (
    uid, user_id, email_id, mobile_no, "password", old_password,
    employee_status, is_admin_user, is_internally_mapped,
    valid_from, valid_till, operated_on, operated_by, password_changed_on,
    "name", designation, company, tenant_id, designation_id, employee_id, is_data_ported
) VALUES (
    96, 
    '57249', 
    'gAAAAABpLnriBqwJ3_PGzZItGgqvE4-wnDUX0m94--2W5g_ZFeiSERXouL_c0ZpZl-BswvQ2dLxdERdEGDUJ157xGvmJ5lXh1jzrVatKBVCct5vreohxuSs=', 
    'gAAAAABpLnrilK4qbVxyfcyQS-c8SGtseuC6Zxgro069KR1zUpIxhuP7gx51hXgaVvqqnD3JnNzXNKbZxRBlS2W-pbw1xKQMKQ==', 
    '$2a$10$E9.YM/JWMio2o.EmsAiSeOPci1yOiuxsq7rrMi2lqxMq8WCTSQjya',
    '',
    'A', 'N', 'N',
    '2024-09-18', NULL,
    NOW(), 531773952, NULL,
    'Prem Chand',
    'OTHER',
    'HPPWD',
    531802112,
    4,
    100,
    true
);

-- [4/4] UM DATABASE - umst_user_role
INSERT INTO um.umst_user_role (
    user_role_id, uid, role_id, unit_id, operated_on, operated_by, tenant_id, is_data_ported
) VALUES (
    444303467162453, 
    96, 
    None, 
    NULL, 
    NOW(), 
    531773952, 
    531802112, 
    true
);

-- ----------------------------------------------------------------------


================================================================================
-- Employee: Raj Kumar  (37720.0)
-- Employee ID: 101 | UID: 97 | User Role ID: 444303467162454
================================================================================

-- [1/4] WAMIS DATABASE - amsm_employee
INSERT INTO wamis.amsm_employee (
    employee_id, emp_num, title, first_name, middle_name, last_name, full_name,
    office_id, is_active, operated_by, operated_on, tenant_id, status,
    joining_date, relieving_date, is_service_change, is_data_ported
) VALUES (
    101,
    '37720',
    'Mr.',
    'Raj',
    NULL,
    'Kumar',
    'Raj Kumar',
    NULL,
    'Y', 531773952, NOW(), 531802112,
    'A',
    '2000-01-17',
    NULL,
    'N',
    true
);

-- [2/4] WAMIS DATABASE - amsm_employee_service
INSERT INTO wamis.amsm_employee_service (
    office_id, employee_id, designation_id, is_additional_charge,
    start_date, end_date, operated_by, operated_on, tenant_id,
    is_latest, anfn, status, is_data_ported
) VALUES (
    NULL,
    101,
    4,
    'N',
    '2023-09-06',
    NULL,
    531773952, NOW(), 531802112,
    'Y', 'A', 'A', true
);

-- [3/4] UM DATABASE - umsm_user
INSERT INTO um.umsm_user (
    uid, user_id, email_id, mobile_no, "password", old_password,
    employee_status, is_admin_user, is_internally_mapped,
    valid_from, valid_till, operated_on, operated_by, password_changed_on,
    "name", designation, company, tenant_id, designation_id, employee_id, is_data_ported
) VALUES (
    97, 
    '37720', 
    'gAAAAABpLnrivZkcF556UiX_kqRnq2N3Qxo3uZTX9hBRO56b8PDJQm6n46t0k5__y_4pV4r-o_xQGrRRzeOXY1XJDa7mWxWh_akbuXPgwI1PhOHrMR1oITc=', 
    'gAAAAABpLnrii3z7dc25k03rs_Csm-sUQrQUp-nRWpRHiMu-fijP-pHFn10399ak3bj7fverbe1YjwGm4EBISAcHYrfRGpVR6g==', 
    '$2a$10$E9.YM/JWMio2o.EmsAiSeOPci1yOiuxsq7rrMi2lqxMq8WCTSQjya',
    '',
    'A', 'N', 'N',
    '2023-09-06', NULL,
    NOW(), 531773952, NULL,
    'Raj Kumar',
    'OTHER',
    'HPPWD',
    531802112,
    4,
    101,
    true
);

-- [4/4] UM DATABASE - umst_user_role
INSERT INTO um.umst_user_role (
    user_role_id, uid, role_id, unit_id, operated_on, operated_by, tenant_id, is_data_ported
) VALUES (
    444303467162454, 
    97, 
    None, 
    NULL, 
    NOW(), 
    531773952, 
    531802112, 
    true
);

-- ----------------------------------------------------------------------


================================================================================
-- Employee: Maya Devi  (10173.0)
-- Employee ID: 102 | UID: 98 | User Role ID: 444303467162455
================================================================================

-- [1/4] WAMIS DATABASE - amsm_employee
INSERT INTO wamis.amsm_employee (
    employee_id, emp_num, title, first_name, middle_name, last_name, full_name,
    office_id, is_active, operated_by, operated_on, tenant_id, status,
    joining_date, relieving_date, is_service_change, is_data_ported
) VALUES (
    102,
    '10173',
    'Ms.',
    'Maya',
    NULL,
    'Devi',
    'Maya Devi',
    NULL,
    'Y', 531773952, NOW(), 531802112,
    'A',
    '2000-05-11',
    NULL,
    'N',
    true
);

-- [2/4] WAMIS DATABASE - amsm_employee_service
INSERT INTO wamis.amsm_employee_service (
    office_id, employee_id, designation_id, is_additional_charge,
    start_date, end_date, operated_by, operated_on, tenant_id,
    is_latest, anfn, status, is_data_ported
) VALUES (
    NULL,
    102,
    4,
    'N',
    '2022-08-08',
    NULL,
    531773952, NOW(), 531802112,
    'Y', 'A', 'A', true
);

-- [3/4] UM DATABASE - umsm_user
INSERT INTO um.umsm_user (
    uid, user_id, email_id, mobile_no, "password", old_password,
    employee_status, is_admin_user, is_internally_mapped,
    valid_from, valid_till, operated_on, operated_by, password_changed_on,
    "name", designation, company, tenant_id, designation_id, employee_id, is_data_ported
) VALUES (
    98, 
    '10173', 
    'gAAAAABpLnriGMlL6kFvhuhBRnHhkJ7GKUbGt_m0TGSx3qVT8iyVWdr1-BYQ1sZzEvEYtP0plOTuEecAca6ljza88HAJrbhwuNkbNYNSX5MYpm_qYRN4MPY=', 
    'gAAAAABpLnri2DOBQE1jUANeLDSfG2H8ZW0B7zybZt4FrshEPWryinMEpUvbrqJB12AABwJKekBVRsKv4B5EM-HDyXSOsVDWIQ==', 
    '$2a$10$E9.YM/JWMio2o.EmsAiSeOPci1yOiuxsq7rrMi2lqxMq8WCTSQjya',
    '',
    'A', 'N', 'N',
    '2022-08-08', NULL,
    NOW(), 531773952, NULL,
    'Maya Devi',
    'OTHER',
    'HPPWD',
    531802112,
    4,
    102,
    true
);

-- [4/4] UM DATABASE - umst_user_role
INSERT INTO um.umst_user_role (
    user_role_id, uid, role_id, unit_id, operated_on, operated_by, tenant_id, is_data_ported
) VALUES (
    444303467162455, 
    98, 
    None, 
    NULL, 
    NOW(), 
    531773952, 
    531802112, 
    true
);

-- ----------------------------------------------------------------------


================================================================================
-- Employee: Sunku Ram  (38403.0)
-- Employee ID: 103 | UID: 99 | User Role ID: 444303467162456
================================================================================

-- [1/4] WAMIS DATABASE - amsm_employee
INSERT INTO wamis.amsm_employee (
    employee_id, emp_num, title, first_name, middle_name, last_name, full_name,
    office_id, is_active, operated_by, operated_on, tenant_id, status,
    joining_date, relieving_date, is_service_change, is_data_ported
) VALUES (
    103,
    '38403',
    'Mr.',
    'Sunku',
    NULL,
    'Ram',
    'Sunku Ram',
    NULL,
    'Y', 531773952, NOW(), 531802112,
    'A',
    '2004-01-01',
    NULL,
    'N',
    true
);

-- [2/4] WAMIS DATABASE - amsm_employee_service
INSERT INTO wamis.amsm_employee_service (
    office_id, employee_id, designation_id, is_additional_charge,
    start_date, end_date, operated_by, operated_on, tenant_id,
    is_latest, anfn, status, is_data_ported
) VALUES (
    NULL,
    103,
    4,
    'N',
    '2023-11-06',
    NULL,
    531773952, NOW(), 531802112,
    'Y', 'A', 'A', true
);

-- [3/4] UM DATABASE - umsm_user
INSERT INTO um.umsm_user (
    uid, user_id, email_id, mobile_no, "password", old_password,
    employee_status, is_admin_user, is_internally_mapped,
    valid_from, valid_till, operated_on, operated_by, password_changed_on,
    "name", designation, company, tenant_id, designation_id, employee_id, is_data_ported
) VALUES (
    99, 
    '38403', 
    'gAAAAABpLnrivW424UHbaJNkD3uWFvgqjd3i12lMz1emAzMgVW9a0dxT_v2w_j-k_qM8Gs7d-rJKPSaq_w9LoozN-fYd7a_WwZgmO66WmFw9d8b3kiKXtRI=', 
    'gAAAAABpLnris9kuao1wosLYg9uab_xZbSD6GIbM3J5zEDx3ylo0OEGllOPUwiyXgx8YHkyQtbhHePlBznzwUW6aeDa56clXXg==', 
    '$2a$10$E9.YM/JWMio2o.EmsAiSeOPci1yOiuxsq7rrMi2lqxMq8WCTSQjya',
    '',
    'A', 'N', 'N',
    '2023-11-06', NULL,
    NOW(), 531773952, NULL,
    'Sunku Ram',
    'OTHER',
    'HPPWD',
    531802112,
    4,
    103,
    true
);

-- [4/4] UM DATABASE - umst_user_role
INSERT INTO um.umst_user_role (
    user_role_id, uid, role_id, unit_id, operated_on, operated_by, tenant_id, is_data_ported
) VALUES (
    444303467162456, 
    99, 
    None, 
    NULL, 
    NOW(), 
    531773952, 
    531802112, 
    true
);

-- ----------------------------------------------------------------------


================================================================================
-- Employee: Priyanka  (51712.0)
-- Employee ID: 104 | UID: 100 | User Role ID: 444303467162457
================================================================================

-- [1/4] WAMIS DATABASE - amsm_employee
INSERT INTO wamis.amsm_employee (
    employee_id, emp_num, title, first_name, middle_name, last_name, full_name,
    office_id, is_active, operated_by, operated_on, tenant_id, status,
    joining_date, relieving_date, is_service_change, is_data_ported
) VALUES (
    104,
    '51712',
    'Ms.',
    'Priyanka',
    NULL,
    '-',
    'Priyanka',
    NULL,
    'Y', 531773952, NOW(), 531802112,
    'A',
    '2017-09-07',
    NULL,
    'N',
    true
);

-- [2/4] WAMIS DATABASE - amsm_employee_service
INSERT INTO wamis.amsm_employee_service (
    office_id, employee_id, designation_id, is_additional_charge,
    start_date, end_date, operated_by, operated_on, tenant_id,
    is_latest, anfn, status, is_data_ported
) VALUES (
    NULL,
    104,
    1,
    'N',
    '2024-07-08',
    NULL,
    531773952, NOW(), 531802112,
    'Y', 'A', 'A', true
);

-- [3/4] UM DATABASE - umsm_user
INSERT INTO um.umsm_user (
    uid, user_id, email_id, mobile_no, "password", old_password,
    employee_status, is_admin_user, is_internally_mapped,
    valid_from, valid_till, operated_on, operated_by, password_changed_on,
    "name", designation, company, tenant_id, designation_id, employee_id, is_data_ported
) VALUES (
    100, 
    '51712', 
    'gAAAAABpLnrieEPqTfo-KfoQvnd2B5DzzslnwNciUvrMPNAiqPbEon9KOZEukdg81I95A5Uzi3W14dQTFZinNBKxZ_AQfVhIB_AtTk_ehL_YSwcWHr2wrxU=', 
    'gAAAAABpLnri3vSXo4Tzz7bIs80L9UQKsdJ9zkxo1mxPVGBKADc6YTH2wvb6fjsRi2E_m70ub4DgLvDcYcWvqaNJtxlh5NUgcw==', 
    '$2a$10$E9.YM/JWMio2o.EmsAiSeOPci1yOiuxsq7rrMi2lqxMq8WCTSQjya',
    '',
    'A', 'N', 'N',
    '2024-07-08', NULL,
    NOW(), 531773952, NULL,
    'Priyanka',
    'JUNIOR ENGINEER',
    'HPPWD',
    531802112,
    1,
    104,
    true
);

-- [4/4] UM DATABASE - umst_user_role
INSERT INTO um.umst_user_role (
    user_role_id, uid, role_id, unit_id, operated_on, operated_by, tenant_id, is_data_ported
) VALUES (
    444303467162457, 
    100, 
    120878848, 
    NULL, 
    NOW(), 
    531773952, 
    531802112, 
    true
);

-- ----------------------------------------------------------------------


================================================================================
-- Employee: Priyanka Kumari  (57252.0)
-- Employee ID: 105 | UID: 101 | User Role ID: 444303467162458
================================================================================

-- [1/4] WAMIS DATABASE - amsm_employee
INSERT INTO wamis.amsm_employee (
    employee_id, emp_num, title, first_name, middle_name, last_name, full_name,
    office_id, is_active, operated_by, operated_on, tenant_id, status,
    joining_date, relieving_date, is_service_change, is_data_ported
) VALUES (
    105,
    '57252',
    'Ms.',
    'Priyanka',
    NULL,
    'Kumari',
    'Priyanka Kumari',
    349,
    'Y', 531773952, NOW(), 531802112,
    'A',
    '2024-11-02',
    NULL,
    'N',
    true
);

-- [2/4] WAMIS DATABASE - amsm_employee_service
INSERT INTO wamis.amsm_employee_service (
    office_id, employee_id, designation_id, is_additional_charge,
    start_date, end_date, operated_by, operated_on, tenant_id,
    is_latest, anfn, status, is_data_ported
) VALUES (
    349,
    105,
    NULL,
    'N',
    '2024-11-02',
    NULL,
    531773952, NOW(), 531802112,
    'Y', 'A', 'A', true
);

-- [3/4] UM DATABASE - umsm_user
INSERT INTO um.umsm_user (
    uid, user_id, email_id, mobile_no, "password", old_password,
    employee_status, is_admin_user, is_internally_mapped,
    valid_from, valid_till, operated_on, operated_by, password_changed_on,
    "name", designation, company, tenant_id, designation_id, employee_id, is_data_ported
) VALUES (
    101, 
    '57252', 
    'gAAAAABpLnriWnVIrmwT_XJ9NsCsTbHDPCRqHLb-zZ1zmlZQMY8a0iS-F9Hr4e2lJtf1E-Jpea26CQRo6U6F0K3-cJy47114hnZ6NYv-2EuPlwMmu7FweMg=', 
    'gAAAAABpLnricngkfNK529QE5iBFaOAWiUk3woAxKLWoZO9Q0T7NWFWCnlo1emJ1ejnXxtI_XBrGGR1s6VhNBsVp9LokQZS3Fw==', 
    '$2a$10$E9.YM/JWMio2o.EmsAiSeOPci1yOiuxsq7rrMi2lqxMq8WCTSQjya',
    '',
    'A', 'N', 'N',
    '2024-11-02', NULL,
    NOW(), 531773952, NULL,
    'Priyanka Kumari',
    'JUNIOR DRAUGHTSMAN',
    'HPPWD',
    531802112,
    NULL,
    105,
    true
);

-- [4/4] UM DATABASE - umst_user_role
INSERT INTO um.umst_user_role (
    user_role_id, uid, role_id, unit_id, operated_on, operated_by, tenant_id, is_data_ported
) VALUES (
    444303467162458, 
    101, 
    None, 
    349, 
    NOW(), 
    531773952, 
    531802112, 
    true
);

-- ----------------------------------------------------------------------


================================================================================
-- Employee: Anshul Chaudhary (56149.0)
-- Employee ID: 106 | UID: 102 | User Role ID: 444303467162459
================================================================================

-- [1/4] WAMIS DATABASE - amsm_employee
INSERT INTO wamis.amsm_employee (
    employee_id, emp_num, title, first_name, middle_name, last_name, full_name,
    office_id, is_active, operated_by, operated_on, tenant_id, status,
    joining_date, relieving_date, is_service_change, is_data_ported
) VALUES (
    106,
    '56149',
    'Mr.',
    'Anshul',
    NULL,
    'Chaudhary',
    'Anshul Chaudhary',
    380,
    'Y', 531773952, NOW(), 531802112,
    'A',
    '2017-02-15',
    NULL,
    'N',
    true
);

-- [2/4] WAMIS DATABASE - amsm_employee_service
INSERT INTO wamis.amsm_employee_service (
    office_id, employee_id, designation_id, is_additional_charge,
    start_date, end_date, operated_by, operated_on, tenant_id,
    is_latest, anfn, status, is_data_ported
) VALUES (
    380,
    106,
    2,
    'N',
    '2025-05-01',
    NULL,
    531773952, NOW(), 531802112,
    'Y', 'A', 'A', true
);

-- [3/4] UM DATABASE - umsm_user
INSERT INTO um.umsm_user (
    uid, user_id, email_id, mobile_no, "password", old_password,
    employee_status, is_admin_user, is_internally_mapped,
    valid_from, valid_till, operated_on, operated_by, password_changed_on,
    "name", designation, company, tenant_id, designation_id, employee_id, is_data_ported
) VALUES (
    102, 
    '56149', 
    'gAAAAABpLnri9FiK5SuZJBo8mY42X3w9ECu1h9iX8Nq24pCNNvLQ2eo_sD3JeCXkyN-rdLVY89WCMwl_GgHiNu9wQT2q3ew86iGD2hsuP2--INt8_jCmLFM=', 
    'gAAAAABpLnriOvdmurrG35YJjd8Q1jTzblYaZ0GZav14qNBQNVOcnQmW4UV7ejXS-qSx2qTtI6svg9Dloole_lZNqc6ty1tq1A==', 
    '$2a$10$E9.YM/JWMio2o.EmsAiSeOPci1yOiuxsq7rrMi2lqxMq8WCTSQjya',
    '',
    'A', 'N', 'N',
    '2025-05-01', NULL,
    NOW(), 531773952, NULL,
    'Anshul Chaudhary',
    'ASSISTANT ENGINEER',
    'HPPWD',
    531802112,
    2,
    106,
    true
);

-- [4/4] UM DATABASE - umst_user_role
INSERT INTO um.umst_user_role (
    user_role_id, uid, role_id, unit_id, operated_on, operated_by, tenant_id, is_data_ported
) VALUES (
    444303467162459, 
    102, 
    120882432, 
    380, 
    NOW(), 
    531773952, 
    531802112, 
    true
);

-- ----------------------------------------------------------------------


================================================================================
-- Employee: Lekh Raj  (29836.0)
-- Employee ID: 107 | UID: 103 | User Role ID: 444303467162460
================================================================================

-- [1/4] WAMIS DATABASE - amsm_employee
INSERT INTO wamis.amsm_employee (
    employee_id, emp_num, title, first_name, middle_name, last_name, full_name,
    office_id, is_active, operated_by, operated_on, tenant_id, status,
    joining_date, relieving_date, is_service_change, is_data_ported
) VALUES (
    107,
    '29836',
    'Mr.',
    'Lekh',
    NULL,
    'Raj',
    'Lekh Raj',
    NULL,
    'Y', 531773952, NOW(), 531802112,
    'A',
    '1999-12-17',
    NULL,
    'N',
    true
);

-- [2/4] WAMIS DATABASE - amsm_employee_service
INSERT INTO wamis.amsm_employee_service (
    office_id, employee_id, designation_id, is_additional_charge,
    start_date, end_date, operated_by, operated_on, tenant_id,
    is_latest, anfn, status, is_data_ported
) VALUES (
    NULL,
    107,
    1,
    'N',
    '2023-09-01',
    NULL,
    531773952, NOW(), 531802112,
    'Y', 'A', 'A', true
);

-- [3/4] UM DATABASE - umsm_user
INSERT INTO um.umsm_user (
    uid, user_id, email_id, mobile_no, "password", old_password,
    employee_status, is_admin_user, is_internally_mapped,
    valid_from, valid_till, operated_on, operated_by, password_changed_on,
    "name", designation, company, tenant_id, designation_id, employee_id, is_data_ported
) VALUES (
    103, 
    '29836', 
    'gAAAAABpLnriJv4WlFc9xPvK6lnuwercBgnaClWZVUQVwbon-yCaossVK7oQhebM0koaLi5A0tdq1vMAJV_4XVbrtUeV-uuHdxBDtJ41mzV4Myw2VKXiTo4=', 
    'gAAAAABpLnri5mA4dii4lQo28uz2SmbdRR9fGSq0_i_CNOE8X4wW4rWvjPtoV2h5amIV4U2hlJ048qeKScu1d5qAvRqcWKuOvw==', 
    '$2a$10$E9.YM/JWMio2o.EmsAiSeOPci1yOiuxsq7rrMi2lqxMq8WCTSQjya',
    '',
    'A', 'N', 'N',
    '2023-09-01', NULL,
    NOW(), 531773952, NULL,
    'Lekh Raj',
    'JUNIOR ENGINEER',
    'HPPWD',
    531802112,
    1,
    107,
    true
);

-- [4/4] UM DATABASE - umst_user_role
INSERT INTO um.umst_user_role (
    user_role_id, uid, role_id, unit_id, operated_on, operated_by, tenant_id, is_data_ported
) VALUES (
    444303467162460, 
    103, 
    120878848, 
    NULL, 
    NOW(), 
    531773952, 
    531802112, 
    true
);

-- ----------------------------------------------------------------------


================================================================================
-- Employee: Sahil Thakur  (13281.0)
-- Employee ID: 108 | UID: 104 | User Role ID: 444303467162461
================================================================================

-- [1/4] WAMIS DATABASE - amsm_employee
INSERT INTO wamis.amsm_employee (
    employee_id, emp_num, title, first_name, middle_name, last_name, full_name,
    office_id, is_active, operated_by, operated_on, tenant_id, status,
    joining_date, relieving_date, is_service_change, is_data_ported
) VALUES (
    108,
    '13281',
    'Mr.',
    'Sahil',
    NULL,
    'Thakur',
    'Sahil Thakur',
    NULL,
    'Y', 531773952, NOW(), 531802112,
    'A',
    '2013-09-28',
    NULL,
    'N',
    true
);

-- [2/4] WAMIS DATABASE - amsm_employee_service
INSERT INTO wamis.amsm_employee_service (
    office_id, employee_id, designation_id, is_additional_charge,
    start_date, end_date, operated_by, operated_on, tenant_id,
    is_latest, anfn, status, is_data_ported
) VALUES (
    NULL,
    108,
    4,
    'N',
    '2023-05-09',
    NULL,
    531773952, NOW(), 531802112,
    'Y', 'A', 'A', true
);

-- [3/4] UM DATABASE - umsm_user
INSERT INTO um.umsm_user (
    uid, user_id, email_id, mobile_no, "password", old_password,
    employee_status, is_admin_user, is_internally_mapped,
    valid_from, valid_till, operated_on, operated_by, password_changed_on,
    "name", designation, company, tenant_id, designation_id, employee_id, is_data_ported
) VALUES (
    104, 
    '13281', 
    'gAAAAABpLnriRy696XOBzo3JkUTl3O2TZWe_89QDbBUyWHGsF2KI3KSSH4tZVzBN20JH0S4IkzfqSBAP1X5yjXwe9wW8af8MmuwHqP0WR6bnAMfYZOKxf4g=', 
    'gAAAAABpLnriubN93FREpCacN6ner9JdRCEOKpyPp1oGIz2AfywBN7JqZeIkHdtblhFOVAUY-JmHQ8mP3d8_pZj30nsyW17o7g==', 
    '$2a$10$E9.YM/JWMio2o.EmsAiSeOPci1yOiuxsq7rrMi2lqxMq8WCTSQjya',
    '',
    'A', 'N', 'N',
    '2023-05-09', NULL,
    NOW(), 531773952, NULL,
    'Sahil Thakur',
    'OTHER',
    'HPPWD',
    531802112,
    4,
    108,
    true
);

-- [4/4] UM DATABASE - umst_user_role
INSERT INTO um.umst_user_role (
    user_role_id, uid, role_id, unit_id, operated_on, operated_by, tenant_id, is_data_ported
) VALUES (
    444303467162461, 
    104, 
    None, 
    NULL, 
    NOW(), 
    531773952, 
    531802112, 
    true
);

-- ----------------------------------------------------------------------


================================================================================
-- Employee: Arjun Katoch  (53977.0)
-- Employee ID: 109 | UID: 105 | User Role ID: 444303467162462
================================================================================

-- [1/4] WAMIS DATABASE - amsm_employee
INSERT INTO wamis.amsm_employee (
    employee_id, emp_num, title, first_name, middle_name, last_name, full_name,
    office_id, is_active, operated_by, operated_on, tenant_id, status,
    joining_date, relieving_date, is_service_change, is_data_ported
) VALUES (
    109,
    '53977',
    'Mr.',
    'Arjun',
    NULL,
    'Katoch',
    'Arjun Katoch',
    385,
    'Y', 531773952, NOW(), 531802112,
    'A',
    '2017-08-29',
    NULL,
    'N',
    true
);

-- [2/4] WAMIS DATABASE - amsm_employee_service
INSERT INTO wamis.amsm_employee_service (
    office_id, employee_id, designation_id, is_additional_charge,
    start_date, end_date, operated_by, operated_on, tenant_id,
    is_latest, anfn, status, is_data_ported
) VALUES (
    385,
    109,
    1,
    'N',
    '2024-03-05',
    NULL,
    531773952, NOW(), 531802112,
    'Y', 'A', 'A', true
);

-- [3/4] UM DATABASE - umsm_user
INSERT INTO um.umsm_user (
    uid, user_id, email_id, mobile_no, "password", old_password,
    employee_status, is_admin_user, is_internally_mapped,
    valid_from, valid_till, operated_on, operated_by, password_changed_on,
    "name", designation, company, tenant_id, designation_id, employee_id, is_data_ported
) VALUES (
    105, 
    '53977', 
    'gAAAAABpLnrimaX2AWZhz4yzjizjBLqfgChLQlTSlcHDQvghuJ569-uheI3KUGGR9JjWD4VMFeKeWdy1vk57-IU-k7XdnxovtxrJLl318SXkdbxt0Zk7FOk=', 
    'gAAAAABpLnriBEqhxJbEIVr-xmW4V4jL-uRERI2DmcGU8rGd6HXbEUTfU_yNrFeZSIoktKc9ip_emQui7-1sNkLepUtyob8fvA==', 
    '$2a$10$E9.YM/JWMio2o.EmsAiSeOPci1yOiuxsq7rrMi2lqxMq8WCTSQjya',
    '',
    'A', 'N', 'N',
    '2024-03-05', NULL,
    NOW(), 531773952, NULL,
    'Arjun Katoch',
    'JUNIOR ENGINEER',
    'HPPWD',
    531802112,
    1,
    109,
    true
);

-- [4/4] UM DATABASE - umst_user_role
INSERT INTO um.umst_user_role (
    user_role_id, uid, role_id, unit_id, operated_on, operated_by, tenant_id, is_data_ported
) VALUES (
    444303467162462, 
    105, 
    120878848, 
    385, 
    NOW(), 
    531773952, 
    531802112, 
    true
);

-- ----------------------------------------------------------------------


================================================================================
-- Employee: Jitender Thakur (55029.0)
-- Employee ID: 110 | UID: 106 | User Role ID: 444303467162463
================================================================================

-- [1/4] WAMIS DATABASE - amsm_employee
INSERT INTO wamis.amsm_employee (
    employee_id, emp_num, title, first_name, middle_name, last_name, full_name,
    office_id, is_active, operated_by, operated_on, tenant_id, status,
    joining_date, relieving_date, is_service_change, is_data_ported
) VALUES (
    110,
    '55029',
    'Mr.',
    'Jitender',
    NULL,
    'Thakur',
    'Jitender Thakur',
    384,
    'Y', 531773952, NOW(), 531802112,
    'A',
    '2016-02-23',
    NULL,
    'N',
    true
);

-- [2/4] WAMIS DATABASE - amsm_employee_service
INSERT INTO wamis.amsm_employee_service (
    office_id, employee_id, designation_id, is_additional_charge,
    start_date, end_date, operated_by, operated_on, tenant_id,
    is_latest, anfn, status, is_data_ported
) VALUES (
    384,
    110,
    1,
    'N',
    '2022-09-09',
    NULL,
    531773952, NOW(), 531802112,
    'Y', 'A', 'A', true
);

-- [3/4] UM DATABASE - umsm_user
INSERT INTO um.umsm_user (
    uid, user_id, email_id, mobile_no, "password", old_password,
    employee_status, is_admin_user, is_internally_mapped,
    valid_from, valid_till, operated_on, operated_by, password_changed_on,
    "name", designation, company, tenant_id, designation_id, employee_id, is_data_ported
) VALUES (
    106, 
    '55029', 
    'gAAAAABpLnriUS2C_xSThxN-nR_YFuvtayz15u8tnSRb8aIVRhkP7e9GOAMqcDMNrr5K3Fkq-ACANOp1H-NVGNwywdsYBanPtcj3iHJ46a6rdsw9cbaWCzc=', 
    'gAAAAABpLnri61ZTUBRpNTMEd_2Kac54iq17DPiE1RkwfvrBRmOqapFQAcCalqaTaeLrmiYxRcRPQF2AcSuJZ1UsFlv16XM2PA==', 
    '$2a$10$E9.YM/JWMio2o.EmsAiSeOPci1yOiuxsq7rrMi2lqxMq8WCTSQjya',
    '',
    'A', 'N', 'N',
    '2022-09-09', NULL,
    NOW(), 531773952, NULL,
    'Jitender Thakur',
    'JUNIOR ENGINEER',
    'HPPWD',
    531802112,
    1,
    110,
    true
);

-- [4/4] UM DATABASE - umst_user_role
INSERT INTO um.umst_user_role (
    user_role_id, uid, role_id, unit_id, operated_on, operated_by, tenant_id, is_data_ported
) VALUES (
    444303467162463, 
    106, 
    120878848, 
    384, 
    NOW(), 
    531773952, 
    531802112, 
    true
);

-- ----------------------------------------------------------------------


================================================================================
-- Employee: Satish Kumar  (45707.0)
-- Employee ID: 111 | UID: 107 | User Role ID: 444303467162464
================================================================================

-- [1/4] WAMIS DATABASE - amsm_employee
INSERT INTO wamis.amsm_employee (
    employee_id, emp_num, title, first_name, middle_name, last_name, full_name,
    office_id, is_active, operated_by, operated_on, tenant_id, status,
    joining_date, relieving_date, is_service_change, is_data_ported
) VALUES (
    111,
    '45707',
    'Mr.',
    'Satish',
    NULL,
    'Kumar',
    'Satish Kumar',
    382,
    'Y', 531773952, NOW(), 531802112,
    'A',
    '1999-04-01',
    NULL,
    'N',
    true
);

-- [2/4] WAMIS DATABASE - amsm_employee_service
INSERT INTO wamis.amsm_employee_service (
    office_id, employee_id, designation_id, is_additional_charge,
    start_date, end_date, operated_by, operated_on, tenant_id,
    is_latest, anfn, status, is_data_ported
) VALUES (
    382,
    111,
    2,
    'N',
    '2023-11-28',
    NULL,
    531773952, NOW(), 531802112,
    'Y', 'A', 'A', true
);

-- [3/4] UM DATABASE - umsm_user
INSERT INTO um.umsm_user (
    uid, user_id, email_id, mobile_no, "password", old_password,
    employee_status, is_admin_user, is_internally_mapped,
    valid_from, valid_till, operated_on, operated_by, password_changed_on,
    "name", designation, company, tenant_id, designation_id, employee_id, is_data_ported
) VALUES (
    107, 
    '45707', 
    'gAAAAABpLnriU3BJH65CoKIW5-gOfCsFWlK64-EuNEJPVbaLeLK6cvp5xoIide7G5C38no3dREIXEL-J4hRLlBxjnhdaGStfcvqggufZdKnYeHicHr2c0Fo=', 
    'gAAAAABpLnriqw2x7aJRYWEPAA8siEX2F4mot3ofIJSRqDXNdKjp5Y04nXhDlAvo8Xbhq0g5cKw83WtrRvcid9dcAGeYDBPjSw==', 
    '$2a$10$E9.YM/JWMio2o.EmsAiSeOPci1yOiuxsq7rrMi2lqxMq8WCTSQjya',
    '',
    'A', 'N', 'N',
    '2023-11-28', NULL,
    NOW(), 531773952, NULL,
    'Satish Kumar',
    'ASSISTANT ENGINEER',
    'HPPWD',
    531802112,
    2,
    111,
    true
);

-- [4/4] UM DATABASE - umst_user_role
INSERT INTO um.umst_user_role (
    user_role_id, uid, role_id, unit_id, operated_on, operated_by, tenant_id, is_data_ported
) VALUES (
    444303467162464, 
    107, 
    120882432, 
    382, 
    NOW(), 
    531773952, 
    531802112, 
    true
);

-- ----------------------------------------------------------------------


================================================================================
-- Employee: Khem Chand  (37866.0)
-- Employee ID: 112 | UID: 108 | User Role ID: 444303467162465
================================================================================

-- [1/4] WAMIS DATABASE - amsm_employee
INSERT INTO wamis.amsm_employee (
    employee_id, emp_num, title, first_name, middle_name, last_name, full_name,
    office_id, is_active, operated_by, operated_on, tenant_id, status,
    joining_date, relieving_date, is_service_change, is_data_ported
) VALUES (
    112,
    '37866',
    'Mr.',
    'Khem',
    NULL,
    'Chand',
    'Khem Chand',
    389,
    'Y', 531773952, NOW(), 531802112,
    'A',
    '2007-01-09',
    NULL,
    'N',
    true
);

-- [2/4] WAMIS DATABASE - amsm_employee_service
INSERT INTO wamis.amsm_employee_service (
    office_id, employee_id, designation_id, is_additional_charge,
    start_date, end_date, operated_by, operated_on, tenant_id,
    is_latest, anfn, status, is_data_ported
) VALUES (
    389,
    112,
    1,
    'N',
    '2024-08-01',
    NULL,
    531773952, NOW(), 531802112,
    'Y', 'A', 'A', true
);

-- [3/4] UM DATABASE - umsm_user
INSERT INTO um.umsm_user (
    uid, user_id, email_id, mobile_no, "password", old_password,
    employee_status, is_admin_user, is_internally_mapped,
    valid_from, valid_till, operated_on, operated_by, password_changed_on,
    "name", designation, company, tenant_id, designation_id, employee_id, is_data_ported
) VALUES (
    108, 
    '37866', 
    'gAAAAABpLnriZZuI9xrw70cydZ0XwyiU2qkRzNBac-4DDcUcDGzpyae5kG08w1guUsrDTd75GUvg7UBMLc1wDW_CVKpk8Fo5kr9ValYg2X5LotoIop5VoT0=', 
    'gAAAAABpLnrix6MgMgKu1WlAqu4LCKmrPhsjAdgayQXHkIDv-xBX3VLPh2amWv3wSfxJggphjbfDGaCtNyOm30U0sFaPWBwTuA==', 
    '$2a$10$E9.YM/JWMio2o.EmsAiSeOPci1yOiuxsq7rrMi2lqxMq8WCTSQjya',
    '',
    'A', 'N', 'N',
    '2024-08-01', NULL,
    NOW(), 531773952, NULL,
    'Khem Chand',
    'JUNIOR ENGINEER',
    'HPPWD',
    531802112,
    1,
    112,
    true
);

-- [4/4] UM DATABASE - umst_user_role
INSERT INTO um.umst_user_role (
    user_role_id, uid, role_id, unit_id, operated_on, operated_by, tenant_id, is_data_ported
) VALUES (
    444303467162465, 
    108, 
    120878848, 
    389, 
    NOW(), 
    531773952, 
    531802112, 
    true
);

-- ----------------------------------------------------------------------


================================================================================
-- Employee: Bharat Bhushan Gupta  (54181.0)
-- Employee ID: 113 | UID: 109 | User Role ID: 444303467162466
================================================================================

-- [1/4] WAMIS DATABASE - amsm_employee
INSERT INTO wamis.amsm_employee (
    employee_id, emp_num, title, first_name, middle_name, last_name, full_name,
    office_id, is_active, operated_by, operated_on, tenant_id, status,
    joining_date, relieving_date, is_service_change, is_data_ported
) VALUES (
    113,
    '54181',
    'Mr.',
    'Bharat',
    'Bhushan',
    'Gupta',
    'Bharat Bhushan Gupta',
    390,
    'Y', 531773952, NOW(), 531802112,
    'A',
    '2012-05-03',
    NULL,
    'N',
    true
);

-- [2/4] WAMIS DATABASE - amsm_employee_service
INSERT INTO wamis.amsm_employee_service (
    office_id, employee_id, designation_id, is_additional_charge,
    start_date, end_date, operated_by, operated_on, tenant_id,
    is_latest, anfn, status, is_data_ported
) VALUES (
    390,
    113,
    1,
    'N',
    '2024-02-21',
    NULL,
    531773952, NOW(), 531802112,
    'Y', 'A', 'A', true
);

-- [3/4] UM DATABASE - umsm_user
INSERT INTO um.umsm_user (
    uid, user_id, email_id, mobile_no, "password", old_password,
    employee_status, is_admin_user, is_internally_mapped,
    valid_from, valid_till, operated_on, operated_by, password_changed_on,
    "name", designation, company, tenant_id, designation_id, employee_id, is_data_ported
) VALUES (
    109, 
    '54181', 
    'gAAAAABpLnri2Eshz_TrzNA2JrRW3OtGM5-SxQxl4bwQ1cl9M2ghd1Y30VbDr1ro4qOyE0Its9AVTpEekmi01ippl9EMRlYL4dNQlN9VGD8puiFRL9ugTTQ=', 
    'gAAAAABpLnrikr_imROaWcB_JE_1bMvI6juOTN8QOrj0ExLlpWyYKWd1HC4geDSXBt9pG7eNwrCvfUkgGTe9gbQYhH77NknPqg==', 
    '$2a$10$E9.YM/JWMio2o.EmsAiSeOPci1yOiuxsq7rrMi2lqxMq8WCTSQjya',
    '',
    'A', 'N', 'N',
    '2024-02-21', NULL,
    NOW(), 531773952, NULL,
    'Bharat Bhushan Gupta',
    'JUNIOR ENGINEER',
    'HPPWD',
    531802112,
    1,
    113,
    true
);

-- [4/4] UM DATABASE - umst_user_role
INSERT INTO um.umst_user_role (
    user_role_id, uid, role_id, unit_id, operated_on, operated_by, tenant_id, is_data_ported
) VALUES (
    444303467162466, 
    109, 
    120878848, 
    390, 
    NOW(), 
    531773952, 
    531802112, 
    true
);

-- ----------------------------------------------------------------------


================================================================================
-- Employee: Yugal Kishore (52217.0)
-- Employee ID: 114 | UID: 110 | User Role ID: 444303467162467
================================================================================

-- [1/4] WAMIS DATABASE - amsm_employee
INSERT INTO wamis.amsm_employee (
    employee_id, emp_num, title, first_name, middle_name, last_name, full_name,
    office_id, is_active, operated_by, operated_on, tenant_id, status,
    joining_date, relieving_date, is_service_change, is_data_ported
) VALUES (
    114,
    '52217',
    'Mr.',
    'Yugal',
    NULL,
    'Kishore',
    'Yugal Kishore',
    381,
    'Y', 531773952, NOW(), 531802112,
    'A',
    '2015-11-09',
    NULL,
    'N',
    true
);

-- [2/4] WAMIS DATABASE - amsm_employee_service
INSERT INTO wamis.amsm_employee_service (
    office_id, employee_id, designation_id, is_additional_charge,
    start_date, end_date, operated_by, operated_on, tenant_id,
    is_latest, anfn, status, is_data_ported
) VALUES (
    381,
    114,
    2,
    'N',
    '2025-07-01',
    NULL,
    531773952, NOW(), 531802112,
    'Y', 'A', 'A', true
);

-- [3/4] UM DATABASE - umsm_user
INSERT INTO um.umsm_user (
    uid, user_id, email_id, mobile_no, "password", old_password,
    employee_status, is_admin_user, is_internally_mapped,
    valid_from, valid_till, operated_on, operated_by, password_changed_on,
    "name", designation, company, tenant_id, designation_id, employee_id, is_data_ported
) VALUES (
    110, 
    '52217', 
    'gAAAAABpLnrirZLCX74K7Rq2-mYktBoTusUdQUDjkEdVLFdFPGKTqm24N8FW0AkgCL6HI1ebkVqcqufE3Y23L-bCoOG0wD0Vlw_9Zdj7zocWQc8qvQXHiJM=', 
    'gAAAAABpLnriHaQUoAj9wVbtj9D9H2tm2GiJix-3rVUgAuMxsNbENQm8TOY2J-L8o6Ri4IxXNvglqHBs7NF2lLW2QwodEQqJqQ==', 
    '$2a$10$E9.YM/JWMio2o.EmsAiSeOPci1yOiuxsq7rrMi2lqxMq8WCTSQjya',
    '',
    'A', 'N', 'N',
    '2025-07-01', NULL,
    NOW(), 531773952, NULL,
    'Yugal Kishore',
    'ASSISTANT ENGINEER',
    'HPPWD',
    531802112,
    2,
    114,
    true
);

-- [4/4] UM DATABASE - umst_user_role
INSERT INTO um.umst_user_role (
    user_role_id, uid, role_id, unit_id, operated_on, operated_by, tenant_id, is_data_ported
) VALUES (
    444303467162467, 
    110, 
    120882432, 
    381, 
    NOW(), 
    531773952, 
    531802112, 
    true
);

-- ----------------------------------------------------------------------


================================================================================
-- Employee: Dhameshwar Ram  (50434.0)
-- Employee ID: 115 | UID: 111 | User Role ID: 444303467162468
================================================================================

-- [1/4] WAMIS DATABASE - amsm_employee
INSERT INTO wamis.amsm_employee (
    employee_id, emp_num, title, first_name, middle_name, last_name, full_name,
    office_id, is_active, operated_by, operated_on, tenant_id, status,
    joining_date, relieving_date, is_service_change, is_data_ported
) VALUES (
    115,
    '50434',
    'Mr.',
    'Dhameshwar',
    NULL,
    'Ram',
    'Dhameshwar Ram',
    NULL,
    'Y', 531773952, NOW(), 531802112,
    'A',
    '2012-09-19',
    NULL,
    'N',
    true
);

-- [2/4] WAMIS DATABASE - amsm_employee_service
INSERT INTO wamis.amsm_employee_service (
    office_id, employee_id, designation_id, is_additional_charge,
    start_date, end_date, operated_by, operated_on, tenant_id,
    is_latest, anfn, status, is_data_ported
) VALUES (
    NULL,
    115,
    4,
    'N',
    '2024-08-21',
    NULL,
    531773952, NOW(), 531802112,
    'Y', 'A', 'A', true
);

-- [3/4] UM DATABASE - umsm_user
INSERT INTO um.umsm_user (
    uid, user_id, email_id, mobile_no, "password", old_password,
    employee_status, is_admin_user, is_internally_mapped,
    valid_from, valid_till, operated_on, operated_by, password_changed_on,
    "name", designation, company, tenant_id, designation_id, employee_id, is_data_ported
) VALUES (
    111, 
    '50434', 
    'gAAAAABpLnriSjOl2Nf1dN-oaCu1sTNO6ap0vODbZldRh4gdHJgdgnrRTef-1ppoknaRmnwf2cMUB05A7pcpJA3FCLQZ21l6mfQHaSBzQv6aKyWSiMrf9cY=', 
    'gAAAAABpLnri9jCyUOEtijWyMNGUqPAEJjiEnpH4-vOxnZrfzmT_s5vo3OPkdoii64qLpjC89bb2hrPENc5mJlLEORvyqIoP1g==', 
    '$2a$10$E9.YM/JWMio2o.EmsAiSeOPci1yOiuxsq7rrMi2lqxMq8WCTSQjya',
    '',
    'A', 'N', 'N',
    '2024-08-21', NULL,
    NOW(), 531773952, NULL,
    'Dhameshwar Ram',
    'OTHER',
    'HPPWD',
    531802112,
    4,
    115,
    true
);

-- [4/4] UM DATABASE - umst_user_role
INSERT INTO um.umst_user_role (
    user_role_id, uid, role_id, unit_id, operated_on, operated_by, tenant_id, is_data_ported
) VALUES (
    444303467162468, 
    111, 
    None, 
    NULL, 
    NOW(), 
    531773952, 
    531802112, 
    true
);

-- ----------------------------------------------------------------------


================================================================================
-- Employee: Suresh Kumar  (50542.0)
-- Employee ID: 116 | UID: 112 | User Role ID: 444303467162469
================================================================================

-- [1/4] WAMIS DATABASE - amsm_employee
INSERT INTO wamis.amsm_employee (
    employee_id, emp_num, title, first_name, middle_name, last_name, full_name,
    office_id, is_active, operated_by, operated_on, tenant_id, status,
    joining_date, relieving_date, is_service_change, is_data_ported
) VALUES (
    116,
    '50542',
    'Mr.',
    'Suresh',
    NULL,
    'Kumar',
    'Suresh Kumar',
    386,
    'Y', 531773952, NOW(), 531802112,
    'A',
    '2013-09-30',
    NULL,
    'N',
    true
);

-- [2/4] WAMIS DATABASE - amsm_employee_service
INSERT INTO wamis.amsm_employee_service (
    office_id, employee_id, designation_id, is_additional_charge,
    start_date, end_date, operated_by, operated_on, tenant_id,
    is_latest, anfn, status, is_data_ported
) VALUES (
    386,
    116,
    1,
    'N',
    '2022-06-29',
    NULL,
    531773952, NOW(), 531802112,
    'Y', 'A', 'A', true
);

-- [3/4] UM DATABASE - umsm_user
INSERT INTO um.umsm_user (
    uid, user_id, email_id, mobile_no, "password", old_password,
    employee_status, is_admin_user, is_internally_mapped,
    valid_from, valid_till, operated_on, operated_by, password_changed_on,
    "name", designation, company, tenant_id, designation_id, employee_id, is_data_ported
) VALUES (
    112, 
    '50542', 
    'gAAAAABpLnri6gNPpoXYWST3K8qpvBDeJZCtadBC9KkwGLpGLxB5RkwzVtxco1GomVSt1PJHOOBuIddSyQRMVIgkQMftXcHtvJCTQrSj6YxqDEnBxUNuMUo=', 
    'gAAAAABpLnriPOEvgJDIC6nzbMw5-2Gu4rBuZ6PeIcIFcqnBexIzIfhTirGoBdk_lqC_RfG1UpAtVHGx8MWt43ubviSvrtn4xg==', 
    '$2a$10$E9.YM/JWMio2o.EmsAiSeOPci1yOiuxsq7rrMi2lqxMq8WCTSQjya',
    '',
    'A', 'N', 'N',
    '2022-06-29', NULL,
    NOW(), 531773952, NULL,
    'Suresh Kumar',
    'JUNIOR ENGINEER',
    'HPPWD',
    531802112,
    1,
    116,
    true
);

-- [4/4] UM DATABASE - umst_user_role
INSERT INTO um.umst_user_role (
    user_role_id, uid, role_id, unit_id, operated_on, operated_by, tenant_id, is_data_ported
) VALUES (
    444303467162469, 
    112, 
    120878848, 
    386, 
    NOW(), 
    531773952, 
    531802112, 
    true
);

-- ----------------------------------------------------------------------


================================================================================
-- Employee: Manoj Kumar  (38013.0)
-- Employee ID: 117 | UID: 113 | User Role ID: 444303467162470
================================================================================

-- [1/4] WAMIS DATABASE - amsm_employee
INSERT INTO wamis.amsm_employee (
    employee_id, emp_num, title, first_name, middle_name, last_name, full_name,
    office_id, is_active, operated_by, operated_on, tenant_id, status,
    joining_date, relieving_date, is_service_change, is_data_ported
) VALUES (
    117,
    '38013',
    'Mr.',
    'Manoj',
    NULL,
    'Kumar',
    'Manoj Kumar',
    387,
    'Y', 531773952, NOW(), 531802112,
    'A',
    '1994-07-21',
    NULL,
    'N',
    true
);

-- [2/4] WAMIS DATABASE - amsm_employee_service
INSERT INTO wamis.amsm_employee_service (
    office_id, employee_id, designation_id, is_additional_charge,
    start_date, end_date, operated_by, operated_on, tenant_id,
    is_latest, anfn, status, is_data_ported
) VALUES (
    387,
    117,
    1,
    'N',
    '2024-07-12',
    NULL,
    531773952, NOW(), 531802112,
    'Y', 'A', 'A', true
);

-- [3/4] UM DATABASE - umsm_user
INSERT INTO um.umsm_user (
    uid, user_id, email_id, mobile_no, "password", old_password,
    employee_status, is_admin_user, is_internally_mapped,
    valid_from, valid_till, operated_on, operated_by, password_changed_on,
    "name", designation, company, tenant_id, designation_id, employee_id, is_data_ported
) VALUES (
    113, 
    '38013', 
    'gAAAAABpLnriV08pooDa2I6vjo_U0c6CCED_qri1bh8kgn3blvUUpvnYjUsKcfcJWScNmve5-EQ-F374WQxwD5yd6CTJL72BXCbX8YQDDbBGjpr643ykoTg=', 
    'gAAAAABpLnriZTq5Bo8PPwCbat6bqmGPNCMq0p6gU2W9fORmIwLw3UART206DFmqU8Qx7rP1xOwB7ys_os6Osytd5XBIEN_jwA==', 
    '$2a$10$E9.YM/JWMio2o.EmsAiSeOPci1yOiuxsq7rrMi2lqxMq8WCTSQjya',
    '',
    'A', 'N', 'N',
    '2024-07-12', NULL,
    NOW(), 531773952, NULL,
    'Manoj Kumar',
    'JUNIOR ENGINEER',
    'HPPWD',
    531802112,
    1,
    117,
    true
);

-- [4/4] UM DATABASE - umst_user_role
INSERT INTO um.umst_user_role (
    user_role_id, uid, role_id, unit_id, operated_on, operated_by, tenant_id, is_data_ported
) VALUES (
    444303467162470, 
    113, 
    120878848, 
    387, 
    NOW(), 
    531773952, 
    531802112, 
    true
);

-- ----------------------------------------------------------------------


================================================================================
-- Employee: Pushp Raj  (14559.0)
-- Employee ID: 118 | UID: 114 | User Role ID: 444303467162471
================================================================================

-- [1/4] WAMIS DATABASE - amsm_employee
INSERT INTO wamis.amsm_employee (
    employee_id, emp_num, title, first_name, middle_name, last_name, full_name,
    office_id, is_active, operated_by, operated_on, tenant_id, status,
    joining_date, relieving_date, is_service_change, is_data_ported
) VALUES (
    118,
    '14559',
    'Mr.',
    'Pushp',
    NULL,
    'Raj',
    'Pushp Raj',
    388,
    'Y', 531773952, NOW(), 531802112,
    'A',
    '2001-01-01',
    NULL,
    'N',
    true
);

-- [2/4] WAMIS DATABASE - amsm_employee_service
INSERT INTO wamis.amsm_employee_service (
    office_id, employee_id, designation_id, is_additional_charge,
    start_date, end_date, operated_by, operated_on, tenant_id,
    is_latest, anfn, status, is_data_ported
) VALUES (
    388,
    118,
    1,
    'N',
    '2024-03-16',
    NULL,
    531773952, NOW(), 531802112,
    'Y', 'A', 'A', true
);

-- [3/4] UM DATABASE - umsm_user
INSERT INTO um.umsm_user (
    uid, user_id, email_id, mobile_no, "password", old_password,
    employee_status, is_admin_user, is_internally_mapped,
    valid_from, valid_till, operated_on, operated_by, password_changed_on,
    "name", designation, company, tenant_id, designation_id, employee_id, is_data_ported
) VALUES (
    114, 
    '14559', 
    'gAAAAABpLnriOBzY_HHDyy07ljkjUHP8w2vcGxVyVw0ShAKUgtQ_o-cKGCjDQRmtiXpebYJgktW31Vvyq4ajrRPp1Mj9akbJWgm4X6VD7ysLmrbPJIeNblU=', 
    'gAAAAABpLnrilNDJd0wBb1cBx9yubiE5qE_CBz05tEIxMfPQCC2MO_cZXuVgkk0CD2phRCAODbbEiPBfS_a4TfZZ6F6VFCwMRw==', 
    '$2a$10$E9.YM/JWMio2o.EmsAiSeOPci1yOiuxsq7rrMi2lqxMq8WCTSQjya',
    '',
    'A', 'N', 'N',
    '2024-03-16', NULL,
    NOW(), 531773952, NULL,
    'Pushp Raj',
    'JUNIOR ENGINEER',
    'HPPWD',
    531802112,
    1,
    118,
    true
);

-- [4/4] UM DATABASE - umst_user_role
INSERT INTO um.umst_user_role (
    user_role_id, uid, role_id, unit_id, operated_on, operated_by, tenant_id, is_data_ported
) VALUES (
    444303467162471, 
    114, 
    120878848, 
    388, 
    NOW(), 
    531773952, 
    531802112, 
    true
);

-- ----------------------------------------------------------------------

COMMIT;

-- Total records processed: 25
-- Total errors: 0