-- Generated SQL Insert Queries
-- Generated on: 2025-12-01 14:23:06
-- ================================================================================
BEGIN;


================================================================================
-- Employee: Devi Ram  (34679.0)
-- Employee ID: 94 | UID: 90 | User Role ID: 444303467162447
================================================================================

-- [1/4] WAMIS DATABASE - amsm_employee
INSERT INTO wamis.amsm_employee (
    employee_id, emp_num, title, first_name, middle_name, last_name, full_name,
    office_id, is_active, operated_by, operated_on, tenant_id, status,
    joining_date, relieving_date, is_service_change, is_data_ported
) VALUES (
    94,
    '34679',
    'Mr.',
    'Devi',
    NULL,
    'Ram',
    'Devi Ram',
    NULL,
    'Y', 531773952, NOW(), 531802112,
    'A',
    '1992-09-05',
    NULL,
    'N',
    true
);

-- [2/4] WAMIS DATABASE - amsm_employee_service
INSERT INTO wamis.amsm_employee_service (
    office_id, employee_id, designation_id, is_additional_charge,
    start_date, end_date, operated_by, operated_on, tenant_id,
    is_latest, anfn, status, is_data_ported
) VALUES (
    NULL,
    94,
    3,
    'N',
    '2023-04-03',
    NULL,
    531773952, NOW(), 531802112,
    'Y', 'A', 'A', true
);

-- [3/4] UM DATABASE - umsm_user
INSERT INTO um.umsm_user (
    uid, user_id, email_id, mobile_no, "password", old_password,
    employee_status, is_admin_user, is_internally_mapped,
    valid_from, valid_till, operated_on, operated_by, password_changed_on,
    "name", designation, company, tenant_id, designation_id, employee_id, is_data_ported
) VALUES (
    90, 
    '34679', 
    'gAAAAABpLVdy5AEnC1AXBMJKAKM6FnJI97-TRoMxcO6WdITP7U6NGcsBwl6AiPCu3ySgP8AvHmv84AfVS7iaxiREy4AvSf3B-ayKoC4Lf5eBgFYB9AK_xcU=', 
    'gAAAAABpLVdy8SNSBrZXRKjnNzcwywqIb3TiKLHE-SGulNYlUAfl6nOXSc3pY6k13pnG_GC34qBWyd43TzJ9xqs9loqsJBJjjw==', 
    '370ff199c75276a360640b2baffe4c56132477297e25d0d8c5702988ee11e231',
    '',
    'A', 'N', 'N',
    '2023-04-03', NULL,
    NOW(), 531773952, NULL,
    'Devi Ram',
    'EXECUTIVE ENGINEER',
    'HPPWD',
    531802112,
    3,
    94,
    true
);

-- [4/4] UM DATABASE - umst_user_role
INSERT INTO um.umst_user_role (
    user_role_id, uid, role_id, unit_id, operated_on, operated_by, tenant_id, is_data_ported
) VALUES (
    444303467162447, 
    90, 
    532193206, 
    NULL, 
    NOW(), 
    531773952, 
    531802112, 
    true
);

-- ----------------------------------------------------------------------


================================================================================
-- Employee: Ram Kumar Sharma  (11425.0)
-- Employee ID: 95 | UID: 91 | User Role ID: 444303467162448
================================================================================

-- [1/4] WAMIS DATABASE - amsm_employee
INSERT INTO wamis.amsm_employee (
    employee_id, emp_num, title, first_name, middle_name, last_name, full_name,
    office_id, is_active, operated_by, operated_on, tenant_id, status,
    joining_date, relieving_date, is_service_change, is_data_ported
) VALUES (
    95,
    '11425',
    'Mr.',
    'Ram',
    'Kumar',
    'Sharma',
    'Ram Kumar Sharma',
    NULL,
    'Y', 531773952, NOW(), 531802112,
    'A',
    '2007-07-18',
    NULL,
    'N',
    true
);

-- [2/4] WAMIS DATABASE - amsm_employee_service
INSERT INTO wamis.amsm_employee_service (
    office_id, employee_id, designation_id, is_additional_charge,
    start_date, end_date, operated_by, operated_on, tenant_id,
    is_latest, anfn, status, is_data_ported
) VALUES (
    NULL,
    95,
    2,
    'N',
    '2023-08-05',
    NULL,
    531773952, NOW(), 531802112,
    'Y', 'A', 'A', true
);

-- [3/4] UM DATABASE - umsm_user
INSERT INTO um.umsm_user (
    uid, user_id, email_id, mobile_no, "password", old_password,
    employee_status, is_admin_user, is_internally_mapped,
    valid_from, valid_till, operated_on, operated_by, password_changed_on,
    "name", designation, company, tenant_id, designation_id, employee_id, is_data_ported
) VALUES (
    91, 
    '11425', 
    'gAAAAABpLVdydJQC9arZtLfhS5xqEMhJ6r07iGrD13eBblMWNn2vDoD1iaQ0xXVZ1A6jfZDTKHfQ4VmqISLf3_wc9iQiBoTR8TlVM8YV48cPMcFdNnL99pM=', 
    'gAAAAABpLVdy79UEps8NF1u6UHzKctUXdkW-jfAw-j1DU2fSSzNBA2FlJ1M3Gv-tMpAbkgHBHugXzEV41Fb35jPbfU7zr2muZw==', 
    '370ff199c75276a360640b2baffe4c56132477297e25d0d8c5702988ee11e231',
    '',
    'A', 'N', 'N',
    '2023-08-05', NULL,
    NOW(), 531773952, NULL,
    'Ram Kumar Sharma',
    'ASSISTANT ENGINEER',
    'HPPWD',
    531802112,
    2,
    95,
    true
);

-- [4/4] UM DATABASE - umst_user_role
INSERT INTO um.umst_user_role (
    user_role_id, uid, role_id, unit_id, operated_on, operated_by, tenant_id, is_data_ported
) VALUES (
    444303467162448, 
    91, 
    532193206, 
    NULL, 
    NOW(), 
    531773952, 
    531802112, 
    true
);

-- ----------------------------------------------------------------------


================================================================================
-- Employee: Sushil Kumar  (45354.0)
-- Employee ID: 96 | UID: 92 | User Role ID: 444303467162449
================================================================================

-- [1/4] WAMIS DATABASE - amsm_employee
INSERT INTO wamis.amsm_employee (
    employee_id, emp_num, title, first_name, middle_name, last_name, full_name,
    office_id, is_active, operated_by, operated_on, tenant_id, status,
    joining_date, relieving_date, is_service_change, is_data_ported
) VALUES (
    96,
    '45354',
    'Mr.',
    'Sushil',
    NULL,
    'Kumar',
    'Sushil Kumar',
    NULL,
    'Y', 531773952, NOW(), 531802112,
    'A',
    '2004-12-20',
    NULL,
    'N',
    true
);

-- [2/4] WAMIS DATABASE - amsm_employee_service
INSERT INTO wamis.amsm_employee_service (
    office_id, employee_id, designation_id, is_additional_charge,
    start_date, end_date, operated_by, operated_on, tenant_id,
    is_latest, anfn, status, is_data_ported
) VALUES (
    NULL,
    96,
    6,
    'N',
    '2025-10-18',
    NULL,
    531773952, NOW(), 531802112,
    'Y', 'A', 'A', true
);

-- [3/4] UM DATABASE - umsm_user
INSERT INTO um.umsm_user (
    uid, user_id, email_id, mobile_no, "password", old_password,
    employee_status, is_admin_user, is_internally_mapped,
    valid_from, valid_till, operated_on, operated_by, password_changed_on,
    "name", designation, company, tenant_id, designation_id, employee_id, is_data_ported
) VALUES (
    92, 
    '45354', 
    'gAAAAABpLVdy0WDhkruukZkmaMqBcYVmTeACOo5PqZP5ImSMqONM4llPtE2ntxoM9msO5v-kkgPUudRI8ruCY09NnoYnrLBc6nYDeoM5kSCeCGcQ2ZhIFIo=', 
    'gAAAAABpLVdysyTtSMsvzHQpVHiRWJElfPPFXnuPCNas-Gxwu3XeffpJXQIf2xSS6gQfJ55EgipTkhvUgKW2V_2qAhX6zrXB4g==', 
    '370ff199c75276a360640b2baffe4c56132477297e25d0d8c5702988ee11e231',
    '',
    'A', 'N', 'N',
    '2025-10-18', NULL,
    NOW(), 531773952, NULL,
    'Sushil Kumar',
    'DIVISIONAL ACCOUNTANT OFFICER',
    'HPPWD',
    531802112,
    6,
    96,
    true
);

-- [4/4] UM DATABASE - umst_user_role
INSERT INTO um.umst_user_role (
    user_role_id, uid, role_id, unit_id, operated_on, operated_by, tenant_id, is_data_ported
) VALUES (
    444303467162449, 
    92, 
    532193206, 
    NULL, 
    NOW(), 
    531773952, 
    531802112, 
    true
);

-- ----------------------------------------------------------------------


================================================================================
-- Employee: Vijay Kumar  (31331.0)
-- Employee ID: 97 | UID: 93 | User Role ID: 444303467162450
================================================================================

-- [1/4] WAMIS DATABASE - amsm_employee
INSERT INTO wamis.amsm_employee (
    employee_id, emp_num, title, first_name, middle_name, last_name, full_name,
    office_id, is_active, operated_by, operated_on, tenant_id, status,
    joining_date, relieving_date, is_service_change, is_data_ported
) VALUES (
    97,
    '31331',
    'Mr.',
    'Vijay',
    NULL,
    'Kumar',
    'Vijay Kumar',
    NULL,
    'Y', 531773952, NOW(), 531802112,
    'A',
    '1992-12-30',
    NULL,
    'N',
    true
);

-- [2/4] WAMIS DATABASE - amsm_employee_service
INSERT INTO wamis.amsm_employee_service (
    office_id, employee_id, designation_id, is_additional_charge,
    start_date, end_date, operated_by, operated_on, tenant_id,
    is_latest, anfn, status, is_data_ported
) VALUES (
    NULL,
    97,
    250433797,
    'N',
    '2023-08-01',
    NULL,
    531773952, NOW(), 531802112,
    'Y', 'A', 'A', true
);

-- [3/4] UM DATABASE - umsm_user
INSERT INTO um.umsm_user (
    uid, user_id, email_id, mobile_no, "password", old_password,
    employee_status, is_admin_user, is_internally_mapped,
    valid_from, valid_till, operated_on, operated_by, password_changed_on,
    "name", designation, company, tenant_id, designation_id, employee_id, is_data_ported
) VALUES (
    93, 
    '31331', 
    'gAAAAABpLVdyNjRqHr4BRLqLADqM0zE8XY6dTnFusT3HiZXeP-XZ21VwZzvnoa9qNIWgeYjEFLH7c_OL1fxV4elDYLsZn-Qf84iP7HshtvxIJPADMmSAOIk=', 
    'gAAAAABpLVdyUHuQ8sGZa3YOUjliMu4IGyrx0A5giM5NGxTeO1_IKlCjpb9hAbBO0TrlZA4bhvgvNNvrcYFh2tHgZtDJjiWEpA==', 
    '370ff199c75276a360640b2baffe4c56132477297e25d0d8c5702988ee11e231',
    '',
    'A', 'N', 'N',
    '2023-08-01', NULL,
    NOW(), 531773952, NULL,
    'Vijay Kumar',
    'SUPERINTENDENT',
    'HPPWD',
    531802112,
    250433797,
    97,
    true
);

-- [4/4] UM DATABASE - umst_user_role
INSERT INTO um.umst_user_role (
    user_role_id, uid, role_id, unit_id, operated_on, operated_by, tenant_id, is_data_ported
) VALUES (
    444303467162450, 
    93, 
    532193206, 
    NULL, 
    NOW(), 
    531773952, 
    531802112, 
    true
);

-- ----------------------------------------------------------------------


================================================================================
-- Employee: Lokesh Kumar  (12697.0)
-- Employee ID: 98 | UID: 94 | User Role ID: 444303467162451
================================================================================

-- [1/4] WAMIS DATABASE - amsm_employee
INSERT INTO wamis.amsm_employee (
    employee_id, emp_num, title, first_name, middle_name, last_name, full_name,
    office_id, is_active, operated_by, operated_on, tenant_id, status,
    joining_date, relieving_date, is_service_change, is_data_ported
) VALUES (
    98,
    '12697',
    'Mr.',
    'Lokesh',
    NULL,
    'Kumar',
    'Lokesh Kumar',
    NULL,
    'Y', 531773952, NOW(), 531802112,
    'A',
    '2000-09-18',
    NULL,
    'N',
    true
);

-- [2/4] WAMIS DATABASE - amsm_employee_service
INSERT INTO wamis.amsm_employee_service (
    office_id, employee_id, designation_id, is_additional_charge,
    start_date, end_date, operated_by, operated_on, tenant_id,
    is_latest, anfn, status, is_data_ported
) VALUES (
    NULL,
    98,
    4,
    'N',
    '2024-03-16',
    NULL,
    531773952, NOW(), 531802112,
    'Y', 'A', 'A', true
);

-- [3/4] UM DATABASE - umsm_user
INSERT INTO um.umsm_user (
    uid, user_id, email_id, mobile_no, "password", old_password,
    employee_status, is_admin_user, is_internally_mapped,
    valid_from, valid_till, operated_on, operated_by, password_changed_on,
    "name", designation, company, tenant_id, designation_id, employee_id, is_data_ported
) VALUES (
    94, 
    '12697', 
    'gAAAAABpLVdyXamRlleO_qtIePoQqYX8SnZSUxxI3pvB4LttfLMXRkMxTgIiNqddvlvd7A2PfjKRS5yf9CnYc_WB8zo4HHRy3ULoEyTReprosCkDyyP2BpE=', 
    'gAAAAABpLVdy-u-3Bivq-VVPLrrTdAeIEalZpA6Ozl_1GGMIgeFGiAr6y3H4uBLns4AaIT_n-aZYTNydtpHSt_YV01pHhFXlJA==', 
    '370ff199c75276a360640b2baffe4c56132477297e25d0d8c5702988ee11e231',
    '',
    'A', 'N', 'N',
    '2024-03-16', NULL,
    NOW(), 531773952, NULL,
    'Lokesh Kumar',
    'OTHER',
    'HPPWD',
    531802112,
    4,
    98,
    true
);

-- [4/4] UM DATABASE - umst_user_role
INSERT INTO um.umst_user_role (
    user_role_id, uid, role_id, unit_id, operated_on, operated_by, tenant_id, is_data_ported
) VALUES (
    444303467162451, 
    94, 
    532193206, 
    NULL, 
    NOW(), 
    531773952, 
    531802112, 
    true
);

-- ----------------------------------------------------------------------


================================================================================
-- Employee: Ravi Thakur  (51278.0)
-- Employee ID: 99 | UID: 95 | User Role ID: 444303467162452
================================================================================

-- [1/4] WAMIS DATABASE - amsm_employee
INSERT INTO wamis.amsm_employee (
    employee_id, emp_num, title, first_name, middle_name, last_name, full_name,
    office_id, is_active, operated_by, operated_on, tenant_id, status,
    joining_date, relieving_date, is_service_change, is_data_ported
) VALUES (
    99,
    '51278',
    'Mr.',
    'Ravi',
    NULL,
    'Thakur',
    'Ravi Thakur',
    NULL,
    'Y', 531773952, NOW(), 531802112,
    'A',
    '2017-10-06',
    NULL,
    'N',
    true
);

-- [2/4] WAMIS DATABASE - amsm_employee_service
INSERT INTO wamis.amsm_employee_service (
    office_id, employee_id, designation_id, is_additional_charge,
    start_date, end_date, operated_by, operated_on, tenant_id,
    is_latest, anfn, status, is_data_ported
) VALUES (
    NULL,
    99,
    4,
    'N',
    '2019-05-29',
    NULL,
    531773952, NOW(), 531802112,
    'Y', 'A', 'A', true
);

-- [3/4] UM DATABASE - umsm_user
INSERT INTO um.umsm_user (
    uid, user_id, email_id, mobile_no, "password", old_password,
    employee_status, is_admin_user, is_internally_mapped,
    valid_from, valid_till, operated_on, operated_by, password_changed_on,
    "name", designation, company, tenant_id, designation_id, employee_id, is_data_ported
) VALUES (
    95, 
    '51278', 
    'gAAAAABpLVdyaFHkhDTmSQWtT3TdQV_paCWuyvWgZMShZ0B2Gvc0p_1f8h6kITMUqOnwWajAURB0j8Rqd4Yw2e78cmfSPk5FUeYKvxC69NQVK67NyMZh3Uk=', 
    'gAAAAABpLVdydHuwJpcbWHUe5x42KMfMg5RZtqbpP8X8y1BMetEcAarS3I-3Cmmihzwvu8rmPH5d0aFu50F9ry880DZxBe9neA==', 
    '370ff199c75276a360640b2baffe4c56132477297e25d0d8c5702988ee11e231',
    '',
    'A', 'N', 'N',
    '2019-05-29', NULL,
    NOW(), 531773952, NULL,
    'Ravi Thakur',
    'OTHER',
    'HPPWD',
    531802112,
    4,
    99,
    true
);

-- [4/4] UM DATABASE - umst_user_role
INSERT INTO um.umst_user_role (
    user_role_id, uid, role_id, unit_id, operated_on, operated_by, tenant_id, is_data_ported
) VALUES (
    444303467162452, 
    95, 
    532193206, 
    NULL, 
    NOW(), 
    531773952, 
    531802112, 
    true
);

-- ----------------------------------------------------------------------


================================================================================
-- Employee: Prem Chand  (57249.0)
-- Employee ID: 100 | UID: 96 | User Role ID: 444303467162453
================================================================================

-- [1/4] WAMIS DATABASE - amsm_employee
INSERT INTO wamis.amsm_employee (
    employee_id, emp_num, title, first_name, middle_name, last_name, full_name,
    office_id, is_active, operated_by, operated_on, tenant_id, status,
    joining_date, relieving_date, is_service_change, is_data_ported
) VALUES (
    100,
    '57249',
    'Mr.',
    'Prem',
    NULL,
    'Chand',
    'Prem Chand',
    NULL,
    'Y', 531773952, NOW(), 531802112,
    'A',
    '2024-09-18',
    NULL,
    'N',
    true
);

-- [2/4] WAMIS DATABASE - amsm_employee_service
INSERT INTO wamis.amsm_employee_service (
    office_id, employee_id, designation_id, is_additional_charge,
    start_date, end_date, operated_by, operated_on, tenant_id,
    is_latest, anfn, status, is_data_ported
) VALUES (
    NULL,
    100,
    4,
    'N',
    '2024-09-18',
    NULL,
    531773952, NOW(), 531802112,
    'Y', 'A', 'A', true
);

-- [3/4] UM DATABASE - umsm_user
INSERT INTO um.umsm_user (
    uid, user_id, email_id, mobile_no, "password", old_password,
    employee_status, is_admin_user, is_internally_mapped,
    valid_from, valid_till, operated_on, operated_by, password_changed_on,
    "name", designation, company, tenant_id, designation_id, employee_id, is_data_ported
) VALUES (
    96, 
    '57249', 
    'gAAAAABpLVdy8ZjZSn3-mKoMYIlduWJBFOZTA8QdS2W65j4kviVhm7SRV6Av7vxbnLieVx5sZb--tOUNO1q73OXHtrU3C8F-FrSVUUqXcANyIFPUF_G5FWE=', 
    'gAAAAABpLVdyTbeTmn4tkEOvDq4HkGrZzZGLt0O7hHhQGEraDVnmBwKq-Q185LRTKtYKiug4Z2HXmtBpDN1DeycjwdyQAEDpJQ==', 
    '370ff199c75276a360640b2baffe4c56132477297e25d0d8c5702988ee11e231',
    '',
    'A', 'N', 'N',
    '2024-09-18', NULL,
    NOW(), 531773952, NULL,
    'Prem Chand',
    'OTHER',
    'HPPWD',
    531802112,
    4,
    100,
    true
);

-- [4/4] UM DATABASE - umst_user_role
INSERT INTO um.umst_user_role (
    user_role_id, uid, role_id, unit_id, operated_on, operated_by, tenant_id, is_data_ported
) VALUES (
    444303467162453, 
    96, 
    532193206, 
    NULL, 
    NOW(), 
    531773952, 
    531802112, 
    true
);

-- ----------------------------------------------------------------------


================================================================================
-- Employee: Raj Kumar  (37720.0)
-- Employee ID: 101 | UID: 97 | User Role ID: 444303467162454
================================================================================

-- [1/4] WAMIS DATABASE - amsm_employee
INSERT INTO wamis.amsm_employee (
    employee_id, emp_num, title, first_name, middle_name, last_name, full_name,
    office_id, is_active, operated_by, operated_on, tenant_id, status,
    joining_date, relieving_date, is_service_change, is_data_ported
) VALUES (
    101,
    '37720',
    'Mr.',
    'Raj',
    NULL,
    'Kumar',
    'Raj Kumar',
    NULL,
    'Y', 531773952, NOW(), 531802112,
    'A',
    '2000-01-17',
    NULL,
    'N',
    true
);

-- [2/4] WAMIS DATABASE - amsm_employee_service
INSERT INTO wamis.amsm_employee_service (
    office_id, employee_id, designation_id, is_additional_charge,
    start_date, end_date, operated_by, operated_on, tenant_id,
    is_latest, anfn, status, is_data_ported
) VALUES (
    NULL,
    101,
    4,
    'N',
    '2023-09-06',
    NULL,
    531773952, NOW(), 531802112,
    'Y', 'A', 'A', true
);

-- [3/4] UM DATABASE - umsm_user
INSERT INTO um.umsm_user (
    uid, user_id, email_id, mobile_no, "password", old_password,
    employee_status, is_admin_user, is_internally_mapped,
    valid_from, valid_till, operated_on, operated_by, password_changed_on,
    "name", designation, company, tenant_id, designation_id, employee_id, is_data_ported
) VALUES (
    97, 
    '37720', 
    'gAAAAABpLVdylRYqoK53GHpTksqYxbz39yQt_0-UgI8ZgBQeO4wJXOCfqlmRe3Gk18jvGzxVhyvaIM8ymS9-Uj5DirZdDgkkp1mST_sVRfEw7lt1NeO807o=', 
    'gAAAAABpLVdyfW6BGLWoXAlvic0EBYfUsBnfNH1i1BzCbJjjjo_Xwa1xs96n9GR8tUpypbie1acWvqU9KUQbzOwWmTx0CthQDA==', 
    '370ff199c75276a360640b2baffe4c56132477297e25d0d8c5702988ee11e231',
    '',
    'A', 'N', 'N',
    '2023-09-06', NULL,
    NOW(), 531773952, NULL,
    'Raj Kumar',
    'OTHER',
    'HPPWD',
    531802112,
    4,
    101,
    true
);

-- [4/4] UM DATABASE - umst_user_role
INSERT INTO um.umst_user_role (
    user_role_id, uid, role_id, unit_id, operated_on, operated_by, tenant_id, is_data_ported
) VALUES (
    444303467162454, 
    97, 
    532193206, 
    NULL, 
    NOW(), 
    531773952, 
    531802112, 
    true
);

-- ----------------------------------------------------------------------


================================================================================
-- Employee: Maya Devi  (10173.0)
-- Employee ID: 102 | UID: 98 | User Role ID: 444303467162455
================================================================================

-- [1/4] WAMIS DATABASE - amsm_employee
INSERT INTO wamis.amsm_employee (
    employee_id, emp_num, title, first_name, middle_name, last_name, full_name,
    office_id, is_active, operated_by, operated_on, tenant_id, status,
    joining_date, relieving_date, is_service_change, is_data_ported
) VALUES (
    102,
    '10173',
    'Ms.',
    'Maya',
    NULL,
    'Devi',
    'Maya Devi',
    NULL,
    'Y', 531773952, NOW(), 531802112,
    'A',
    '2000-05-11',
    NULL,
    'N',
    true
);

-- [2/4] WAMIS DATABASE - amsm_employee_service
INSERT INTO wamis.amsm_employee_service (
    office_id, employee_id, designation_id, is_additional_charge,
    start_date, end_date, operated_by, operated_on, tenant_id,
    is_latest, anfn, status, is_data_ported
) VALUES (
    NULL,
    102,
    4,
    'N',
    '2022-08-08',
    NULL,
    531773952, NOW(), 531802112,
    'Y', 'A', 'A', true
);

-- [3/4] UM DATABASE - umsm_user
INSERT INTO um.umsm_user (
    uid, user_id, email_id, mobile_no, "password", old_password,
    employee_status, is_admin_user, is_internally_mapped,
    valid_from, valid_till, operated_on, operated_by, password_changed_on,
    "name", designation, company, tenant_id, designation_id, employee_id, is_data_ported
) VALUES (
    98, 
    '10173', 
    'gAAAAABpLVdyzPzcniIksn3OYrphcmV6a77ThlJ2j8zNW3C2TShfC6S_Y_L3UFCUlcMQ7YmwijwGcx1BieXqgz96EoX4sOEktSNtQ5OMeb4fzphr2VOg23I=', 
    'gAAAAABpLVdy0cET2nn8Y_RrWry5MEt3d7P1RRLur-xoqDYzCygOfDdJUZSUCxQEyD1Pif2C7sRANoCGQiI3cdVZW4H-Lnf4NA==', 
    '370ff199c75276a360640b2baffe4c56132477297e25d0d8c5702988ee11e231',
    '',
    'A', 'N', 'N',
    '2022-08-08', NULL,
    NOW(), 531773952, NULL,
    'Maya Devi',
    'OTHER',
    'HPPWD',
    531802112,
    4,
    102,
    true
);

-- [4/4] UM DATABASE - umst_user_role
INSERT INTO um.umst_user_role (
    user_role_id, uid, role_id, unit_id, operated_on, operated_by, tenant_id, is_data_ported
) VALUES (
    444303467162455, 
    98, 
    532193206, 
    NULL, 
    NOW(), 
    531773952, 
    531802112, 
    true
);

-- ----------------------------------------------------------------------


================================================================================
-- Employee: Sunku Ram  (38403.0)
-- Employee ID: 103 | UID: 99 | User Role ID: 444303467162456
================================================================================

-- [1/4] WAMIS DATABASE - amsm_employee
INSERT INTO wamis.amsm_employee (
    employee_id, emp_num, title, first_name, middle_name, last_name, full_name,
    office_id, is_active, operated_by, operated_on, tenant_id, status,
    joining_date, relieving_date, is_service_change, is_data_ported
) VALUES (
    103,
    '38403',
    'Mr.',
    'Sunku',
    NULL,
    'Ram',
    'Sunku Ram',
    NULL,
    'Y', 531773952, NOW(), 531802112,
    'A',
    '2004-01-01',
    NULL,
    'N',
    true
);

-- [2/4] WAMIS DATABASE - amsm_employee_service
INSERT INTO wamis.amsm_employee_service (
    office_id, employee_id, designation_id, is_additional_charge,
    start_date, end_date, operated_by, operated_on, tenant_id,
    is_latest, anfn, status, is_data_ported
) VALUES (
    NULL,
    103,
    4,
    'N',
    '2023-11-06',
    NULL,
    531773952, NOW(), 531802112,
    'Y', 'A', 'A', true
);

-- [3/4] UM DATABASE - umsm_user
INSERT INTO um.umsm_user (
    uid, user_id, email_id, mobile_no, "password", old_password,
    employee_status, is_admin_user, is_internally_mapped,
    valid_from, valid_till, operated_on, operated_by, password_changed_on,
    "name", designation, company, tenant_id, designation_id, employee_id, is_data_ported
) VALUES (
    99, 
    '38403', 
    'gAAAAABpLVdyQG8rtHeyPr8zMblqtibnx8Jp059_a5Pz1GVyTlvUAuix25e7SwHT_MFX1r14ixNxMnXoLYg5uHvWMd8iPSVOzAT3e5haN2Sx2Qbzn-HuEjk=', 
    'gAAAAABpLVdyfhlRN2-WT-TtaHlgT4LflKbqORa2SUgpPcnH39FF6hpn5Jv8Q59KyMi7dnjOvegMemjNrKpmxR1IXPurGqc2Zw==', 
    '370ff199c75276a360640b2baffe4c56132477297e25d0d8c5702988ee11e231',
    '',
    'A', 'N', 'N',
    '2023-11-06', NULL,
    NOW(), 531773952, NULL,
    'Sunku Ram',
    'OTHER',
    'HPPWD',
    531802112,
    4,
    103,
    true
);

-- [4/4] UM DATABASE - umst_user_role
INSERT INTO um.umst_user_role (
    user_role_id, uid, role_id, unit_id, operated_on, operated_by, tenant_id, is_data_ported
) VALUES (
    444303467162456, 
    99, 
    532193206, 
    NULL, 
    NOW(), 
    531773952, 
    531802112, 
    true
);

-- ----------------------------------------------------------------------


================================================================================
-- Employee: Priyanka  (51712.0)
-- Employee ID: 104 | UID: 100 | User Role ID: 444303467162457
================================================================================

-- [1/4] WAMIS DATABASE - amsm_employee
INSERT INTO wamis.amsm_employee (
    employee_id, emp_num, title, first_name, middle_name, last_name, full_name,
    office_id, is_active, operated_by, operated_on, tenant_id, status,
    joining_date, relieving_date, is_service_change, is_data_ported
) VALUES (
    104,
    '51712',
    'Ms.',
    'Priyanka',
    NULL,
    '-',
    'Priyanka',
    NULL,
    'Y', 531773952, NOW(), 531802112,
    'A',
    '2017-09-07',
    NULL,
    'N',
    true
);

-- [2/4] WAMIS DATABASE - amsm_employee_service
INSERT INTO wamis.amsm_employee_service (
    office_id, employee_id, designation_id, is_additional_charge,
    start_date, end_date, operated_by, operated_on, tenant_id,
    is_latest, anfn, status, is_data_ported
) VALUES (
    NULL,
    104,
    1,
    'N',
    '2024-07-08',
    NULL,
    531773952, NOW(), 531802112,
    'Y', 'A', 'A', true
);

-- [3/4] UM DATABASE - umsm_user
INSERT INTO um.umsm_user (
    uid, user_id, email_id, mobile_no, "password", old_password,
    employee_status, is_admin_user, is_internally_mapped,
    valid_from, valid_till, operated_on, operated_by, password_changed_on,
    "name", designation, company, tenant_id, designation_id, employee_id, is_data_ported
) VALUES (
    100, 
    '51712', 
    'gAAAAABpLVdytNLnwlftIcH0FlWUA_G0SoDmBH-XjesnKPRQUHp6663kqlGiU9YTBowu1pXdX5nMjeR-9NCLA7BxLwQephFRyec0pstW03GfKejL5U0Ytlc=', 
    'gAAAAABpLVdyZjNTFtAMEZNSXMYNx-Be8k5sucgT7xVYW2ysdq3Qo9wdXzTn0auguI4oM1Ha6LTJYyIiWOYyzDgiIum8cqCHvA==', 
    '370ff199c75276a360640b2baffe4c56132477297e25d0d8c5702988ee11e231',
    '',
    'A', 'N', 'N',
    '2024-07-08', NULL,
    NOW(), 531773952, NULL,
    'Priyanka',
    'JUNIOR ENGINEER',
    'HPPWD',
    531802112,
    1,
    104,
    true
);

-- [4/4] UM DATABASE - umst_user_role
INSERT INTO um.umst_user_role (
    user_role_id, uid, role_id, unit_id, operated_on, operated_by, tenant_id, is_data_ported
) VALUES (
    444303467162457, 
    100, 
    532193206, 
    NULL, 
    NOW(), 
    531773952, 
    531802112, 
    true
);

-- ----------------------------------------------------------------------


================================================================================
-- Employee: Priyanka Kumari  (57252.0)
-- Employee ID: 105 | UID: 101 | User Role ID: 444303467162458
================================================================================

-- [1/4] WAMIS DATABASE - amsm_employee
INSERT INTO wamis.amsm_employee (
    employee_id, emp_num, title, first_name, middle_name, last_name, full_name,
    office_id, is_active, operated_by, operated_on, tenant_id, status,
    joining_date, relieving_date, is_service_change, is_data_ported
) VALUES (
    105,
    '57252',
    'Ms.',
    'Priyanka',
    NULL,
    'Kumari',
    'Priyanka Kumari',
    NULL,
    'Y', 531773952, NOW(), 531802112,
    'A',
    '2024-11-02',
    NULL,
    'N',
    true
);

-- [2/4] WAMIS DATABASE - amsm_employee_service
INSERT INTO wamis.amsm_employee_service (
    office_id, employee_id, designation_id, is_additional_charge,
    start_date, end_date, operated_by, operated_on, tenant_id,
    is_latest, anfn, status, is_data_ported
) VALUES (
    NULL,
    105,
    NULL,
    'N',
    '2024-11-02',
    NULL,
    531773952, NOW(), 531802112,
    'Y', 'A', 'A', true
);

-- [3/4] UM DATABASE - umsm_user
INSERT INTO um.umsm_user (
    uid, user_id, email_id, mobile_no, "password", old_password,
    employee_status, is_admin_user, is_internally_mapped,
    valid_from, valid_till, operated_on, operated_by, password_changed_on,
    "name", designation, company, tenant_id, designation_id, employee_id, is_data_ported
) VALUES (
    101, 
    '57252', 
    'gAAAAABpLVdy-x-ed94wLgd2YGjvHUIuRQSx97MwEBpQkybuaVWHAHkzriz5N2-nYeLi3frwhwfGFpeYzP3gqISUbtWWJGpP7JP5wN2bIfKK9aJjsgnofMM=', 
    'gAAAAABpLVdyTJ91l6Lyqqbi6gsxmt3mNXMhZrkq2pATaBTuneg9UCN5yLX3GFh0DJaUdcUERwPq4KOjd28bPckH84HctpzoSw==', 
    '370ff199c75276a360640b2baffe4c56132477297e25d0d8c5702988ee11e231',
    '',
    'A', 'N', 'N',
    '2024-11-02', NULL,
    NOW(), 531773952, NULL,
    'Priyanka Kumari',
    'JUNIOR DRAUGHTSMAN',
    'HPPWD',
    531802112,
    NULL,
    105,
    true
);

-- [4/4] UM DATABASE - umst_user_role
INSERT INTO um.umst_user_role (
    user_role_id, uid, role_id, unit_id, operated_on, operated_by, tenant_id, is_data_ported
) VALUES (
    444303467162458, 
    101, 
    532193206, 
    NULL, 
    NOW(), 
    531773952, 
    531802112, 
    true
);

-- ----------------------------------------------------------------------


================================================================================
-- Employee: Anshul Chaudhary (56149.0)
-- Employee ID: 106 | UID: 102 | User Role ID: 444303467162459
================================================================================

-- [1/4] WAMIS DATABASE - amsm_employee
INSERT INTO wamis.amsm_employee (
    employee_id, emp_num, title, first_name, middle_name, last_name, full_name,
    office_id, is_active, operated_by, operated_on, tenant_id, status,
    joining_date, relieving_date, is_service_change, is_data_ported
) VALUES (
    106,
    '56149',
    'Mr.',
    'Anshul',
    NULL,
    'Chaudhary',
    'Anshul Chaudhary',
    NULL,
    'Y', 531773952, NOW(), 531802112,
    'A',
    '2017-02-15',
    NULL,
    'N',
    true
);

-- [2/4] WAMIS DATABASE - amsm_employee_service
INSERT INTO wamis.amsm_employee_service (
    office_id, employee_id, designation_id, is_additional_charge,
    start_date, end_date, operated_by, operated_on, tenant_id,
    is_latest, anfn, status, is_data_ported
) VALUES (
    NULL,
    106,
    2,
    'N',
    '2025-05-01',
    NULL,
    531773952, NOW(), 531802112,
    'Y', 'A', 'A', true
);

-- [3/4] UM DATABASE - umsm_user
INSERT INTO um.umsm_user (
    uid, user_id, email_id, mobile_no, "password", old_password,
    employee_status, is_admin_user, is_internally_mapped,
    valid_from, valid_till, operated_on, operated_by, password_changed_on,
    "name", designation, company, tenant_id, designation_id, employee_id, is_data_ported
) VALUES (
    102, 
    '56149', 
    'gAAAAABpLVdymycWKlp969VeQVFfwEZeJh3dVuRAAK3w4Vg8lmXj4TcyXWlGeimgArnLQghJE3ZkZSKGJ_oed0LrDkMqcD_HXxByVy3_ghDa9dYMIm_s9sg=', 
    'gAAAAABpLVdyWV3ONijwHQhzWk8V_CuafKBggYw6JsrjTFRCZ7c3L4NxHCrojbc0fULIgD0LpCYhtnWSNMMtADUyyYRJA14vjw==', 
    '370ff199c75276a360640b2baffe4c56132477297e25d0d8c5702988ee11e231',
    '',
    'A', 'N', 'N',
    '2025-05-01', NULL,
    NOW(), 531773952, NULL,
    'Anshul Chaudhary',
    'ASSISTANT ENGINEER',
    'HPPWD',
    531802112,
    2,
    106,
    true
);

-- [4/4] UM DATABASE - umst_user_role
INSERT INTO um.umst_user_role (
    user_role_id, uid, role_id, unit_id, operated_on, operated_by, tenant_id, is_data_ported
) VALUES (
    444303467162459, 
    102, 
    532193206, 
    NULL, 
    NOW(), 
    531773952, 
    531802112, 
    true
);

-- ----------------------------------------------------------------------


================================================================================
-- Employee: Lekh Raj  (29836.0)
-- Employee ID: 107 | UID: 103 | User Role ID: 444303467162460
================================================================================

-- [1/4] WAMIS DATABASE - amsm_employee
INSERT INTO wamis.amsm_employee (
    employee_id, emp_num, title, first_name, middle_name, last_name, full_name,
    office_id, is_active, operated_by, operated_on, tenant_id, status,
    joining_date, relieving_date, is_service_change, is_data_ported
) VALUES (
    107,
    '29836',
    'Mr.',
    'Lekh',
    NULL,
    'Raj',
    'Lekh Raj',
    NULL,
    'Y', 531773952, NOW(), 531802112,
    'A',
    '1999-12-17',
    NULL,
    'N',
    true
);

-- [2/4] WAMIS DATABASE - amsm_employee_service
INSERT INTO wamis.amsm_employee_service (
    office_id, employee_id, designation_id, is_additional_charge,
    start_date, end_date, operated_by, operated_on, tenant_id,
    is_latest, anfn, status, is_data_ported
) VALUES (
    NULL,
    107,
    1,
    'N',
    '2023-09-01',
    NULL,
    531773952, NOW(), 531802112,
    'Y', 'A', 'A', true
);

-- [3/4] UM DATABASE - umsm_user
INSERT INTO um.umsm_user (
    uid, user_id, email_id, mobile_no, "password", old_password,
    employee_status, is_admin_user, is_internally_mapped,
    valid_from, valid_till, operated_on, operated_by, password_changed_on,
    "name", designation, company, tenant_id, designation_id, employee_id, is_data_ported
) VALUES (
    103, 
    '29836', 
    'gAAAAABpLVdyOwvUrIp2Lj70JmLN5vURCOo5SLpHvYoTVR2KdcDr9CPbZNhUmfHfVj2Gd_yJQQEJ4DI3PzS6QhYS7QKPXg9xA_VkI5aO6m7meKpKi9sD8aA=', 
    'gAAAAABpLVdyENp8EDw51HmUzVuTGl7bpmi-9hZlzAFHxAZ1jCbrX9KIEnC1Gv3_MZjHv-_k4SV9JjtZgqvL1fdsePrz7fhLHQ==', 
    '370ff199c75276a360640b2baffe4c56132477297e25d0d8c5702988ee11e231',
    '',
    'A', 'N', 'N',
    '2023-09-01', NULL,
    NOW(), 531773952, NULL,
    'Lekh Raj',
    'JUNIOR ENGINEER',
    'HPPWD',
    531802112,
    1,
    107,
    true
);

-- [4/4] UM DATABASE - umst_user_role
INSERT INTO um.umst_user_role (
    user_role_id, uid, role_id, unit_id, operated_on, operated_by, tenant_id, is_data_ported
) VALUES (
    444303467162460, 
    103, 
    532193206, 
    NULL, 
    NOW(), 
    531773952, 
    531802112, 
    true
);

-- ----------------------------------------------------------------------


================================================================================
-- Employee: Sahil Thakur  (13281.0)
-- Employee ID: 108 | UID: 104 | User Role ID: 444303467162461
================================================================================

-- [1/4] WAMIS DATABASE - amsm_employee
INSERT INTO wamis.amsm_employee (
    employee_id, emp_num, title, first_name, middle_name, last_name, full_name,
    office_id, is_active, operated_by, operated_on, tenant_id, status,
    joining_date, relieving_date, is_service_change, is_data_ported
) VALUES (
    108,
    '13281',
    'Mr.',
    'Sahil',
    NULL,
    'Thakur',
    'Sahil Thakur',
    NULL,
    'Y', 531773952, NOW(), 531802112,
    'A',
    '2013-09-28',
    NULL,
    'N',
    true
);

-- [2/4] WAMIS DATABASE - amsm_employee_service
INSERT INTO wamis.amsm_employee_service (
    office_id, employee_id, designation_id, is_additional_charge,
    start_date, end_date, operated_by, operated_on, tenant_id,
    is_latest, anfn, status, is_data_ported
) VALUES (
    NULL,
    108,
    4,
    'N',
    '2023-05-09',
    NULL,
    531773952, NOW(), 531802112,
    'Y', 'A', 'A', true
);

-- [3/4] UM DATABASE - umsm_user
INSERT INTO um.umsm_user (
    uid, user_id, email_id, mobile_no, "password", old_password,
    employee_status, is_admin_user, is_internally_mapped,
    valid_from, valid_till, operated_on, operated_by, password_changed_on,
    "name", designation, company, tenant_id, designation_id, employee_id, is_data_ported
) VALUES (
    104, 
    '13281', 
    'gAAAAABpLVdyx2xfp6O75WyFQziI_c7vUMks-sla84zG5YDuGD1tccorIEpohzi112oZl23Ji2bZg5hMVbDqujpJzRZF1jl3rGqWBL2I8besho3zFeuyCTM=', 
    'gAAAAABpLVdypPf5PSe20LoIxK9oigH79ral9xmGac827NfI8iy9GvEj2Z7QWZuvXaG-7D4XbWAL1z9TJHQfV_MrFIDeXnxsVQ==', 
    '370ff199c75276a360640b2baffe4c56132477297e25d0d8c5702988ee11e231',
    '',
    'A', 'N', 'N',
    '2023-05-09', NULL,
    NOW(), 531773952, NULL,
    'Sahil Thakur',
    'OTHER',
    'HPPWD',
    531802112,
    4,
    108,
    true
);

-- [4/4] UM DATABASE - umst_user_role
INSERT INTO um.umst_user_role (
    user_role_id, uid, role_id, unit_id, operated_on, operated_by, tenant_id, is_data_ported
) VALUES (
    444303467162461, 
    104, 
    532193206, 
    NULL, 
    NOW(), 
    531773952, 
    531802112, 
    true
);

-- ----------------------------------------------------------------------


================================================================================
-- Employee: Arjun Katoch  (53977.0)
-- Employee ID: 109 | UID: 105 | User Role ID: 444303467162462
================================================================================

-- [1/4] WAMIS DATABASE - amsm_employee
INSERT INTO wamis.amsm_employee (
    employee_id, emp_num, title, first_name, middle_name, last_name, full_name,
    office_id, is_active, operated_by, operated_on, tenant_id, status,
    joining_date, relieving_date, is_service_change, is_data_ported
) VALUES (
    109,
    '53977',
    'Mr.',
    'Arjun',
    NULL,
    'Katoch',
    'Arjun Katoch',
    NULL,
    'Y', 531773952, NOW(), 531802112,
    'A',
    '2017-08-29',
    NULL,
    'N',
    true
);

-- [2/4] WAMIS DATABASE - amsm_employee_service
INSERT INTO wamis.amsm_employee_service (
    office_id, employee_id, designation_id, is_additional_charge,
    start_date, end_date, operated_by, operated_on, tenant_id,
    is_latest, anfn, status, is_data_ported
) VALUES (
    NULL,
    109,
    1,
    'N',
    '2024-03-05',
    NULL,
    531773952, NOW(), 531802112,
    'Y', 'A', 'A', true
);

-- [3/4] UM DATABASE - umsm_user
INSERT INTO um.umsm_user (
    uid, user_id, email_id, mobile_no, "password", old_password,
    employee_status, is_admin_user, is_internally_mapped,
    valid_from, valid_till, operated_on, operated_by, password_changed_on,
    "name", designation, company, tenant_id, designation_id, employee_id, is_data_ported
) VALUES (
    105, 
    '53977', 
    'gAAAAABpLVdyjCTBRBw0rLnqwR63IZUjmnfKgh42y_5dZtIIriO41iziSR1bpoQseVbYGtzj10TkE5oHrs3E40OxcaZftckVMRf9pRW9qDhJrNdcoPHLHD8=', 
    'gAAAAABpLVdyFaDqSu3zN_viaCcNZ4q3ZKNAR0ms0Qy4BNs-NoeTIMuwMUN1RiZbFCg6QdtQDC6BI_msmxXg5Z6ypZozG5rHEQ==', 
    '370ff199c75276a360640b2baffe4c56132477297e25d0d8c5702988ee11e231',
    '',
    'A', 'N', 'N',
    '2024-03-05', NULL,
    NOW(), 531773952, NULL,
    'Arjun Katoch',
    'JUNIOR ENGINEER',
    'HPPWD',
    531802112,
    1,
    109,
    true
);

-- [4/4] UM DATABASE - umst_user_role
INSERT INTO um.umst_user_role (
    user_role_id, uid, role_id, unit_id, operated_on, operated_by, tenant_id, is_data_ported
) VALUES (
    444303467162462, 
    105, 
    532193206, 
    NULL, 
    NOW(), 
    531773952, 
    531802112, 
    true
);

-- ----------------------------------------------------------------------


================================================================================
-- Employee: Jitender Thakur (55029.0)
-- Employee ID: 110 | UID: 106 | User Role ID: 444303467162463
================================================================================

-- [1/4] WAMIS DATABASE - amsm_employee
INSERT INTO wamis.amsm_employee (
    employee_id, emp_num, title, first_name, middle_name, last_name, full_name,
    office_id, is_active, operated_by, operated_on, tenant_id, status,
    joining_date, relieving_date, is_service_change, is_data_ported
) VALUES (
    110,
    '55029',
    'Mr.',
    'Jitender',
    NULL,
    'Thakur',
    'Jitender Thakur',
    NULL,
    'Y', 531773952, NOW(), 531802112,
    'A',
    '2016-02-23',
    NULL,
    'N',
    true
);

-- [2/4] WAMIS DATABASE - amsm_employee_service
INSERT INTO wamis.amsm_employee_service (
    office_id, employee_id, designation_id, is_additional_charge,
    start_date, end_date, operated_by, operated_on, tenant_id,
    is_latest, anfn, status, is_data_ported
) VALUES (
    NULL,
    110,
    1,
    'N',
    '2022-09-09',
    NULL,
    531773952, NOW(), 531802112,
    'Y', 'A', 'A', true
);

-- [3/4] UM DATABASE - umsm_user
INSERT INTO um.umsm_user (
    uid, user_id, email_id, mobile_no, "password", old_password,
    employee_status, is_admin_user, is_internally_mapped,
    valid_from, valid_till, operated_on, operated_by, password_changed_on,
    "name", designation, company, tenant_id, designation_id, employee_id, is_data_ported
) VALUES (
    106, 
    '55029', 
    'gAAAAABpLVdy8nILjUrI_rcADiCGhHVo_M3pkmUkkguvXqUl14rYvkUHtrTx2zJE96rwhrTSvdkPe8bdwIMJxsDesqsdIH6_m4kyuo6vwO9OAju45L_BojU=', 
    'gAAAAABpLVdy5Jq6Y7n68le7aCc7Mra3ZUftBBe_oK0_xVCGdBIPbHsiUtfUMYPHqTynvP2j4DmLT0gzz4Q489YL2PlLNSCxfQ==', 
    '370ff199c75276a360640b2baffe4c56132477297e25d0d8c5702988ee11e231',
    '',
    'A', 'N', 'N',
    '2022-09-09', NULL,
    NOW(), 531773952, NULL,
    'Jitender Thakur',
    'JUNIOR ENGINEER',
    'HPPWD',
    531802112,
    1,
    110,
    true
);

-- [4/4] UM DATABASE - umst_user_role
INSERT INTO um.umst_user_role (
    user_role_id, uid, role_id, unit_id, operated_on, operated_by, tenant_id, is_data_ported
) VALUES (
    444303467162463, 
    106, 
    532193206, 
    NULL, 
    NOW(), 
    531773952, 
    531802112, 
    true
);

-- ----------------------------------------------------------------------


================================================================================
-- Employee: Satish Kumar  (45707.0)
-- Employee ID: 111 | UID: 107 | User Role ID: 444303467162464
================================================================================

-- [1/4] WAMIS DATABASE - amsm_employee
INSERT INTO wamis.amsm_employee (
    employee_id, emp_num, title, first_name, middle_name, last_name, full_name,
    office_id, is_active, operated_by, operated_on, tenant_id, status,
    joining_date, relieving_date, is_service_change, is_data_ported
) VALUES (
    111,
    '45707',
    'Mr.',
    'Satish',
    NULL,
    'Kumar',
    'Satish Kumar',
    NULL,
    'Y', 531773952, NOW(), 531802112,
    'A',
    '1999-04-01',
    NULL,
    'N',
    true
);

-- [2/4] WAMIS DATABASE - amsm_employee_service
INSERT INTO wamis.amsm_employee_service (
    office_id, employee_id, designation_id, is_additional_charge,
    start_date, end_date, operated_by, operated_on, tenant_id,
    is_latest, anfn, status, is_data_ported
) VALUES (
    NULL,
    111,
    2,
    'N',
    '2023-11-28',
    NULL,
    531773952, NOW(), 531802112,
    'Y', 'A', 'A', true
);

-- [3/4] UM DATABASE - umsm_user
INSERT INTO um.umsm_user (
    uid, user_id, email_id, mobile_no, "password", old_password,
    employee_status, is_admin_user, is_internally_mapped,
    valid_from, valid_till, operated_on, operated_by, password_changed_on,
    "name", designation, company, tenant_id, designation_id, employee_id, is_data_ported
) VALUES (
    107, 
    '45707', 
    'gAAAAABpLVdyhtRcYR8otogVlaG0TodtBNsAn258dtscZoEnsJiW4gZTGi8EPVS11Jf9csEvYZxR3Xby_IPzaJ3vgOovzS3a-xVF-InlB7Pn6CnGwqHb708=', 
    'gAAAAABpLVdy5Yy97EkN0UZytERkwqYuHtrOC_xL7vO62JL7FmHcwF6kKOKy0gv2nSvvk1rjOWPrBDEn8uDGKg0SoiZsgslYWA==', 
    '370ff199c75276a360640b2baffe4c56132477297e25d0d8c5702988ee11e231',
    '',
    'A', 'N', 'N',
    '2023-11-28', NULL,
    NOW(), 531773952, NULL,
    'Satish Kumar',
    'ASSISTANT ENGINEER',
    'HPPWD',
    531802112,
    2,
    111,
    true
);

-- [4/4] UM DATABASE - umst_user_role
INSERT INTO um.umst_user_role (
    user_role_id, uid, role_id, unit_id, operated_on, operated_by, tenant_id, is_data_ported
) VALUES (
    444303467162464, 
    107, 
    532193206, 
    NULL, 
    NOW(), 
    531773952, 
    531802112, 
    true
);

-- ----------------------------------------------------------------------


================================================================================
-- Employee: Khem Chand  (37866.0)
-- Employee ID: 112 | UID: 108 | User Role ID: 444303467162465
================================================================================

-- [1/4] WAMIS DATABASE - amsm_employee
INSERT INTO wamis.amsm_employee (
    employee_id, emp_num, title, first_name, middle_name, last_name, full_name,
    office_id, is_active, operated_by, operated_on, tenant_id, status,
    joining_date, relieving_date, is_service_change, is_data_ported
) VALUES (
    112,
    '37866',
    'Mr.',
    'Khem',
    NULL,
    'Chand',
    'Khem Chand',
    NULL,
    'Y', 531773952, NOW(), 531802112,
    'A',
    '2007-01-09',
    NULL,
    'N',
    true
);

-- [2/4] WAMIS DATABASE - amsm_employee_service
INSERT INTO wamis.amsm_employee_service (
    office_id, employee_id, designation_id, is_additional_charge,
    start_date, end_date, operated_by, operated_on, tenant_id,
    is_latest, anfn, status, is_data_ported
) VALUES (
    NULL,
    112,
    1,
    'N',
    '2024-08-01',
    NULL,
    531773952, NOW(), 531802112,
    'Y', 'A', 'A', true
);

-- [3/4] UM DATABASE - umsm_user
INSERT INTO um.umsm_user (
    uid, user_id, email_id, mobile_no, "password", old_password,
    employee_status, is_admin_user, is_internally_mapped,
    valid_from, valid_till, operated_on, operated_by, password_changed_on,
    "name", designation, company, tenant_id, designation_id, employee_id, is_data_ported
) VALUES (
    108, 
    '37866', 
    'gAAAAABpLVdyVp7nqddJEWg9Wh3xS8zpH8nmt-PgBiZ2I1fdbOP0qAipstBQ6Kd_4Nl3ArFC8sxVN3yh8GdkA9sxPEFfnSsQGVEP11owmw0bL1efw09jyHw=', 
    'gAAAAABpLVdyvdkUIp8nF5rWQ7jU4fEszI1FwsR3UetJaCXhSvhyEvHvzo8oVPasW_tNbi0MpOPu6XwXuK1LzoEUAlfw8qm_1A==', 
    '370ff199c75276a360640b2baffe4c56132477297e25d0d8c5702988ee11e231',
    '',
    'A', 'N', 'N',
    '2024-08-01', NULL,
    NOW(), 531773952, NULL,
    'Khem Chand',
    'JUNIOR ENGINEER',
    'HPPWD',
    531802112,
    1,
    112,
    true
);

-- [4/4] UM DATABASE - umst_user_role
INSERT INTO um.umst_user_role (
    user_role_id, uid, role_id, unit_id, operated_on, operated_by, tenant_id, is_data_ported
) VALUES (
    444303467162465, 
    108, 
    532193206, 
    NULL, 
    NOW(), 
    531773952, 
    531802112, 
    true
);

-- ----------------------------------------------------------------------


================================================================================
-- Employee: Bharat Bhushan Gupta  (54181.0)
-- Employee ID: 113 | UID: 109 | User Role ID: 444303467162466
================================================================================

-- [1/4] WAMIS DATABASE - amsm_employee
INSERT INTO wamis.amsm_employee (
    employee_id, emp_num, title, first_name, middle_name, last_name, full_name,
    office_id, is_active, operated_by, operated_on, tenant_id, status,
    joining_date, relieving_date, is_service_change, is_data_ported
) VALUES (
    113,
    '54181',
    'Mr.',
    'Bharat',
    'Bhushan',
    'Gupta',
    'Bharat Bhushan Gupta',
    NULL,
    'Y', 531773952, NOW(), 531802112,
    'A',
    '2012-05-03',
    NULL,
    'N',
    true
);

-- [2/4] WAMIS DATABASE - amsm_employee_service
INSERT INTO wamis.amsm_employee_service (
    office_id, employee_id, designation_id, is_additional_charge,
    start_date, end_date, operated_by, operated_on, tenant_id,
    is_latest, anfn, status, is_data_ported
) VALUES (
    NULL,
    113,
    1,
    'N',
    '2024-02-21',
    NULL,
    531773952, NOW(), 531802112,
    'Y', 'A', 'A', true
);

-- [3/4] UM DATABASE - umsm_user
INSERT INTO um.umsm_user (
    uid, user_id, email_id, mobile_no, "password", old_password,
    employee_status, is_admin_user, is_internally_mapped,
    valid_from, valid_till, operated_on, operated_by, password_changed_on,
    "name", designation, company, tenant_id, designation_id, employee_id, is_data_ported
) VALUES (
    109, 
    '54181', 
    'gAAAAABpLVdy2rAISuTE2vtMFTe8_ukQ1CWZZhzCwr-V7XaNJ7WjHnaPWOMdgkpYjxRsyzUw1N83eXI8YsGgmc7-qVGnQjWe6dpm1xNTCDoeKjGewmhBAGI=', 
    'gAAAAABpLVdy2kceOSPNAwnMTZsdiyZOEHeTuyKQL1gIwrEeINI6akU_3W5bZvBqTPiDIlKUVH-p-GFavAWrr3GQ9Afd0eY0kg==', 
    '370ff199c75276a360640b2baffe4c56132477297e25d0d8c5702988ee11e231',
    '',
    'A', 'N', 'N',
    '2024-02-21', NULL,
    NOW(), 531773952, NULL,
    'Bharat Bhushan Gupta',
    'JUNIOR ENGINEER',
    'HPPWD',
    531802112,
    1,
    113,
    true
);

-- [4/4] UM DATABASE - umst_user_role
INSERT INTO um.umst_user_role (
    user_role_id, uid, role_id, unit_id, operated_on, operated_by, tenant_id, is_data_ported
) VALUES (
    444303467162466, 
    109, 
    532193206, 
    NULL, 
    NOW(), 
    531773952, 
    531802112, 
    true
);

-- ----------------------------------------------------------------------


================================================================================
-- Employee: Yugal Kishore (52217.0)
-- Employee ID: 114 | UID: 110 | User Role ID: 444303467162467
================================================================================

-- [1/4] WAMIS DATABASE - amsm_employee
INSERT INTO wamis.amsm_employee (
    employee_id, emp_num, title, first_name, middle_name, last_name, full_name,
    office_id, is_active, operated_by, operated_on, tenant_id, status,
    joining_date, relieving_date, is_service_change, is_data_ported
) VALUES (
    114,
    '52217',
    'Mr.',
    'Yugal',
    NULL,
    'Kishore',
    'Yugal Kishore',
    NULL,
    'Y', 531773952, NOW(), 531802112,
    'A',
    '2015-11-09',
    NULL,
    'N',
    true
);

-- [2/4] WAMIS DATABASE - amsm_employee_service
INSERT INTO wamis.amsm_employee_service (
    office_id, employee_id, designation_id, is_additional_charge,
    start_date, end_date, operated_by, operated_on, tenant_id,
    is_latest, anfn, status, is_data_ported
) VALUES (
    NULL,
    114,
    2,
    'N',
    '2025-07-01',
    NULL,
    531773952, NOW(), 531802112,
    'Y', 'A', 'A', true
);

-- [3/4] UM DATABASE - umsm_user
INSERT INTO um.umsm_user (
    uid, user_id, email_id, mobile_no, "password", old_password,
    employee_status, is_admin_user, is_internally_mapped,
    valid_from, valid_till, operated_on, operated_by, password_changed_on,
    "name", designation, company, tenant_id, designation_id, employee_id, is_data_ported
) VALUES (
    110, 
    '52217', 
    'gAAAAABpLVdyMzAH_lkhHnc8_DT8M6IntJEgYYXGrZXmhwKykDiTf8BxmuE3cmpIvV_sQhT-8IQPhQ1CyloflnhXUAFCL1zqaPh9pQULzywhi88QNKAk56I=', 
    'gAAAAABpLVdy-6JOh8lNYxAQ1fe6CfKrYeT29hVPK2XrTl7gYySUMw_qVqS604UDpc2q-1dwFKpDtSiNiVj5_hxdT2jCEw3UzA==', 
    '370ff199c75276a360640b2baffe4c56132477297e25d0d8c5702988ee11e231',
    '',
    'A', 'N', 'N',
    '2025-07-01', NULL,
    NOW(), 531773952, NULL,
    'Yugal Kishore',
    'ASSISTANT ENGINEER',
    'HPPWD',
    531802112,
    2,
    114,
    true
);

-- [4/4] UM DATABASE - umst_user_role
INSERT INTO um.umst_user_role (
    user_role_id, uid, role_id, unit_id, operated_on, operated_by, tenant_id, is_data_ported
) VALUES (
    444303467162467, 
    110, 
    532193206, 
    NULL, 
    NOW(), 
    531773952, 
    531802112, 
    true
);

-- ----------------------------------------------------------------------


================================================================================
-- Employee: Dhameshwar Ram  (50434.0)
-- Employee ID: 115 | UID: 111 | User Role ID: 444303467162468
================================================================================

-- [1/4] WAMIS DATABASE - amsm_employee
INSERT INTO wamis.amsm_employee (
    employee_id, emp_num, title, first_name, middle_name, last_name, full_name,
    office_id, is_active, operated_by, operated_on, tenant_id, status,
    joining_date, relieving_date, is_service_change, is_data_ported
) VALUES (
    115,
    '50434',
    'Mr.',
    'Dhameshwar',
    NULL,
    'Ram',
    'Dhameshwar Ram',
    NULL,
    'Y', 531773952, NOW(), 531802112,
    'A',
    '2012-09-19',
    NULL,
    'N',
    true
);

-- [2/4] WAMIS DATABASE - amsm_employee_service
INSERT INTO wamis.amsm_employee_service (
    office_id, employee_id, designation_id, is_additional_charge,
    start_date, end_date, operated_by, operated_on, tenant_id,
    is_latest, anfn, status, is_data_ported
) VALUES (
    NULL,
    115,
    4,
    'N',
    '2024-08-21',
    NULL,
    531773952, NOW(), 531802112,
    'Y', 'A', 'A', true
);

-- [3/4] UM DATABASE - umsm_user
INSERT INTO um.umsm_user (
    uid, user_id, email_id, mobile_no, "password", old_password,
    employee_status, is_admin_user, is_internally_mapped,
    valid_from, valid_till, operated_on, operated_by, password_changed_on,
    "name", designation, company, tenant_id, designation_id, employee_id, is_data_ported
) VALUES (
    111, 
    '50434', 
    'gAAAAABpLVdypVW61RZ-hSrFp97KRZDdIE6ORVX5HgQkbg_Z4xqLwOOupJgHCih-gfn8wQ5fZTg4P4-c_YO39XZjR6PnrIMnvqM67d3-A2l4mcJv-ZLqjo8=', 
    'gAAAAABpLVdytPn5hwLxYdPc51bG2WeFfbgYvqOoPni17frkdfVApFHtdDpqkIeht7o8RZQGJhAR_Iw9qSPRi5HOO-QHfMn89Q==', 
    '370ff199c75276a360640b2baffe4c56132477297e25d0d8c5702988ee11e231',
    '',
    'A', 'N', 'N',
    '2024-08-21', NULL,
    NOW(), 531773952, NULL,
    'Dhameshwar Ram',
    'OTHER',
    'HPPWD',
    531802112,
    4,
    115,
    true
);

-- [4/4] UM DATABASE - umst_user_role
INSERT INTO um.umst_user_role (
    user_role_id, uid, role_id, unit_id, operated_on, operated_by, tenant_id, is_data_ported
) VALUES (
    444303467162468, 
    111, 
    532193206, 
    NULL, 
    NOW(), 
    531773952, 
    531802112, 
    true
);

-- ----------------------------------------------------------------------


================================================================================
-- Employee: Suresh Kumar  (50542.0)
-- Employee ID: 116 | UID: 112 | User Role ID: 444303467162469
================================================================================

-- [1/4] WAMIS DATABASE - amsm_employee
INSERT INTO wamis.amsm_employee (
    employee_id, emp_num, title, first_name, middle_name, last_name, full_name,
    office_id, is_active, operated_by, operated_on, tenant_id, status,
    joining_date, relieving_date, is_service_change, is_data_ported
) VALUES (
    116,
    '50542',
    'Mr.',
    'Suresh',
    NULL,
    'Kumar',
    'Suresh Kumar',
    NULL,
    'Y', 531773952, NOW(), 531802112,
    'A',
    '2013-09-30',
    NULL,
    'N',
    true
);

-- [2/4] WAMIS DATABASE - amsm_employee_service
INSERT INTO wamis.amsm_employee_service (
    office_id, employee_id, designation_id, is_additional_charge,
    start_date, end_date, operated_by, operated_on, tenant_id,
    is_latest, anfn, status, is_data_ported
) VALUES (
    NULL,
    116,
    1,
    'N',
    '2022-06-29',
    NULL,
    531773952, NOW(), 531802112,
    'Y', 'A', 'A', true
);

-- [3/4] UM DATABASE - umsm_user
INSERT INTO um.umsm_user (
    uid, user_id, email_id, mobile_no, "password", old_password,
    employee_status, is_admin_user, is_internally_mapped,
    valid_from, valid_till, operated_on, operated_by, password_changed_on,
    "name", designation, company, tenant_id, designation_id, employee_id, is_data_ported
) VALUES (
    112, 
    '50542', 
    'gAAAAABpLVdy5c7gd1O5YCBtYigwzYM1AKcyzi7TOGifE2GO-M0jcetc2Oz969HKDdrKxAGshNYxingYP907_5EawCoPtz8ls3InpNc0mIga1nV8vAM4Rhs=', 
    'gAAAAABpLVdyE4qfrWf2tG55PjX1iJ4j0U_FU9DgJr9ML7LwcVMiX46Ces0s8Xsi78XORzu1w5dCl8S0MEGKRy7phTotrQb66Q==', 
    '370ff199c75276a360640b2baffe4c56132477297e25d0d8c5702988ee11e231',
    '',
    'A', 'N', 'N',
    '2022-06-29', NULL,
    NOW(), 531773952, NULL,
    'Suresh Kumar',
    'JUNIOR ENGINEER',
    'HPPWD',
    531802112,
    1,
    116,
    true
);

-- [4/4] UM DATABASE - umst_user_role
INSERT INTO um.umst_user_role (
    user_role_id, uid, role_id, unit_id, operated_on, operated_by, tenant_id, is_data_ported
) VALUES (
    444303467162469, 
    112, 
    532193206, 
    NULL, 
    NOW(), 
    531773952, 
    531802112, 
    true
);

-- ----------------------------------------------------------------------


================================================================================
-- Employee: Manoj Kumar  (38013.0)
-- Employee ID: 117 | UID: 113 | User Role ID: 444303467162470
================================================================================

-- [1/4] WAMIS DATABASE - amsm_employee
INSERT INTO wamis.amsm_employee (
    employee_id, emp_num, title, first_name, middle_name, last_name, full_name,
    office_id, is_active, operated_by, operated_on, tenant_id, status,
    joining_date, relieving_date, is_service_change, is_data_ported
) VALUES (
    117,
    '38013',
    'Mr.',
    'Manoj',
    NULL,
    'Kumar',
    'Manoj Kumar',
    NULL,
    'Y', 531773952, NOW(), 531802112,
    'A',
    '1994-07-21',
    NULL,
    'N',
    true
);

-- [2/4] WAMIS DATABASE - amsm_employee_service
INSERT INTO wamis.amsm_employee_service (
    office_id, employee_id, designation_id, is_additional_charge,
    start_date, end_date, operated_by, operated_on, tenant_id,
    is_latest, anfn, status, is_data_ported
) VALUES (
    NULL,
    117,
    1,
    'N',
    '2024-07-12',
    NULL,
    531773952, NOW(), 531802112,
    'Y', 'A', 'A', true
);

-- [3/4] UM DATABASE - umsm_user
INSERT INTO um.umsm_user (
    uid, user_id, email_id, mobile_no, "password", old_password,
    employee_status, is_admin_user, is_internally_mapped,
    valid_from, valid_till, operated_on, operated_by, password_changed_on,
    "name", designation, company, tenant_id, designation_id, employee_id, is_data_ported
) VALUES (
    113, 
    '38013', 
    'gAAAAABpLVdyPpKakJQX2UBxASwotDw35B8HomwUQPU0A1dZ7urY5S9ysZCO_EwDhssdH76om7z3694bz3dpl2IHQ31Y3xiddipONYYa9tsf39jXyVhMQL0=', 
    'gAAAAABpLVdyvXhv90mjGEQ1ArIyWjJnT5IRDjloQCe5vX_TcMk3KTlxLoxj44ZxzPSYmGweiEeH6xhAyOwBDMplh9DOofd-_w==', 
    '370ff199c75276a360640b2baffe4c56132477297e25d0d8c5702988ee11e231',
    '',
    'A', 'N', 'N',
    '2024-07-12', NULL,
    NOW(), 531773952, NULL,
    'Manoj Kumar',
    'JUNIOR ENGINEER',
    'HPPWD',
    531802112,
    1,
    117,
    true
);

-- [4/4] UM DATABASE - umst_user_role
INSERT INTO um.umst_user_role (
    user_role_id, uid, role_id, unit_id, operated_on, operated_by, tenant_id, is_data_ported
) VALUES (
    444303467162470, 
    113, 
    532193206, 
    NULL, 
    NOW(), 
    531773952, 
    531802112, 
    true
);

-- ----------------------------------------------------------------------


================================================================================
-- Employee: Pushp Raj  (14559.0)
-- Employee ID: 118 | UID: 114 | User Role ID: 444303467162471
================================================================================

-- [1/4] WAMIS DATABASE - amsm_employee
INSERT INTO wamis.amsm_employee (
    employee_id, emp_num, title, first_name, middle_name, last_name, full_name,
    office_id, is_active, operated_by, operated_on, tenant_id, status,
    joining_date, relieving_date, is_service_change, is_data_ported
) VALUES (
    118,
    '14559',
    'Mr.',
    'Pushp',
    NULL,
    'Raj',
    'Pushp Raj',
    NULL,
    'Y', 531773952, NOW(), 531802112,
    'A',
    '2001-01-01',
    NULL,
    'N',
    true
);

-- [2/4] WAMIS DATABASE - amsm_employee_service
INSERT INTO wamis.amsm_employee_service (
    office_id, employee_id, designation_id, is_additional_charge,
    start_date, end_date, operated_by, operated_on, tenant_id,
    is_latest, anfn, status, is_data_ported
) VALUES (
    NULL,
    118,
    1,
    'N',
    '2024-03-16',
    NULL,
    531773952, NOW(), 531802112,
    'Y', 'A', 'A', true
);

-- [3/4] UM DATABASE - umsm_user
INSERT INTO um.umsm_user (
    uid, user_id, email_id, mobile_no, "password", old_password,
    employee_status, is_admin_user, is_internally_mapped,
    valid_from, valid_till, operated_on, operated_by, password_changed_on,
    "name", designation, company, tenant_id, designation_id, employee_id, is_data_ported
) VALUES (
    114, 
    '14559', 
    'gAAAAABpLVdyR-fHWbGnoA7T0jH7rSGSFh5Ze1CGmKZd1TMzWCYJA_neZPuTi3l-gw3_OXE4nUQe2ojnmdgca86rSzMsLKd_ZP3hhli2qwBV8aLXs2jAgTA=', 
    'gAAAAABpLVdyzQaDvpJL8zNbk0Di6WaBXd3ssINltphDmVqlNenxOGNPqbAvBx-9OjuqpXiWF2SD1_obcLzmIjeN6L1fKiHo1w==', 
    '370ff199c75276a360640b2baffe4c56132477297e25d0d8c5702988ee11e231',
    '',
    'A', 'N', 'N',
    '2024-03-16', NULL,
    NOW(), 531773952, NULL,
    'Pushp Raj',
    'JUNIOR ENGINEER',
    'HPPWD',
    531802112,
    1,
    118,
    true
);

-- [4/4] UM DATABASE - umst_user_role
INSERT INTO um.umst_user_role (
    user_role_id, uid, role_id, unit_id, operated_on, operated_by, tenant_id, is_data_ported
) VALUES (
    444303467162471, 
    114, 
    532193206, 
    NULL, 
    NOW(), 
    531773952, 
    531802112, 
    true
);

-- ----------------------------------------------------------------------

COMMIT;

-- Total records processed: 25
-- Total errors: 0