-- Generated SQL Insert Queries
-- Generated on: 2025-12-02 11:08:15
-- ================================================================================
BEGIN;


================================================================================
-- Employee: Devi Ram  (34679.0)
-- Employee ID: 94 | UID: 90 | User Role ID: 444303467162447
================================================================================

-- [1/4] WAMIS DATABASE - amsm_employee
INSERT INTO wamis.amsm_employee (
    employee_id, emp_num, title, first_name, middle_name, last_name, full_name,
    office_id, is_active, operated_by, operated_on, tenant_id, status,
    joining_date, relieving_date, is_service_change, is_data_ported
) VALUES (
    94,
    '34679',
    'Mr.',
    'Devi',
    NULL,
    'Ram',
    'Devi Ram',
    NULL,
    'Y', 531773952, NOW(), 531802112,
    'A',
    '1992-09-05',
    NULL,
    'N',
    true
);

-- [2/4] WAMIS DATABASE - amsm_employee_service
INSERT INTO wamis.amsm_employee_service (
    office_id, employee_id, designation_id, is_additional_charge,
    start_date, end_date, operated_by, operated_on, tenant_id,
    is_latest, anfn, status, is_data_ported
) VALUES (
    NULL,
    94,
    3,
    'N',
    '2023-04-03',
    NULL,
    531773952, NOW(), 531802112,
    'Y', 'A', 'A', true
);

-- [3/4] UM DATABASE - umsm_user
INSERT INTO um.umsm_user (
    uid, user_id, email_id, mobile_no, "password", old_password,
    employee_status, is_admin_user, is_internally_mapped,
    valid_from, valid_till, operated_on, operated_by, password_changed_on,
    "name", designation, company, tenant_id, designation_id, employee_id, is_data_ported
) VALUES (
    90, 
    '34679', 
    'gAAAAABpLntHZKtVMnR4heJ7Xibp7xbbk20nlV564Gr4Z8ar3sISZWSN3Xs-vLnDxTEZbFwq1y4jI7bE_kNt5oQHFAHFwBoi_ae4crjKbEh_FEESlBDOGkU=', 
    'gAAAAABpLntHewPwL807ILT0cLIk-2-PYxqdMJ_NOorxUTX68nhntZGEOf4UpHswGew7MOaRBShkY8GbFgoOr8MF8l_GMdI0zw==', 
    '$2a$10$E9.YM/JWMio2o.EmsAiSeOPci1yOiuxsq7rrMi2lqxMq8WCTSQjya',
    '',
    'A', 'N', 'N',
    '2023-04-03', NULL,
    NOW(), 531773952, NULL,
    'Devi Ram',
    'EXECUTIVE ENGINEER',
    'HPPWD',
    531802112,
    3,
    94,
    true
);

-- [4/4] UM DATABASE - umst_user_role
INSERT INTO um.umst_user_role (
    user_role_id, uid, role_id, unit_id, operated_on, operated_by, tenant_id, is_data_ported
) VALUES (
    444303467162447, 
    90, 
    None, 
    NULL, 
    NOW(), 
    531773952, 
    531802112, 
    true
);

-- ----------------------------------------------------------------------


================================================================================
-- Employee: Ram Kumar Sharma  (11425.0)
-- Employee ID: 95 | UID: 91 | User Role ID: 444303467162448
================================================================================

-- [1/4] WAMIS DATABASE - amsm_employee
INSERT INTO wamis.amsm_employee (
    employee_id, emp_num, title, first_name, middle_name, last_name, full_name,
    office_id, is_active, operated_by, operated_on, tenant_id, status,
    joining_date, relieving_date, is_service_change, is_data_ported
) VALUES (
    95,
    '11425',
    'Mr.',
    'Ram',
    'Kumar',
    'Sharma',
    'Ram Kumar Sharma',
    NULL,
    'Y', 531773952, NOW(), 531802112,
    'A',
    '2007-07-18',
    NULL,
    'N',
    true
);

-- [2/4] WAMIS DATABASE - amsm_employee_service
INSERT INTO wamis.amsm_employee_service (
    office_id, employee_id, designation_id, is_additional_charge,
    start_date, end_date, operated_by, operated_on, tenant_id,
    is_latest, anfn, status, is_data_ported
) VALUES (
    NULL,
    95,
    2,
    'N',
    '2023-08-05',
    NULL,
    531773952, NOW(), 531802112,
    'Y', 'A', 'A', true
);

-- [3/4] UM DATABASE - umsm_user
INSERT INTO um.umsm_user (
    uid, user_id, email_id, mobile_no, "password", old_password,
    employee_status, is_admin_user, is_internally_mapped,
    valid_from, valid_till, operated_on, operated_by, password_changed_on,
    "name", designation, company, tenant_id, designation_id, employee_id, is_data_ported
) VALUES (
    91, 
    '11425', 
    'gAAAAABpLntHWTnJ6oXltXgfgjpSDr2-T_CE41E9wFbLMLijklCpJ3AnFg8HsyL9_RwEnOfXSOfBWfFNhvTHMPm0FyaWWaZpQe2rluRs1zE1pAE0GWOGOg0=', 
    'gAAAAABpLntH9RiDjh3io2a9sjnkdspqdk3HG2npD6Cqj4wihytD8QhT4MR8CWoP10-63Cj29sM6ulrtjXR5HRBRUXz3SLzgMg==', 
    '$2a$10$E9.YM/JWMio2o.EmsAiSeOPci1yOiuxsq7rrMi2lqxMq8WCTSQjya',
    '',
    'A', 'N', 'N',
    '2023-08-05', NULL,
    NOW(), 531773952, NULL,
    'Ram Kumar Sharma',
    'ASSISTANT ENGINEER',
    'HPPWD',
    531802112,
    2,
    95,
    true
);

-- [4/4] UM DATABASE - umst_user_role
INSERT INTO um.umst_user_role (
    user_role_id, uid, role_id, unit_id, operated_on, operated_by, tenant_id, is_data_ported
) VALUES (
    444303467162448, 
    91, 
    120882432, 
    NULL, 
    NOW(), 
    531773952, 
    531802112, 
    true
);

-- ----------------------------------------------------------------------


================================================================================
-- Employee: Sushil Kumar  (45354.0)
-- Employee ID: 96 | UID: 92 | User Role ID: 444303467162449
================================================================================

-- [1/4] WAMIS DATABASE - amsm_employee
INSERT INTO wamis.amsm_employee (
    employee_id, emp_num, title, first_name, middle_name, last_name, full_name,
    office_id, is_active, operated_by, operated_on, tenant_id, status,
    joining_date, relieving_date, is_service_change, is_data_ported
) VALUES (
    96,
    '45354',
    'Mr.',
    'Sushil',
    NULL,
    'Kumar',
    'Sushil Kumar',
    349,
    'Y', 531773952, NOW(), 531802112,
    'A',
    '2004-12-20',
    NULL,
    'N',
    true
);

-- [2/4] WAMIS DATABASE - amsm_employee_service
INSERT INTO wamis.amsm_employee_service (
    office_id, employee_id, designation_id, is_additional_charge,
    start_date, end_date, operated_by, operated_on, tenant_id,
    is_latest, anfn, status, is_data_ported
) VALUES (
    349,
    96,
    6,
    'N',
    '2025-10-18',
    NULL,
    531773952, NOW(), 531802112,
    'Y', 'A', 'A', true
);

-- [3/4] UM DATABASE - umsm_user
INSERT INTO um.umsm_user (
    uid, user_id, email_id, mobile_no, "password", old_password,
    employee_status, is_admin_user, is_internally_mapped,
    valid_from, valid_till, operated_on, operated_by, password_changed_on,
    "name", designation, company, tenant_id, designation_id, employee_id, is_data_ported
) VALUES (
    92, 
    '45354', 
    'gAAAAABpLntHS3PXHhkiRaSpAA-XtFNfi01l8KlGup22Ka2d4iEeuhAMSCAf4PRvRhZOrKsm9sTotjbinjSqLvloaSTgEtxnYTTath6_oYWk0SHEIbCSLIs=', 
    'gAAAAABpLntHq-R3MrSwLWHYuhKSbiv6Mk2gVUjvMUm7VvrScFxYIfWyB9SuCTDVCHmy3DPjwJpkoFpGTI2QiZl3z1WXBdhsBQ==', 
    '$2a$10$E9.YM/JWMio2o.EmsAiSeOPci1yOiuxsq7rrMi2lqxMq8WCTSQjya',
    '',
    'A', 'N', 'N',
    '2025-10-18', NULL,
    NOW(), 531773952, NULL,
    'Sushil Kumar',
    'DIVISIONAL ACCOUNTANT OFFICER',
    'HPPWD',
    531802112,
    6,
    96,
    true
);

-- [4/4] UM DATABASE - umst_user_role
INSERT INTO um.umst_user_role (
    user_role_id, uid, role_id, unit_id, operated_on, operated_by, tenant_id, is_data_ported
) VALUES (
    444303467162449, 
    92, 
    None, 
    349, 
    NOW(), 
    531773952, 
    531802112, 
    true
);

-- ----------------------------------------------------------------------


================================================================================
-- Employee: Vijay Kumar  (31331.0)
-- Employee ID: 97 | UID: 93 | User Role ID: 444303467162450
================================================================================

-- [1/4] WAMIS DATABASE - amsm_employee
INSERT INTO wamis.amsm_employee (
    employee_id, emp_num, title, first_name, middle_name, last_name, full_name,
    office_id, is_active, operated_by, operated_on, tenant_id, status,
    joining_date, relieving_date, is_service_change, is_data_ported
) VALUES (
    97,
    '31331',
    'Mr.',
    'Vijay',
    NULL,
    'Kumar',
    'Vijay Kumar',
    NULL,
    'Y', 531773952, NOW(), 531802112,
    'A',
    '1992-12-30',
    NULL,
    'N',
    true
);

-- [2/4] WAMIS DATABASE - amsm_employee_service
INSERT INTO wamis.amsm_employee_service (
    office_id, employee_id, designation_id, is_additional_charge,
    start_date, end_date, operated_by, operated_on, tenant_id,
    is_latest, anfn, status, is_data_ported
) VALUES (
    NULL,
    97,
    250433797,
    'N',
    '2023-08-01',
    NULL,
    531773952, NOW(), 531802112,
    'Y', 'A', 'A', true
);

-- [3/4] UM DATABASE - umsm_user
INSERT INTO um.umsm_user (
    uid, user_id, email_id, mobile_no, "password", old_password,
    employee_status, is_admin_user, is_internally_mapped,
    valid_from, valid_till, operated_on, operated_by, password_changed_on,
    "name", designation, company, tenant_id, designation_id, employee_id, is_data_ported
) VALUES (
    93, 
    '31331', 
    'gAAAAABpLntHFHOjecJuUxWDrCG2rn2FEy9xG8JxZ7Ktf8M910Skb3Opq34w0U4ab771TSEG9DD8qvQqpkxe2KYaL__QabVk4yVrrd9V21LlgUH3MwXy9FI=', 
    'gAAAAABpLntHkalCmacf_ctQgj0vaJd0oN-d0lJQsd70be3IRrXKJg647vo1ssR_HL6TmVkf5BoJ2p5OIe1UwAuTbuICNkKOkg==', 
    '$2a$10$E9.YM/JWMio2o.EmsAiSeOPci1yOiuxsq7rrMi2lqxMq8WCTSQjya',
    '',
    'A', 'N', 'N',
    '2023-08-01', NULL,
    NOW(), 531773952, NULL,
    'Vijay Kumar',
    'SUPERINTENDENT',
    'HPPWD',
    531802112,
    250433797,
    97,
    true
);

-- [4/4] UM DATABASE - umst_user_role
INSERT INTO um.umst_user_role (
    user_role_id, uid, role_id, unit_id, operated_on, operated_by, tenant_id, is_data_ported
) VALUES (
    444303467162450, 
    93, 
    None, 
    NULL, 
    NOW(), 
    531773952, 
    531802112, 
    true
);

-- ----------------------------------------------------------------------


================================================================================
-- Employee: Lokesh Kumar  (12697.0)
-- Employee ID: 98 | UID: 94 | User Role ID: 444303467162451
================================================================================

-- [1/4] WAMIS DATABASE - amsm_employee
INSERT INTO wamis.amsm_employee (
    employee_id, emp_num, title, first_name, middle_name, last_name, full_name,
    office_id, is_active, operated_by, operated_on, tenant_id, status,
    joining_date, relieving_date, is_service_change, is_data_ported
) VALUES (
    98,
    '12697',
    'Mr.',
    'Lokesh',
    NULL,
    'Kumar',
    'Lokesh Kumar',
    NULL,
    'Y', 531773952, NOW(), 531802112,
    'A',
    '2000-09-18',
    NULL,
    'N',
    true
);

-- [2/4] WAMIS DATABASE - amsm_employee_service
INSERT INTO wamis.amsm_employee_service (
    office_id, employee_id, designation_id, is_additional_charge,
    start_date, end_date, operated_by, operated_on, tenant_id,
    is_latest, anfn, status, is_data_ported
) VALUES (
    NULL,
    98,
    4,
    'N',
    '2024-03-16',
    NULL,
    531773952, NOW(), 531802112,
    'Y', 'A', 'A', true
);

-- [3/4] UM DATABASE - umsm_user
INSERT INTO um.umsm_user (
    uid, user_id, email_id, mobile_no, "password", old_password,
    employee_status, is_admin_user, is_internally_mapped,
    valid_from, valid_till, operated_on, operated_by, password_changed_on,
    "name", designation, company, tenant_id, designation_id, employee_id, is_data_ported
) VALUES (
    94, 
    '12697', 
    'gAAAAABpLntH8t_J7vouUG1qzcRo5wHf82IWi5QwTxMSicwaijZewED16nAyHX7cRijsmTgV8EmV98Hk_Ug7jbaSTuAdvpE_-zUEY8p2qIG2yvnzYGZ2gyA=', 
    'gAAAAABpLntHk58S38KOdfBIUTd3t5D8pmGd5ye6KyMod2PMR5_qHQuPZcFKhY3D4ONB7goIJb-mpNNylXEq3HgY1-R_G6TBCw==', 
    '$2a$10$E9.YM/JWMio2o.EmsAiSeOPci1yOiuxsq7rrMi2lqxMq8WCTSQjya',
    '',
    'A', 'N', 'N',
    '2024-03-16', NULL,
    NOW(), 531773952, NULL,
    'Lokesh Kumar',
    'OTHER',
    'HPPWD',
    531802112,
    4,
    98,
    true
);

-- [4/4] UM DATABASE - umst_user_role
INSERT INTO um.umst_user_role (
    user_role_id, uid, role_id, unit_id, operated_on, operated_by, tenant_id, is_data_ported
) VALUES (
    444303467162451, 
    94, 
    None, 
    NULL, 
    NOW(), 
    531773952, 
    531802112, 
    true
);

-- ----------------------------------------------------------------------


================================================================================
-- Employee: Ravi Thakur  (51278.0)
-- Employee ID: 99 | UID: 95 | User Role ID: 444303467162452
================================================================================

-- [1/4] WAMIS DATABASE - amsm_employee
INSERT INTO wamis.amsm_employee (
    employee_id, emp_num, title, first_name, middle_name, last_name, full_name,
    office_id, is_active, operated_by, operated_on, tenant_id, status,
    joining_date, relieving_date, is_service_change, is_data_ported
) VALUES (
    99,
    '51278',
    'Mr.',
    'Ravi',
    NULL,
    'Thakur',
    'Ravi Thakur',
    NULL,
    'Y', 531773952, NOW(), 531802112,
    'A',
    '2017-10-06',
    NULL,
    'N',
    true
);

-- [2/4] WAMIS DATABASE - amsm_employee_service
INSERT INTO wamis.amsm_employee_service (
    office_id, employee_id, designation_id, is_additional_charge,
    start_date, end_date, operated_by, operated_on, tenant_id,
    is_latest, anfn, status, is_data_ported
) VALUES (
    NULL,
    99,
    4,
    'N',
    '2019-05-29',
    NULL,
    531773952, NOW(), 531802112,
    'Y', 'A', 'A', true
);

-- [3/4] UM DATABASE - umsm_user
INSERT INTO um.umsm_user (
    uid, user_id, email_id, mobile_no, "password", old_password,
    employee_status, is_admin_user, is_internally_mapped,
    valid_from, valid_till, operated_on, operated_by, password_changed_on,
    "name", designation, company, tenant_id, designation_id, employee_id, is_data_ported
) VALUES (
    95, 
    '51278', 
    'gAAAAABpLntHaL_I1nkj8VxKuAyxgekaH-K_az0G8pMiJwoQ2BMeqXMQ3qw7ZR7OR2LFjS4J6HQJTaN6T9YPrwhm0gYe84-JWA0NOIUIZar3LPFaVHOAf_w=', 
    'gAAAAABpLntHNnmSicbtWeAzy7528F3btUB8WpLMzSrAcKAXXTBeS4a97_WUHtNjspjJzKAVNQVGOtjVg_fmZgoyZeQEEPO0rA==', 
    '$2a$10$E9.YM/JWMio2o.EmsAiSeOPci1yOiuxsq7rrMi2lqxMq8WCTSQjya',
    '',
    'A', 'N', 'N',
    '2019-05-29', NULL,
    NOW(), 531773952, NULL,
    'Ravi Thakur',
    'OTHER',
    'HPPWD',
    531802112,
    4,
    99,
    true
);

-- [4/4] UM DATABASE - umst_user_role
INSERT INTO um.umst_user_role (
    user_role_id, uid, role_id, unit_id, operated_on, operated_by, tenant_id, is_data_ported
) VALUES (
    444303467162452, 
    95, 
    None, 
    NULL, 
    NOW(), 
    531773952, 
    531802112, 
    true
);

-- ----------------------------------------------------------------------


================================================================================
-- Employee: Prem Chand  (57249.0)
-- Employee ID: 100 | UID: 96 | User Role ID: 444303467162453
================================================================================

-- [1/4] WAMIS DATABASE - amsm_employee
INSERT INTO wamis.amsm_employee (
    employee_id, emp_num, title, first_name, middle_name, last_name, full_name,
    office_id, is_active, operated_by, operated_on, tenant_id, status,
    joining_date, relieving_date, is_service_change, is_data_ported
) VALUES (
    100,
    '57249',
    'Mr.',
    'Prem',
    NULL,
    'Chand',
    'Prem Chand',
    NULL,
    'Y', 531773952, NOW(), 531802112,
    'A',
    '2024-09-18',
    NULL,
    'N',
    true
);

-- [2/4] WAMIS DATABASE - amsm_employee_service
INSERT INTO wamis.amsm_employee_service (
    office_id, employee_id, designation_id, is_additional_charge,
    start_date, end_date, operated_by, operated_on, tenant_id,
    is_latest, anfn, status, is_data_ported
) VALUES (
    NULL,
    100,
    4,
    'N',
    '2024-09-18',
    NULL,
    531773952, NOW(), 531802112,
    'Y', 'A', 'A', true
);

-- [3/4] UM DATABASE - umsm_user
INSERT INTO um.umsm_user (
    uid, user_id, email_id, mobile_no, "password", old_password,
    employee_status, is_admin_user, is_internally_mapped,
    valid_from, valid_till, operated_on, operated_by, password_changed_on,
    "name", designation, company, tenant_id, designation_id, employee_id, is_data_ported
) VALUES (
    96, 
    '57249', 
    'gAAAAABpLntHzQp_XIRZnsZipvDM2uwA97nNPanfgKHlKftgj3kAPfnAB-BRPzCq7FB1Z07W_auFziXBs-MAvalLCEHKzLdhY6hLjypq9YQHo7QbtikDPbo=', 
    'gAAAAABpLntHjT20gErlyMKDNXgXzFAlDFJCj1qLtFaYNIagucrwM8MXNoCGuv0uFfSHQpe7wn5gsyHRR3rF-eZOy2hw5mdGKg==', 
    '$2a$10$E9.YM/JWMio2o.EmsAiSeOPci1yOiuxsq7rrMi2lqxMq8WCTSQjya',
    '',
    'A', 'N', 'N',
    '2024-09-18', NULL,
    NOW(), 531773952, NULL,
    'Prem Chand',
    'OTHER',
    'HPPWD',
    531802112,
    4,
    100,
    true
);

-- [4/4] UM DATABASE - umst_user_role
INSERT INTO um.umst_user_role (
    user_role_id, uid, role_id, unit_id, operated_on, operated_by, tenant_id, is_data_ported
) VALUES (
    444303467162453, 
    96, 
    None, 
    NULL, 
    NOW(), 
    531773952, 
    531802112, 
    true
);

-- ----------------------------------------------------------------------


================================================================================
-- Employee: Raj Kumar  (37720.0)
-- Employee ID: 101 | UID: 97 | User Role ID: 444303467162454
================================================================================

-- [1/4] WAMIS DATABASE - amsm_employee
INSERT INTO wamis.amsm_employee (
    employee_id, emp_num, title, first_name, middle_name, last_name, full_name,
    office_id, is_active, operated_by, operated_on, tenant_id, status,
    joining_date, relieving_date, is_service_change, is_data_ported
) VALUES (
    101,
    '37720',
    'Mr.',
    'Raj',
    NULL,
    'Kumar',
    'Raj Kumar',
    NULL,
    'Y', 531773952, NOW(), 531802112,
    'A',
    '2000-01-17',
    NULL,
    'N',
    true
);

-- [2/4] WAMIS DATABASE - amsm_employee_service
INSERT INTO wamis.amsm_employee_service (
    office_id, employee_id, designation_id, is_additional_charge,
    start_date, end_date, operated_by, operated_on, tenant_id,
    is_latest, anfn, status, is_data_ported
) VALUES (
    NULL,
    101,
    4,
    'N',
    '2023-09-06',
    NULL,
    531773952, NOW(), 531802112,
    'Y', 'A', 'A', true
);

-- [3/4] UM DATABASE - umsm_user
INSERT INTO um.umsm_user (
    uid, user_id, email_id, mobile_no, "password", old_password,
    employee_status, is_admin_user, is_internally_mapped,
    valid_from, valid_till, operated_on, operated_by, password_changed_on,
    "name", designation, company, tenant_id, designation_id, employee_id, is_data_ported
) VALUES (
    97, 
    '37720', 
    'gAAAAABpLntHUQu0FIKOeTAcGDvp7o2MUUT0FMFwTyjO9Fl1jGXResF3VGvZyzQ0t8WmCtFSDTvF9o8OHlsrBt6adDQ42FwaouJ7ymNvhyuDC2A0a4pYyDo=', 
    'gAAAAABpLntHLv7DP1hJTPmwJJCiu_Y0IMXEnRIksUzPbiuM6oQnRF7dmuujdhHvcrRkKDXsRuDdk5OsfCu6YkQ3R7InQOS6WQ==', 
    '$2a$10$E9.YM/JWMio2o.EmsAiSeOPci1yOiuxsq7rrMi2lqxMq8WCTSQjya',
    '',
    'A', 'N', 'N',
    '2023-09-06', NULL,
    NOW(), 531773952, NULL,
    'Raj Kumar',
    'OTHER',
    'HPPWD',
    531802112,
    4,
    101,
    true
);

-- [4/4] UM DATABASE - umst_user_role
INSERT INTO um.umst_user_role (
    user_role_id, uid, role_id, unit_id, operated_on, operated_by, tenant_id, is_data_ported
) VALUES (
    444303467162454, 
    97, 
    None, 
    NULL, 
    NOW(), 
    531773952, 
    531802112, 
    true
);

-- ----------------------------------------------------------------------


================================================================================
-- Employee: Maya Devi  (10173.0)
-- Employee ID: 102 | UID: 98 | User Role ID: 444303467162455
================================================================================

-- [1/4] WAMIS DATABASE - amsm_employee
INSERT INTO wamis.amsm_employee (
    employee_id, emp_num, title, first_name, middle_name, last_name, full_name,
    office_id, is_active, operated_by, operated_on, tenant_id, status,
    joining_date, relieving_date, is_service_change, is_data_ported
) VALUES (
    102,
    '10173',
    'Ms.',
    'Maya',
    NULL,
    'Devi',
    'Maya Devi',
    NULL,
    'Y', 531773952, NOW(), 531802112,
    'A',
    '2000-05-11',
    NULL,
    'N',
    true
);

-- [2/4] WAMIS DATABASE - amsm_employee_service
INSERT INTO wamis.amsm_employee_service (
    office_id, employee_id, designation_id, is_additional_charge,
    start_date, end_date, operated_by, operated_on, tenant_id,
    is_latest, anfn, status, is_data_ported
) VALUES (
    NULL,
    102,
    4,
    'N',
    '2022-08-08',
    NULL,
    531773952, NOW(), 531802112,
    'Y', 'A', 'A', true
);

-- [3/4] UM DATABASE - umsm_user
INSERT INTO um.umsm_user (
    uid, user_id, email_id, mobile_no, "password", old_password,
    employee_status, is_admin_user, is_internally_mapped,
    valid_from, valid_till, operated_on, operated_by, password_changed_on,
    "name", designation, company, tenant_id, designation_id, employee_id, is_data_ported
) VALUES (
    98, 
    '10173', 
    'gAAAAABpLntHE1yIyxkj9ybnT7PLNh6bC1qpPYPzrltNgKo15QLdPA-CVdDnm_CmOl3ws2Lic2vKacS7NPjdlbRb0uCde1uKmSzkHz50zjNFusZLbvGo4z0=', 
    'gAAAAABpLntHD8aFldHl2LzEh_zHl7tFqKj0K2Ociyu0tjiA2XGdfuJ9BdnexlTQQvpoqBhdmOqXwp6WVS2xZ9J4AKKQccWWZw==', 
    '$2a$10$E9.YM/JWMio2o.EmsAiSeOPci1yOiuxsq7rrMi2lqxMq8WCTSQjya',
    '',
    'A', 'N', 'N',
    '2022-08-08', NULL,
    NOW(), 531773952, NULL,
    'Maya Devi',
    'OTHER',
    'HPPWD',
    531802112,
    4,
    102,
    true
);

-- [4/4] UM DATABASE - umst_user_role
INSERT INTO um.umst_user_role (
    user_role_id, uid, role_id, unit_id, operated_on, operated_by, tenant_id, is_data_ported
) VALUES (
    444303467162455, 
    98, 
    None, 
    NULL, 
    NOW(), 
    531773952, 
    531802112, 
    true
);

-- ----------------------------------------------------------------------


================================================================================
-- Employee: Sunku Ram  (38403.0)
-- Employee ID: 103 | UID: 99 | User Role ID: 444303467162456
================================================================================

-- [1/4] WAMIS DATABASE - amsm_employee
INSERT INTO wamis.amsm_employee (
    employee_id, emp_num, title, first_name, middle_name, last_name, full_name,
    office_id, is_active, operated_by, operated_on, tenant_id, status,
    joining_date, relieving_date, is_service_change, is_data_ported
) VALUES (
    103,
    '38403',
    'Mr.',
    'Sunku',
    NULL,
    'Ram',
    'Sunku Ram',
    NULL,
    'Y', 531773952, NOW(), 531802112,
    'A',
    '2004-01-01',
    NULL,
    'N',
    true
);

-- [2/4] WAMIS DATABASE - amsm_employee_service
INSERT INTO wamis.amsm_employee_service (
    office_id, employee_id, designation_id, is_additional_charge,
    start_date, end_date, operated_by, operated_on, tenant_id,
    is_latest, anfn, status, is_data_ported
) VALUES (
    NULL,
    103,
    4,
    'N',
    '2023-11-06',
    NULL,
    531773952, NOW(), 531802112,
    'Y', 'A', 'A', true
);

-- [3/4] UM DATABASE - umsm_user
INSERT INTO um.umsm_user (
    uid, user_id, email_id, mobile_no, "password", old_password,
    employee_status, is_admin_user, is_internally_mapped,
    valid_from, valid_till, operated_on, operated_by, password_changed_on,
    "name", designation, company, tenant_id, designation_id, employee_id, is_data_ported
) VALUES (
    99, 
    '38403', 
    'gAAAAABpLntHZZY-Zb1JCpeBYYIGxNiuqWVKsxM4HQXKdzOuuyy3KYYQx-I66Bv6IcGFu6GE5QA8YAzAmfHFElgZPrr5qbsxgd7VjvPSuubHG0C6UkF9KGg=', 
    'gAAAAABpLntH0o6TdM-5P7E9s-hHezqFUNEE_QWbA6ibSIIn52ojRQVVnFoM5kLi7ofGf51SWMYLOLEzeIUsF2o7FGR2yi1HDw==', 
    '$2a$10$E9.YM/JWMio2o.EmsAiSeOPci1yOiuxsq7rrMi2lqxMq8WCTSQjya',
    '',
    'A', 'N', 'N',
    '2023-11-06', NULL,
    NOW(), 531773952, NULL,
    'Sunku Ram',
    'OTHER',
    'HPPWD',
    531802112,
    4,
    103,
    true
);

-- [4/4] UM DATABASE - umst_user_role
INSERT INTO um.umst_user_role (
    user_role_id, uid, role_id, unit_id, operated_on, operated_by, tenant_id, is_data_ported
) VALUES (
    444303467162456, 
    99, 
    None, 
    NULL, 
    NOW(), 
    531773952, 
    531802112, 
    true
);

-- ----------------------------------------------------------------------


================================================================================
-- Employee: Priyanka  (51712.0)
-- Employee ID: 104 | UID: 100 | User Role ID: 444303467162457
================================================================================

-- [1/4] WAMIS DATABASE - amsm_employee
INSERT INTO wamis.amsm_employee (
    employee_id, emp_num, title, first_name, middle_name, last_name, full_name,
    office_id, is_active, operated_by, operated_on, tenant_id, status,
    joining_date, relieving_date, is_service_change, is_data_ported
) VALUES (
    104,
    '51712',
    'Ms.',
    'Priyanka',
    NULL,
    '-',
    'Priyanka',
    NULL,
    'Y', 531773952, NOW(), 531802112,
    'A',
    '2017-09-07',
    NULL,
    'N',
    true
);

-- [2/4] WAMIS DATABASE - amsm_employee_service
INSERT INTO wamis.amsm_employee_service (
    office_id, employee_id, designation_id, is_additional_charge,
    start_date, end_date, operated_by, operated_on, tenant_id,
    is_latest, anfn, status, is_data_ported
) VALUES (
    NULL,
    104,
    1,
    'N',
    '2024-07-08',
    NULL,
    531773952, NOW(), 531802112,
    'Y', 'A', 'A', true
);

-- [3/4] UM DATABASE - umsm_user
INSERT INTO um.umsm_user (
    uid, user_id, email_id, mobile_no, "password", old_password,
    employee_status, is_admin_user, is_internally_mapped,
    valid_from, valid_till, operated_on, operated_by, password_changed_on,
    "name", designation, company, tenant_id, designation_id, employee_id, is_data_ported
) VALUES (
    100, 
    '51712', 
    'gAAAAABpLntHemtjJ8VIaZPAL4rsF9U0jYill1a4sPrUAyzi4LvVVPJwGS6dfpiod561aIhJ9sn95frjng1kOPhHnKZoztFeegdhAECNEJCDfBvxTbdmjcs=', 
    'gAAAAABpLntHOnTw6ryQR1LZfF50kSHvXSRe_Bhq_Y_QPY-8-JU4LTlLrYNFtScCcuUdlBVkIdNWdfI0ZwAzJOBfVK-K0tQU2Q==', 
    '$2a$10$E9.YM/JWMio2o.EmsAiSeOPci1yOiuxsq7rrMi2lqxMq8WCTSQjya',
    '',
    'A', 'N', 'N',
    '2024-07-08', NULL,
    NOW(), 531773952, NULL,
    'Priyanka',
    'JUNIOR ENGINEER',
    'HPPWD',
    531802112,
    1,
    104,
    true
);

-- [4/4] UM DATABASE - umst_user_role
INSERT INTO um.umst_user_role (
    user_role_id, uid, role_id, unit_id, operated_on, operated_by, tenant_id, is_data_ported
) VALUES (
    444303467162457, 
    100, 
    120878848, 
    NULL, 
    NOW(), 
    531773952, 
    531802112, 
    true
);

-- ----------------------------------------------------------------------


================================================================================
-- Employee: Priyanka Kumari  (57252.0)
-- Employee ID: 105 | UID: 101 | User Role ID: 444303467162458
================================================================================

-- [1/4] WAMIS DATABASE - amsm_employee
INSERT INTO wamis.amsm_employee (
    employee_id, emp_num, title, first_name, middle_name, last_name, full_name,
    office_id, is_active, operated_by, operated_on, tenant_id, status,
    joining_date, relieving_date, is_service_change, is_data_ported
) VALUES (
    105,
    '57252',
    'Ms.',
    'Priyanka',
    NULL,
    'Kumari',
    'Priyanka Kumari',
    349,
    'Y', 531773952, NOW(), 531802112,
    'A',
    '2024-11-02',
    NULL,
    'N',
    true
);

-- [2/4] WAMIS DATABASE - amsm_employee_service
INSERT INTO wamis.amsm_employee_service (
    office_id, employee_id, designation_id, is_additional_charge,
    start_date, end_date, operated_by, operated_on, tenant_id,
    is_latest, anfn, status, is_data_ported
) VALUES (
    349,
    105,
    NULL,
    'N',
    '2024-11-02',
    NULL,
    531773952, NOW(), 531802112,
    'Y', 'A', 'A', true
);

-- [3/4] UM DATABASE - umsm_user
INSERT INTO um.umsm_user (
    uid, user_id, email_id, mobile_no, "password", old_password,
    employee_status, is_admin_user, is_internally_mapped,
    valid_from, valid_till, operated_on, operated_by, password_changed_on,
    "name", designation, company, tenant_id, designation_id, employee_id, is_data_ported
) VALUES (
    101, 
    '57252', 
    'gAAAAABpLntHeymKymA6jMAVe5sVFmIO4zssx7LlPCHAtkmT2i7OTvbexwUZafv04cFmzEh_Fojn_39XQeQeTfVwwzo5-uIQ4HLBoLdjsIOl3jAfSfl-XOU=', 
    'gAAAAABpLntH1F8L5tjA6eVMrQVc4m0v5QLiHjT3x_TRJXbCMfnAr-GtNf528CqE3JtoW9_BYLI-iryXQ6kFk5Te8veFP4Ad0g==', 
    '$2a$10$E9.YM/JWMio2o.EmsAiSeOPci1yOiuxsq7rrMi2lqxMq8WCTSQjya',
    '',
    'A', 'N', 'N',
    '2024-11-02', NULL,
    NOW(), 531773952, NULL,
    'Priyanka Kumari',
    'JUNIOR DRAUGHTSMAN',
    'HPPWD',
    531802112,
    NULL,
    105,
    true
);

-- [4/4] UM DATABASE - umst_user_role
INSERT INTO um.umst_user_role (
    user_role_id, uid, role_id, unit_id, operated_on, operated_by, tenant_id, is_data_ported
) VALUES (
    444303467162458, 
    101, 
    None, 
    349, 
    NOW(), 
    531773952, 
    531802112, 
    true
);

-- ----------------------------------------------------------------------


================================================================================
-- Employee: Anshul Chaudhary (56149.0)
-- Employee ID: 106 | UID: 102 | User Role ID: 444303467162459
================================================================================

-- [1/4] WAMIS DATABASE - amsm_employee
INSERT INTO wamis.amsm_employee (
    employee_id, emp_num, title, first_name, middle_name, last_name, full_name,
    office_id, is_active, operated_by, operated_on, tenant_id, status,
    joining_date, relieving_date, is_service_change, is_data_ported
) VALUES (
    106,
    '56149',
    'Mr.',
    'Anshul',
    NULL,
    'Chaudhary',
    'Anshul Chaudhary',
    380,
    'Y', 531773952, NOW(), 531802112,
    'A',
    '2017-02-15',
    NULL,
    'N',
    true
);

-- [2/4] WAMIS DATABASE - amsm_employee_service
INSERT INTO wamis.amsm_employee_service (
    office_id, employee_id, designation_id, is_additional_charge,
    start_date, end_date, operated_by, operated_on, tenant_id,
    is_latest, anfn, status, is_data_ported
) VALUES (
    380,
    106,
    2,
    'N',
    '2025-05-01',
    NULL,
    531773952, NOW(), 531802112,
    'Y', 'A', 'A', true
);

-- [3/4] UM DATABASE - umsm_user
INSERT INTO um.umsm_user (
    uid, user_id, email_id, mobile_no, "password", old_password,
    employee_status, is_admin_user, is_internally_mapped,
    valid_from, valid_till, operated_on, operated_by, password_changed_on,
    "name", designation, company, tenant_id, designation_id, employee_id, is_data_ported
) VALUES (
    102, 
    '56149', 
    'gAAAAABpLntHpChm0QdtZdr-ltuaeaAtwGDRfHz0IpQNRRSuYRTtLsR5B43rdvQLdt4V_MEBfesrxIIJzmk9NhZsbAticqjMMFozox5MLqg37HCc8QrNrsw=', 
    'gAAAAABpLntHOTWXKaEytdlcuisXGwVZRgUZDC_TwmgTPQfKnOc9_oBTcUbMukc_knTIbNOTOlRnTXfLdOsWKTSJHrSBf1xwoQ==', 
    '$2a$10$E9.YM/JWMio2o.EmsAiSeOPci1yOiuxsq7rrMi2lqxMq8WCTSQjya',
    '',
    'A', 'N', 'N',
    '2025-05-01', NULL,
    NOW(), 531773952, NULL,
    'Anshul Chaudhary',
    'ASSISTANT ENGINEER',
    'HPPWD',
    531802112,
    2,
    106,
    true
);

-- [4/4] UM DATABASE - umst_user_role
INSERT INTO um.umst_user_role (
    user_role_id, uid, role_id, unit_id, operated_on, operated_by, tenant_id, is_data_ported
) VALUES (
    444303467162459, 
    102, 
    120882432, 
    380, 
    NOW(), 
    531773952, 
    531802112, 
    true
);

-- ----------------------------------------------------------------------


================================================================================
-- Employee: Lekh Raj  (29836.0)
-- Employee ID: 107 | UID: 103 | User Role ID: 444303467162460
================================================================================

-- [1/4] WAMIS DATABASE - amsm_employee
INSERT INTO wamis.amsm_employee (
    employee_id, emp_num, title, first_name, middle_name, last_name, full_name,
    office_id, is_active, operated_by, operated_on, tenant_id, status,
    joining_date, relieving_date, is_service_change, is_data_ported
) VALUES (
    107,
    '29836',
    'Mr.',
    'Lekh',
    NULL,
    'Raj',
    'Lekh Raj',
    NULL,
    'Y', 531773952, NOW(), 531802112,
    'A',
    '1999-12-17',
    NULL,
    'N',
    true
);

-- [2/4] WAMIS DATABASE - amsm_employee_service
INSERT INTO wamis.amsm_employee_service (
    office_id, employee_id, designation_id, is_additional_charge,
    start_date, end_date, operated_by, operated_on, tenant_id,
    is_latest, anfn, status, is_data_ported
) VALUES (
    NULL,
    107,
    1,
    'N',
    '2023-09-01',
    NULL,
    531773952, NOW(), 531802112,
    'Y', 'A', 'A', true
);

-- [3/4] UM DATABASE - umsm_user
INSERT INTO um.umsm_user (
    uid, user_id, email_id, mobile_no, "password", old_password,
    employee_status, is_admin_user, is_internally_mapped,
    valid_from, valid_till, operated_on, operated_by, password_changed_on,
    "name", designation, company, tenant_id, designation_id, employee_id, is_data_ported
) VALUES (
    103, 
    '29836', 
    'gAAAAABpLntHA_TQXrxRql-HlUTzxvT_VYDEVcADcX27PmgEeHV8Zd4H-QySA4M9aabRffb0vvUkfg65DlQtz19-E9fk1fL31q1XGTS61-AAdMiVoi4N19Y=', 
    'gAAAAABpLntH4mbo-jkNjuheJ0JQ76ej5E5fnMHW1aJ6dokb594owMPSDx7XGWHfiEVwx0dEGoKGb9hvXg6VYmHKTwpwPDgVww==', 
    '$2a$10$E9.YM/JWMio2o.EmsAiSeOPci1yOiuxsq7rrMi2lqxMq8WCTSQjya',
    '',
    'A', 'N', 'N',
    '2023-09-01', NULL,
    NOW(), 531773952, NULL,
    'Lekh Raj',
    'JUNIOR ENGINEER',
    'HPPWD',
    531802112,
    1,
    107,
    true
);

-- [4/4] UM DATABASE - umst_user_role
INSERT INTO um.umst_user_role (
    user_role_id, uid, role_id, unit_id, operated_on, operated_by, tenant_id, is_data_ported
) VALUES (
    444303467162460, 
    103, 
    120878848, 
    NULL, 
    NOW(), 
    531773952, 
    531802112, 
    true
);

-- ----------------------------------------------------------------------


================================================================================
-- Employee: Sahil Thakur  (13281.0)
-- Employee ID: 108 | UID: 104 | User Role ID: 444303467162461
================================================================================

-- [1/4] WAMIS DATABASE - amsm_employee
INSERT INTO wamis.amsm_employee (
    employee_id, emp_num, title, first_name, middle_name, last_name, full_name,
    office_id, is_active, operated_by, operated_on, tenant_id, status,
    joining_date, relieving_date, is_service_change, is_data_ported
) VALUES (
    108,
    '13281',
    'Mr.',
    'Sahil',
    NULL,
    'Thakur',
    'Sahil Thakur',
    NULL,
    'Y', 531773952, NOW(), 531802112,
    'A',
    '2013-09-28',
    NULL,
    'N',
    true
);

-- [2/4] WAMIS DATABASE - amsm_employee_service
INSERT INTO wamis.amsm_employee_service (
    office_id, employee_id, designation_id, is_additional_charge,
    start_date, end_date, operated_by, operated_on, tenant_id,
    is_latest, anfn, status, is_data_ported
) VALUES (
    NULL,
    108,
    4,
    'N',
    '2023-05-09',
    NULL,
    531773952, NOW(), 531802112,
    'Y', 'A', 'A', true
);

-- [3/4] UM DATABASE - umsm_user
INSERT INTO um.umsm_user (
    uid, user_id, email_id, mobile_no, "password", old_password,
    employee_status, is_admin_user, is_internally_mapped,
    valid_from, valid_till, operated_on, operated_by, password_changed_on,
    "name", designation, company, tenant_id, designation_id, employee_id, is_data_ported
) VALUES (
    104, 
    '13281', 
    'gAAAAABpLntHTvbfaHJiFncbM_-TVXU3NvhkMQHRdPH3gnlpsolGsGg3T5aeZgZ0Zez_k-HWNJxeGfvkGZQRI8A1NOMNEBUuT6d6iU5UVnFGmat8h4C3IME=', 
    'gAAAAABpLntHJP75czptQxDXOd_j4vitFEERg-6VmrhPESpySRo9n3htW-_YC9esKhRYmBFVtSlrdm6K7kpxdQJUyNjY02fwCg==', 
    '$2a$10$E9.YM/JWMio2o.EmsAiSeOPci1yOiuxsq7rrMi2lqxMq8WCTSQjya',
    '',
    'A', 'N', 'N',
    '2023-05-09', NULL,
    NOW(), 531773952, NULL,
    'Sahil Thakur',
    'OTHER',
    'HPPWD',
    531802112,
    4,
    108,
    true
);

-- [4/4] UM DATABASE - umst_user_role
INSERT INTO um.umst_user_role (
    user_role_id, uid, role_id, unit_id, operated_on, operated_by, tenant_id, is_data_ported
) VALUES (
    444303467162461, 
    104, 
    None, 
    NULL, 
    NOW(), 
    531773952, 
    531802112, 
    true
);

-- ----------------------------------------------------------------------


================================================================================
-- Employee: Arjun Katoch  (53977.0)
-- Employee ID: 109 | UID: 105 | User Role ID: 444303467162462
================================================================================

-- [1/4] WAMIS DATABASE - amsm_employee
INSERT INTO wamis.amsm_employee (
    employee_id, emp_num, title, first_name, middle_name, last_name, full_name,
    office_id, is_active, operated_by, operated_on, tenant_id, status,
    joining_date, relieving_date, is_service_change, is_data_ported
) VALUES (
    109,
    '53977',
    'Mr.',
    'Arjun',
    NULL,
    'Katoch',
    'Arjun Katoch',
    385,
    'Y', 531773952, NOW(), 531802112,
    'A',
    '2017-08-29',
    NULL,
    'N',
    true
);

-- [2/4] WAMIS DATABASE - amsm_employee_service
INSERT INTO wamis.amsm_employee_service (
    office_id, employee_id, designation_id, is_additional_charge,
    start_date, end_date, operated_by, operated_on, tenant_id,
    is_latest, anfn, status, is_data_ported
) VALUES (
    385,
    109,
    1,
    'N',
    '2024-03-05',
    NULL,
    531773952, NOW(), 531802112,
    'Y', 'A', 'A', true
);

-- [3/4] UM DATABASE - umsm_user
INSERT INTO um.umsm_user (
    uid, user_id, email_id, mobile_no, "password", old_password,
    employee_status, is_admin_user, is_internally_mapped,
    valid_from, valid_till, operated_on, operated_by, password_changed_on,
    "name", designation, company, tenant_id, designation_id, employee_id, is_data_ported
) VALUES (
    105, 
    '53977', 
    'gAAAAABpLntHEfzx3CAjsoZ7SZZF5ypk-NWFnG_LseHtbBKe75QwZuqO0xEy90s8aEvpqwbFJB30SnTS4fxrki5VbEOFrwU0YZKh_3G4COiN6FJWoiDxmCQ=', 
    'gAAAAABpLntHBg40V9Mly9Gd8azIxJchhn6QENQeh6oK4wzxiOraNK7mhhNbfOJxAkdwwNf17hvx2VJAFqiPR67GB11IG6OVkA==', 
    '$2a$10$E9.YM/JWMio2o.EmsAiSeOPci1yOiuxsq7rrMi2lqxMq8WCTSQjya',
    '',
    'A', 'N', 'N',
    '2024-03-05', NULL,
    NOW(), 531773952, NULL,
    'Arjun Katoch',
    'JUNIOR ENGINEER',
    'HPPWD',
    531802112,
    1,
    109,
    true
);

-- [4/4] UM DATABASE - umst_user_role
INSERT INTO um.umst_user_role (
    user_role_id, uid, role_id, unit_id, operated_on, operated_by, tenant_id, is_data_ported
) VALUES (
    444303467162462, 
    105, 
    120878848, 
    385, 
    NOW(), 
    531773952, 
    531802112, 
    true
);

-- ----------------------------------------------------------------------


================================================================================
-- Employee: Jitender Thakur (55029.0)
-- Employee ID: 110 | UID: 106 | User Role ID: 444303467162463
================================================================================

-- [1/4] WAMIS DATABASE - amsm_employee
INSERT INTO wamis.amsm_employee (
    employee_id, emp_num, title, first_name, middle_name, last_name, full_name,
    office_id, is_active, operated_by, operated_on, tenant_id, status,
    joining_date, relieving_date, is_service_change, is_data_ported
) VALUES (
    110,
    '55029',
    'Mr.',
    'Jitender',
    NULL,
    'Thakur',
    'Jitender Thakur',
    384,
    'Y', 531773952, NOW(), 531802112,
    'A',
    '2016-02-23',
    NULL,
    'N',
    true
);

-- [2/4] WAMIS DATABASE - amsm_employee_service
INSERT INTO wamis.amsm_employee_service (
    office_id, employee_id, designation_id, is_additional_charge,
    start_date, end_date, operated_by, operated_on, tenant_id,
    is_latest, anfn, status, is_data_ported
) VALUES (
    384,
    110,
    1,
    'N',
    '2022-09-09',
    NULL,
    531773952, NOW(), 531802112,
    'Y', 'A', 'A', true
);

-- [3/4] UM DATABASE - umsm_user
INSERT INTO um.umsm_user (
    uid, user_id, email_id, mobile_no, "password", old_password,
    employee_status, is_admin_user, is_internally_mapped,
    valid_from, valid_till, operated_on, operated_by, password_changed_on,
    "name", designation, company, tenant_id, designation_id, employee_id, is_data_ported
) VALUES (
    106, 
    '55029', 
    'gAAAAABpLntHxKFYojIfyEwa2o4RcYc3Eu3p_yrMgIxFzn8elUQrnDZF6NO514lXuSFO-PpRd1V5azbXumVELheJG0kgSFtMrp_XTlIkWeMQErh7J-GTmx0=', 
    'gAAAAABpLntHSupwFrMgKAATEUUUea0IYrVAjC0ijzgYR94_r48eqxHrbw2-4kbk46gw8xDlE8juLtFblw0JcGoWYWE2Wc7STA==', 
    '$2a$10$E9.YM/JWMio2o.EmsAiSeOPci1yOiuxsq7rrMi2lqxMq8WCTSQjya',
    '',
    'A', 'N', 'N',
    '2022-09-09', NULL,
    NOW(), 531773952, NULL,
    'Jitender Thakur',
    'JUNIOR ENGINEER',
    'HPPWD',
    531802112,
    1,
    110,
    true
);

-- [4/4] UM DATABASE - umst_user_role
INSERT INTO um.umst_user_role (
    user_role_id, uid, role_id, unit_id, operated_on, operated_by, tenant_id, is_data_ported
) VALUES (
    444303467162463, 
    106, 
    120878848, 
    384, 
    NOW(), 
    531773952, 
    531802112, 
    true
);

-- ----------------------------------------------------------------------


================================================================================
-- Employee: Satish Kumar  (45707.0)
-- Employee ID: 111 | UID: 107 | User Role ID: 444303467162464
================================================================================

-- [1/4] WAMIS DATABASE - amsm_employee
INSERT INTO wamis.amsm_employee (
    employee_id, emp_num, title, first_name, middle_name, last_name, full_name,
    office_id, is_active, operated_by, operated_on, tenant_id, status,
    joining_date, relieving_date, is_service_change, is_data_ported
) VALUES (
    111,
    '45707',
    'Mr.',
    'Satish',
    NULL,
    'Kumar',
    'Satish Kumar',
    382,
    'Y', 531773952, NOW(), 531802112,
    'A',
    '1999-04-01',
    NULL,
    'N',
    true
);

-- [2/4] WAMIS DATABASE - amsm_employee_service
INSERT INTO wamis.amsm_employee_service (
    office_id, employee_id, designation_id, is_additional_charge,
    start_date, end_date, operated_by, operated_on, tenant_id,
    is_latest, anfn, status, is_data_ported
) VALUES (
    382,
    111,
    2,
    'N',
    '2023-11-28',
    NULL,
    531773952, NOW(), 531802112,
    'Y', 'A', 'A', true
);

-- [3/4] UM DATABASE - umsm_user
INSERT INTO um.umsm_user (
    uid, user_id, email_id, mobile_no, "password", old_password,
    employee_status, is_admin_user, is_internally_mapped,
    valid_from, valid_till, operated_on, operated_by, password_changed_on,
    "name", designation, company, tenant_id, designation_id, employee_id, is_data_ported
) VALUES (
    107, 
    '45707', 
    'gAAAAABpLntHKwv1onD1qv6uKlcCybMLAvqHhY49Qqz1-uPcNoMKQZJ83vnl_0c8WUBhNOpZ8VcWEhOG9plp1eJZw9Wi0IZVHGJxkIS5lpEwXJIvL_H9yY0=', 
    'gAAAAABpLntHawGfxKR9ic5pp-3-LUCTfdHV3L2z3HLQaTQwzTWEJ796U6p7hcfhOqbmlD7afLQ9S6FNOR4mLfLH6wT8iebmpA==', 
    '$2a$10$E9.YM/JWMio2o.EmsAiSeOPci1yOiuxsq7rrMi2lqxMq8WCTSQjya',
    '',
    'A', 'N', 'N',
    '2023-11-28', NULL,
    NOW(), 531773952, NULL,
    'Satish Kumar',
    'ASSISTANT ENGINEER',
    'HPPWD',
    531802112,
    2,
    111,
    true
);

-- [4/4] UM DATABASE - umst_user_role
INSERT INTO um.umst_user_role (
    user_role_id, uid, role_id, unit_id, operated_on, operated_by, tenant_id, is_data_ported
) VALUES (
    444303467162464, 
    107, 
    120882432, 
    382, 
    NOW(), 
    531773952, 
    531802112, 
    true
);

-- ----------------------------------------------------------------------


================================================================================
-- Employee: Khem Chand  (37866.0)
-- Employee ID: 112 | UID: 108 | User Role ID: 444303467162465
================================================================================

-- [1/4] WAMIS DATABASE - amsm_employee
INSERT INTO wamis.amsm_employee (
    employee_id, emp_num, title, first_name, middle_name, last_name, full_name,
    office_id, is_active, operated_by, operated_on, tenant_id, status,
    joining_date, relieving_date, is_service_change, is_data_ported
) VALUES (
    112,
    '37866',
    'Mr.',
    'Khem',
    NULL,
    'Chand',
    'Khem Chand',
    389,
    'Y', 531773952, NOW(), 531802112,
    'A',
    '2007-01-09',
    NULL,
    'N',
    true
);

-- [2/4] WAMIS DATABASE - amsm_employee_service
INSERT INTO wamis.amsm_employee_service (
    office_id, employee_id, designation_id, is_additional_charge,
    start_date, end_date, operated_by, operated_on, tenant_id,
    is_latest, anfn, status, is_data_ported
) VALUES (
    389,
    112,
    1,
    'N',
    '2024-08-01',
    NULL,
    531773952, NOW(), 531802112,
    'Y', 'A', 'A', true
);

-- [3/4] UM DATABASE - umsm_user
INSERT INTO um.umsm_user (
    uid, user_id, email_id, mobile_no, "password", old_password,
    employee_status, is_admin_user, is_internally_mapped,
    valid_from, valid_till, operated_on, operated_by, password_changed_on,
    "name", designation, company, tenant_id, designation_id, employee_id, is_data_ported
) VALUES (
    108, 
    '37866', 
    'gAAAAABpLntHcNbk4qbUs1A7O7u27IsnGhq2JJ-WNy6HvfZVyaTqF7KZ1_PTWsAM7uMZ7gg5JYBi0O_weVPbbdoqkzUiUb-2EgsDfLKhmzpWw_AEHpU7wTE=', 
    'gAAAAABpLntHYBlWgtUGXimSKvgigTGs3rKR2ayn8Id3gUvG4r4yq02ag2YCRgI2jm_Qt2ujIoUr4JjYGXEqGhTDeHh0NqEeAg==', 
    '$2a$10$E9.YM/JWMio2o.EmsAiSeOPci1yOiuxsq7rrMi2lqxMq8WCTSQjya',
    '',
    'A', 'N', 'N',
    '2024-08-01', NULL,
    NOW(), 531773952, NULL,
    'Khem Chand',
    'JUNIOR ENGINEER',
    'HPPWD',
    531802112,
    1,
    112,
    true
);

-- [4/4] UM DATABASE - umst_user_role
INSERT INTO um.umst_user_role (
    user_role_id, uid, role_id, unit_id, operated_on, operated_by, tenant_id, is_data_ported
) VALUES (
    444303467162465, 
    108, 
    120878848, 
    389, 
    NOW(), 
    531773952, 
    531802112, 
    true
);

-- ----------------------------------------------------------------------


================================================================================
-- Employee: Bharat Bhushan Gupta  (54181.0)
-- Employee ID: 113 | UID: 109 | User Role ID: 444303467162466
================================================================================

-- [1/4] WAMIS DATABASE - amsm_employee
INSERT INTO wamis.amsm_employee (
    employee_id, emp_num, title, first_name, middle_name, last_name, full_name,
    office_id, is_active, operated_by, operated_on, tenant_id, status,
    joining_date, relieving_date, is_service_change, is_data_ported
) VALUES (
    113,
    '54181',
    'Mr.',
    'Bharat',
    'Bhushan',
    'Gupta',
    'Bharat Bhushan Gupta',
    390,
    'Y', 531773952, NOW(), 531802112,
    'A',
    '2012-05-03',
    NULL,
    'N',
    true
);

-- [2/4] WAMIS DATABASE - amsm_employee_service
INSERT INTO wamis.amsm_employee_service (
    office_id, employee_id, designation_id, is_additional_charge,
    start_date, end_date, operated_by, operated_on, tenant_id,
    is_latest, anfn, status, is_data_ported
) VALUES (
    390,
    113,
    1,
    'N',
    '2024-02-21',
    NULL,
    531773952, NOW(), 531802112,
    'Y', 'A', 'A', true
);

-- [3/4] UM DATABASE - umsm_user
INSERT INTO um.umsm_user (
    uid, user_id, email_id, mobile_no, "password", old_password,
    employee_status, is_admin_user, is_internally_mapped,
    valid_from, valid_till, operated_on, operated_by, password_changed_on,
    "name", designation, company, tenant_id, designation_id, employee_id, is_data_ported
) VALUES (
    109, 
    '54181', 
    'gAAAAABpLntHlj9W4RuphCXvHKKnNn3inYR0cu3mYvJB491RB_mZGX4vuEJWA0LeXfexKFcZDbw1vFhZqX-8xLTJKN3EJyQ_EGCNWSM_OYfaP99P8W4soNI=', 
    'gAAAAABpLntHjb5Ub5L2WPGxY2moEeQgS5FW16vFxheBgqExuBXKwsyJJy_INBLmWVlw8M2aTA99NSDNJq_D3b5zybKvToNVcA==', 
    '$2a$10$E9.YM/JWMio2o.EmsAiSeOPci1yOiuxsq7rrMi2lqxMq8WCTSQjya',
    '',
    'A', 'N', 'N',
    '2024-02-21', NULL,
    NOW(), 531773952, NULL,
    'Bharat Bhushan Gupta',
    'JUNIOR ENGINEER',
    'HPPWD',
    531802112,
    1,
    113,
    true
);

-- [4/4] UM DATABASE - umst_user_role
INSERT INTO um.umst_user_role (
    user_role_id, uid, role_id, unit_id, operated_on, operated_by, tenant_id, is_data_ported
) VALUES (
    444303467162466, 
    109, 
    120878848, 
    390, 
    NOW(), 
    531773952, 
    531802112, 
    true
);

-- ----------------------------------------------------------------------


================================================================================
-- Employee: Yugal Kishore (52217.0)
-- Employee ID: 114 | UID: 110 | User Role ID: 444303467162467
================================================================================

-- [1/4] WAMIS DATABASE - amsm_employee
INSERT INTO wamis.amsm_employee (
    employee_id, emp_num, title, first_name, middle_name, last_name, full_name,
    office_id, is_active, operated_by, operated_on, tenant_id, status,
    joining_date, relieving_date, is_service_change, is_data_ported
) VALUES (
    114,
    '52217',
    'Mr.',
    'Yugal',
    NULL,
    'Kishore',
    'Yugal Kishore',
    381,
    'Y', 531773952, NOW(), 531802112,
    'A',
    '2015-11-09',
    NULL,
    'N',
    true
);

-- [2/4] WAMIS DATABASE - amsm_employee_service
INSERT INTO wamis.amsm_employee_service (
    office_id, employee_id, designation_id, is_additional_charge,
    start_date, end_date, operated_by, operated_on, tenant_id,
    is_latest, anfn, status, is_data_ported
) VALUES (
    381,
    114,
    2,
    'N',
    '2025-07-01',
    NULL,
    531773952, NOW(), 531802112,
    'Y', 'A', 'A', true
);

-- [3/4] UM DATABASE - umsm_user
INSERT INTO um.umsm_user (
    uid, user_id, email_id, mobile_no, "password", old_password,
    employee_status, is_admin_user, is_internally_mapped,
    valid_from, valid_till, operated_on, operated_by, password_changed_on,
    "name", designation, company, tenant_id, designation_id, employee_id, is_data_ported
) VALUES (
    110, 
    '52217', 
    'gAAAAABpLntH2cP_c8yZ738TrgHFefg3_dtUSkVYP3NIuam33wdWkrulQbP8ZcSJN1yyFnzQ6FK4WrlMD9BARHQAeBjEj-FYp8LzqSh9haaq3rkqLFBFutI=', 
    'gAAAAABpLntH1S8T7mI-TT3TVkrDpruQIbHnzmrVzotDePzfCvtgAJcbl-TFt0ryWfe-emK9bbBFPjZxqo5csyKwrCnM8Wnmhw==', 
    '$2a$10$E9.YM/JWMio2o.EmsAiSeOPci1yOiuxsq7rrMi2lqxMq8WCTSQjya',
    '',
    'A', 'N', 'N',
    '2025-07-01', NULL,
    NOW(), 531773952, NULL,
    'Yugal Kishore',
    'ASSISTANT ENGINEER',
    'HPPWD',
    531802112,
    2,
    114,
    true
);

-- [4/4] UM DATABASE - umst_user_role
INSERT INTO um.umst_user_role (
    user_role_id, uid, role_id, unit_id, operated_on, operated_by, tenant_id, is_data_ported
) VALUES (
    444303467162467, 
    110, 
    120882432, 
    381, 
    NOW(), 
    531773952, 
    531802112, 
    true
);

-- ----------------------------------------------------------------------


================================================================================
-- Employee: Dhameshwar Ram  (50434.0)
-- Employee ID: 115 | UID: 111 | User Role ID: 444303467162468
================================================================================

-- [1/4] WAMIS DATABASE - amsm_employee
INSERT INTO wamis.amsm_employee (
    employee_id, emp_num, title, first_name, middle_name, last_name, full_name,
    office_id, is_active, operated_by, operated_on, tenant_id, status,
    joining_date, relieving_date, is_service_change, is_data_ported
) VALUES (
    115,
    '50434',
    'Mr.',
    'Dhameshwar',
    NULL,
    'Ram',
    'Dhameshwar Ram',
    NULL,
    'Y', 531773952, NOW(), 531802112,
    'A',
    '2012-09-19',
    NULL,
    'N',
    true
);

-- [2/4] WAMIS DATABASE - amsm_employee_service
INSERT INTO wamis.amsm_employee_service (
    office_id, employee_id, designation_id, is_additional_charge,
    start_date, end_date, operated_by, operated_on, tenant_id,
    is_latest, anfn, status, is_data_ported
) VALUES (
    NULL,
    115,
    4,
    'N',
    '2024-08-21',
    NULL,
    531773952, NOW(), 531802112,
    'Y', 'A', 'A', true
);

-- [3/4] UM DATABASE - umsm_user
INSERT INTO um.umsm_user (
    uid, user_id, email_id, mobile_no, "password", old_password,
    employee_status, is_admin_user, is_internally_mapped,
    valid_from, valid_till, operated_on, operated_by, password_changed_on,
    "name", designation, company, tenant_id, designation_id, employee_id, is_data_ported
) VALUES (
    111, 
    '50434', 
    'gAAAAABpLntHA4Ye6pAhX_O5vBSZLZi3b2HwSM6fm-3clPsMCsbVVUcro-ABI6_eNoIJ9oP8FOGnWdkwTNoBq7r-iukGV_XhnXp-Gl4jKTEXAZy7N1ecFFU=', 
    'gAAAAABpLntHpEhyx9O_opu8DHaIYXF_Ee9t2xL77W5DuxD_5DRJJV8PPzltUYQwj_hTt0gRCXF3q3gC_26Lj6bpdbR582_y3Q==', 
    '$2a$10$E9.YM/JWMio2o.EmsAiSeOPci1yOiuxsq7rrMi2lqxMq8WCTSQjya',
    '',
    'A', 'N', 'N',
    '2024-08-21', NULL,
    NOW(), 531773952, NULL,
    'Dhameshwar Ram',
    'OTHER',
    'HPPWD',
    531802112,
    4,
    115,
    true
);

-- [4/4] UM DATABASE - umst_user_role
INSERT INTO um.umst_user_role (
    user_role_id, uid, role_id, unit_id, operated_on, operated_by, tenant_id, is_data_ported
) VALUES (
    444303467162468, 
    111, 
    None, 
    NULL, 
    NOW(), 
    531773952, 
    531802112, 
    true
);

-- ----------------------------------------------------------------------


================================================================================
-- Employee: Suresh Kumar  (50542.0)
-- Employee ID: 116 | UID: 112 | User Role ID: 444303467162469
================================================================================

-- [1/4] WAMIS DATABASE - amsm_employee
INSERT INTO wamis.amsm_employee (
    employee_id, emp_num, title, first_name, middle_name, last_name, full_name,
    office_id, is_active, operated_by, operated_on, tenant_id, status,
    joining_date, relieving_date, is_service_change, is_data_ported
) VALUES (
    116,
    '50542',
    'Mr.',
    'Suresh',
    NULL,
    'Kumar',
    'Suresh Kumar',
    386,
    'Y', 531773952, NOW(), 531802112,
    'A',
    '2013-09-30',
    NULL,
    'N',
    true
);

-- [2/4] WAMIS DATABASE - amsm_employee_service
INSERT INTO wamis.amsm_employee_service (
    office_id, employee_id, designation_id, is_additional_charge,
    start_date, end_date, operated_by, operated_on, tenant_id,
    is_latest, anfn, status, is_data_ported
) VALUES (
    386,
    116,
    1,
    'N',
    '2022-06-29',
    NULL,
    531773952, NOW(), 531802112,
    'Y', 'A', 'A', true
);

-- [3/4] UM DATABASE - umsm_user
INSERT INTO um.umsm_user (
    uid, user_id, email_id, mobile_no, "password", old_password,
    employee_status, is_admin_user, is_internally_mapped,
    valid_from, valid_till, operated_on, operated_by, password_changed_on,
    "name", designation, company, tenant_id, designation_id, employee_id, is_data_ported
) VALUES (
    112, 
    '50542', 
    'gAAAAABpLntH_DkVnWQyIHGUMKJsXQpnoyGqBCkeBQ7e97tKsO8tud4qnvTCWMvOVHaKQ3Q0c9AHMvLmb4TG3Nq9-4MDKVAHzlN0IEjqgt5HEoc11T5kD2M=', 
    'gAAAAABpLntHn04J5oVXYZ3qtq_aDYmKOZKyT69yo73GtljDWr_e0pKSeB6GGv01e_D9xIIEEMsY3DtVdOq1rPGkrt2KMsRWOA==', 
    '$2a$10$E9.YM/JWMio2o.EmsAiSeOPci1yOiuxsq7rrMi2lqxMq8WCTSQjya',
    '',
    'A', 'N', 'N',
    '2022-06-29', NULL,
    NOW(), 531773952, NULL,
    'Suresh Kumar',
    'JUNIOR ENGINEER',
    'HPPWD',
    531802112,
    1,
    116,
    true
);

-- [4/4] UM DATABASE - umst_user_role
INSERT INTO um.umst_user_role (
    user_role_id, uid, role_id, unit_id, operated_on, operated_by, tenant_id, is_data_ported
) VALUES (
    444303467162469, 
    112, 
    120878848, 
    386, 
    NOW(), 
    531773952, 
    531802112, 
    true
);

-- ----------------------------------------------------------------------


================================================================================
-- Employee: Manoj Kumar  (38013.0)
-- Employee ID: 117 | UID: 113 | User Role ID: 444303467162470
================================================================================

-- [1/4] WAMIS DATABASE - amsm_employee
INSERT INTO wamis.amsm_employee (
    employee_id, emp_num, title, first_name, middle_name, last_name, full_name,
    office_id, is_active, operated_by, operated_on, tenant_id, status,
    joining_date, relieving_date, is_service_change, is_data_ported
) VALUES (
    117,
    '38013',
    'Mr.',
    'Manoj',
    NULL,
    'Kumar',
    'Manoj Kumar',
    387,
    'Y', 531773952, NOW(), 531802112,
    'A',
    '1994-07-21',
    NULL,
    'N',
    true
);

-- [2/4] WAMIS DATABASE - amsm_employee_service
INSERT INTO wamis.amsm_employee_service (
    office_id, employee_id, designation_id, is_additional_charge,
    start_date, end_date, operated_by, operated_on, tenant_id,
    is_latest, anfn, status, is_data_ported
) VALUES (
    387,
    117,
    1,
    'N',
    '2024-07-12',
    NULL,
    531773952, NOW(), 531802112,
    'Y', 'A', 'A', true
);

-- [3/4] UM DATABASE - umsm_user
INSERT INTO um.umsm_user (
    uid, user_id, email_id, mobile_no, "password", old_password,
    employee_status, is_admin_user, is_internally_mapped,
    valid_from, valid_till, operated_on, operated_by, password_changed_on,
    "name", designation, company, tenant_id, designation_id, employee_id, is_data_ported
) VALUES (
    113, 
    '38013', 
    'gAAAAABpLntH3Kk7-mUOF-j7Fl21sSc2hzhmi7GLsEIR-1eJZ0tQZkr4ILWh784r37Y-GrIfGj6PJeVEjpvEcA_3tQMoCLQd_KyXQLMP19gDv1D7hZBLERs=', 
    'gAAAAABpLntHqhHsfXhwfrYUhdixg3ZcqGDuUoUEg1CvzorWN5Bgl2mNUz3MbIOIq116oDvlLAgvQhXx1gfcjGWiluDho9qlqg==', 
    '$2a$10$E9.YM/JWMio2o.EmsAiSeOPci1yOiuxsq7rrMi2lqxMq8WCTSQjya',
    '',
    'A', 'N', 'N',
    '2024-07-12', NULL,
    NOW(), 531773952, NULL,
    'Manoj Kumar',
    'JUNIOR ENGINEER',
    'HPPWD',
    531802112,
    1,
    117,
    true
);

-- [4/4] UM DATABASE - umst_user_role
INSERT INTO um.umst_user_role (
    user_role_id, uid, role_id, unit_id, operated_on, operated_by, tenant_id, is_data_ported
) VALUES (
    444303467162470, 
    113, 
    120878848, 
    387, 
    NOW(), 
    531773952, 
    531802112, 
    true
);

-- ----------------------------------------------------------------------


================================================================================
-- Employee: Pushp Raj  (14559.0)
-- Employee ID: 118 | UID: 114 | User Role ID: 444303467162471
================================================================================

-- [1/4] WAMIS DATABASE - amsm_employee
INSERT INTO wamis.amsm_employee (
    employee_id, emp_num, title, first_name, middle_name, last_name, full_name,
    office_id, is_active, operated_by, operated_on, tenant_id, status,
    joining_date, relieving_date, is_service_change, is_data_ported
) VALUES (
    118,
    '14559',
    'Mr.',
    'Pushp',
    NULL,
    'Raj',
    'Pushp Raj',
    388,
    'Y', 531773952, NOW(), 531802112,
    'A',
    '2001-01-01',
    NULL,
    'N',
    true
);

-- [2/4] WAMIS DATABASE - amsm_employee_service
INSERT INTO wamis.amsm_employee_service (
    office_id, employee_id, designation_id, is_additional_charge,
    start_date, end_date, operated_by, operated_on, tenant_id,
    is_latest, anfn, status, is_data_ported
) VALUES (
    388,
    118,
    1,
    'N',
    '2024-03-16',
    NULL,
    531773952, NOW(), 531802112,
    'Y', 'A', 'A', true
);

-- [3/4] UM DATABASE - umsm_user
INSERT INTO um.umsm_user (
    uid, user_id, email_id, mobile_no, "password", old_password,
    employee_status, is_admin_user, is_internally_mapped,
    valid_from, valid_till, operated_on, operated_by, password_changed_on,
    "name", designation, company, tenant_id, designation_id, employee_id, is_data_ported
) VALUES (
    114, 
    '14559', 
    'gAAAAABpLntHAPQWbw6LKRraxLOwyisEabAfU_AQ0Iyuk-kLLd1vgNold7hDx12Uh3ALZRRU-EpzeL1pg3DM_CNEjcI_Nj1_gF-M7giY0rwudEonqCSqZ7w=', 
    'gAAAAABpLntH7erOAbgucEgWY-ccF3g0fhMhwJcdzaD0RwTIqARcP0K06o7h0ax-ud6KbV8eC82DnyZvw6KdUoT97NG1UOqXmg==', 
    '$2a$10$E9.YM/JWMio2o.EmsAiSeOPci1yOiuxsq7rrMi2lqxMq8WCTSQjya',
    '',
    'A', 'N', 'N',
    '2024-03-16', NULL,
    NOW(), 531773952, NULL,
    'Pushp Raj',
    'JUNIOR ENGINEER',
    'HPPWD',
    531802112,
    1,
    118,
    true
);

-- [4/4] UM DATABASE - umst_user_role
INSERT INTO um.umst_user_role (
    user_role_id, uid, role_id, unit_id, operated_on, operated_by, tenant_id, is_data_ported
) VALUES (
    444303467162471, 
    114, 
    120878848, 
    388, 
    NOW(), 
    531773952, 
    531802112, 
    true
);

-- ----------------------------------------------------------------------

COMMIT;

-- Total records processed: 25
-- Total errors: 0