-- Generated SQL Insert Queries
-- Generated on: 2025-12-01 16:08:25
-- ================================================================================
BEGIN;


================================================================================
-- Employee: Ram Kumar Sharma  (11425.0)
-- Employee ID: 94 | UID: 90 | User Role ID: 444303467162447
================================================================================

-- [1/4] WAMIS DATABASE - amsm_employee
INSERT INTO wamis.amsm_employee (
    employee_id, emp_num, title, first_name, middle_name, last_name, full_name,
    office_id, is_active, operated_by, operated_on, tenant_id, status,
    joining_date, relieving_date, is_service_change, is_data_ported
) VALUES (
    94,
    '11425',
    'Mr.',
    'Ram',
    'Kumar',
    'Sharma',
    'Ram Kumar Sharma',
    NULL,
    'Y', 531773952, NOW(), 531802112,
    'A',
    '2007-07-18',
    NULL,
    'N',
    true
);

-- [2/4] WAMIS DATABASE - amsm_employee_service
INSERT INTO wamis.amsm_employee_service (
    office_id, employee_id, designation_id, is_additional_charge,
    start_date, end_date, operated_by, operated_on, tenant_id,
    is_latest, anfn, status, is_data_ported
) VALUES (
    NULL,
    94,
    2,
    'N',
    '2023-08-05',
    NULL,
    531773952, NOW(), 531802112,
    'Y', 'A', 'A', true
);

-- [3/4] UM DATABASE - umsm_user
INSERT INTO um.umsm_user (
    uid, user_id, email_id, mobile_no, "password", old_password,
    employee_status, is_admin_user, is_internally_mapped,
    valid_from, valid_till, operated_on, operated_by, password_changed_on,
    "name", designation, company, tenant_id, designation_id, employee_id, is_data_ported
) VALUES (
    90, 
    '11425', 
    'gAAAAABpLXAhv6_iuH_QFLxIOdutiBqoiSdyGyN-fLeh2kzbL2YdY62LB90_YXwLoiO1CGt6OrrdQrjYvtJeV-0WKHx1hUEbqXhU60Rv0Tf5VEJIcGCYftU=', 
    'gAAAAABpLXAheCNEumlVGwHB34uMNQMNhzVXn1vRCcCl6mBvvlL6FL_VEXJ4ppRn7PcrKb5pZpxP4B__SmBE3qWBHia5TZIg6Q==', 
    '370ff199c75276a360640b2baffe4c56132477297e25d0d8c5702988ee11e231',
    '',
    'A', 'N', 'N',
    '2023-08-05', NULL,
    NOW(), 531773952, NULL,
    'Ram Kumar Sharma',
    'ASSISTANT ENGINEER',
    'HPPWD',
    531802112,
    2,
    94,
    true
);

-- [4/4] UM DATABASE - umst_user_role
INSERT INTO um.umst_user_role (
    user_role_id, uid, role_id, unit_id, operated_on, operated_by, tenant_id, is_data_ported
) VALUES (
    444303467162447, 
    90, 
    532193206, 
    NULL, 
    NOW(), 
    531773952, 
    531802112, 
    true
);

-- ----------------------------------------------------------------------


================================================================================
-- Employee: Sushil Kumar  (45354.0)
-- Employee ID: 95 | UID: 91 | User Role ID: 444303467162448
================================================================================

-- [1/4] WAMIS DATABASE - amsm_employee
INSERT INTO wamis.amsm_employee (
    employee_id, emp_num, title, first_name, middle_name, last_name, full_name,
    office_id, is_active, operated_by, operated_on, tenant_id, status,
    joining_date, relieving_date, is_service_change, is_data_ported
) VALUES (
    95,
    '45354',
    'Mr.',
    'Sushil',
    NULL,
    'Kumar',
    'Sushil Kumar',
    349,
    'Y', 531773952, NOW(), 531802112,
    'A',
    '2004-12-20',
    NULL,
    'N',
    true
);

-- [2/4] WAMIS DATABASE - amsm_employee_service
INSERT INTO wamis.amsm_employee_service (
    office_id, employee_id, designation_id, is_additional_charge,
    start_date, end_date, operated_by, operated_on, tenant_id,
    is_latest, anfn, status, is_data_ported
) VALUES (
    349,
    95,
    6,
    'N',
    '2025-10-18',
    NULL,
    531773952, NOW(), 531802112,
    'Y', 'A', 'A', true
);

-- [3/4] UM DATABASE - umsm_user
INSERT INTO um.umsm_user (
    uid, user_id, email_id, mobile_no, "password", old_password,
    employee_status, is_admin_user, is_internally_mapped,
    valid_from, valid_till, operated_on, operated_by, password_changed_on,
    "name", designation, company, tenant_id, designation_id, employee_id, is_data_ported
) VALUES (
    91, 
    '45354', 
    'gAAAAABpLXAhg4qE7T_lWY4BnWAqbhGBMxsLf9i1tqIiRwyymcGBJFaDqjIFB9vG2Kl65bpFRWAuoYTruDKwQgN98YQGmDO6_Yc4OJ-5Ly-T0HYLtcknjyU=', 
    'gAAAAABpLXAhzjozIdQ-Mmc7MdFhUByiA8oc0NIkQ0vYXyxSCr6UfKD6fawYHbSPgserX6r99H9CN6oExHqyf2ULAGHkohXcSg==', 
    '370ff199c75276a360640b2baffe4c56132477297e25d0d8c5702988ee11e231',
    '',
    'A', 'N', 'N',
    '2025-10-18', NULL,
    NOW(), 531773952, NULL,
    'Sushil Kumar',
    'DIVISIONAL ACCOUNTANT OFFICER',
    'HPPWD',
    531802112,
    6,
    95,
    true
);

-- [4/4] UM DATABASE - umst_user_role
INSERT INTO um.umst_user_role (
    user_role_id, uid, role_id, unit_id, operated_on, operated_by, tenant_id, is_data_ported
) VALUES (
    444303467162448, 
    91, 
    532193206, 
    349, 
    NOW(), 
    531773952, 
    531802112, 
    true
);

-- ----------------------------------------------------------------------


================================================================================
-- Employee: Priyanka  (51712.0)
-- Employee ID: 96 | UID: 92 | User Role ID: 444303467162449
================================================================================

-- [1/4] WAMIS DATABASE - amsm_employee
INSERT INTO wamis.amsm_employee (
    employee_id, emp_num, title, first_name, middle_name, last_name, full_name,
    office_id, is_active, operated_by, operated_on, tenant_id, status,
    joining_date, relieving_date, is_service_change, is_data_ported
) VALUES (
    96,
    '51712',
    'Ms.',
    'Priyanka',
    NULL,
    '-',
    'Priyanka',
    NULL,
    'Y', 531773952, NOW(), 531802112,
    'A',
    '2017-09-07',
    NULL,
    'N',
    true
);

-- [2/4] WAMIS DATABASE - amsm_employee_service
INSERT INTO wamis.amsm_employee_service (
    office_id, employee_id, designation_id, is_additional_charge,
    start_date, end_date, operated_by, operated_on, tenant_id,
    is_latest, anfn, status, is_data_ported
) VALUES (
    NULL,
    96,
    1,
    'N',
    '2024-07-08',
    NULL,
    531773952, NOW(), 531802112,
    'Y', 'A', 'A', true
);

-- [3/4] UM DATABASE - umsm_user
INSERT INTO um.umsm_user (
    uid, user_id, email_id, mobile_no, "password", old_password,
    employee_status, is_admin_user, is_internally_mapped,
    valid_from, valid_till, operated_on, operated_by, password_changed_on,
    "name", designation, company, tenant_id, designation_id, employee_id, is_data_ported
) VALUES (
    92, 
    '51712', 
    'gAAAAABpLXAhjwrH2I-4fI2g66ur1uljGOguy_zKFlGG1HaYc12dpUz4-rpJK6fY4RW4t78NJnk1_4DhQf01CvUOsDi9s9hlpard7KQb3tu3UI-zub9q4Sg=', 
    'gAAAAABpLXAhkv_CJC2JsRzow3t4IxM_rNvkhY0PZ602hHUVZGZNoGzUOMVgZpOHZIbAh3xWxyKGgem2Km4E4ls1synJbwt3EQ==', 
    '370ff199c75276a360640b2baffe4c56132477297e25d0d8c5702988ee11e231',
    '',
    'A', 'N', 'N',
    '2024-07-08', NULL,
    NOW(), 531773952, NULL,
    'Priyanka',
    'JUNIOR ENGINEER',
    'HPPWD',
    531802112,
    1,
    96,
    true
);

-- [4/4] UM DATABASE - umst_user_role
INSERT INTO um.umst_user_role (
    user_role_id, uid, role_id, unit_id, operated_on, operated_by, tenant_id, is_data_ported
) VALUES (
    444303467162449, 
    92, 
    532193206, 
    NULL, 
    NOW(), 
    531773952, 
    531802112, 
    true
);

-- ----------------------------------------------------------------------


================================================================================
-- Employee: Priyanka Kumari  (57252.0)
-- Employee ID: 97 | UID: 93 | User Role ID: 444303467162450
================================================================================

-- [1/4] WAMIS DATABASE - amsm_employee
INSERT INTO wamis.amsm_employee (
    employee_id, emp_num, title, first_name, middle_name, last_name, full_name,
    office_id, is_active, operated_by, operated_on, tenant_id, status,
    joining_date, relieving_date, is_service_change, is_data_ported
) VALUES (
    97,
    '57252',
    'Ms.',
    'Priyanka',
    NULL,
    'Kumari',
    'Priyanka Kumari',
    349,
    'Y', 531773952, NOW(), 531802112,
    'A',
    '2024-11-02',
    NULL,
    'N',
    true
);

-- [2/4] WAMIS DATABASE - amsm_employee_service
INSERT INTO wamis.amsm_employee_service (
    office_id, employee_id, designation_id, is_additional_charge,
    start_date, end_date, operated_by, operated_on, tenant_id,
    is_latest, anfn, status, is_data_ported
) VALUES (
    349,
    97,
    NULL,
    'N',
    '2024-11-02',
    NULL,
    531773952, NOW(), 531802112,
    'Y', 'A', 'A', true
);

-- [3/4] UM DATABASE - umsm_user
INSERT INTO um.umsm_user (
    uid, user_id, email_id, mobile_no, "password", old_password,
    employee_status, is_admin_user, is_internally_mapped,
    valid_from, valid_till, operated_on, operated_by, password_changed_on,
    "name", designation, company, tenant_id, designation_id, employee_id, is_data_ported
) VALUES (
    93, 
    '57252', 
    'gAAAAABpLXAhU9SSJSM79RCMHcMmP8iWEHxEgSrr_rUGLTmznT2fnvfwCVBGip5IhqlIapZuRhK_P1abo0FAByOyxTlpbf2ufGcmOiM9RSaB4Y5bcNkvCaU=', 
    'gAAAAABpLXAhDU2oaj_dN4yt1IuXni7fcAcZ6CAnI6haxQS-NXlouFAUMMG1A_CLZ9bW10kTPVPcpzchA__y1wh3kkXZB5hzjg==', 
    '370ff199c75276a360640b2baffe4c56132477297e25d0d8c5702988ee11e231',
    '',
    'A', 'N', 'N',
    '2024-11-02', NULL,
    NOW(), 531773952, NULL,
    'Priyanka Kumari',
    'JUNIOR DRAUGHTSMAN',
    'HPPWD',
    531802112,
    NULL,
    97,
    true
);

-- [4/4] UM DATABASE - umst_user_role
INSERT INTO um.umst_user_role (
    user_role_id, uid, role_id, unit_id, operated_on, operated_by, tenant_id, is_data_ported
) VALUES (
    444303467162450, 
    93, 
    532193206, 
    349, 
    NOW(), 
    531773952, 
    531802112, 
    true
);

-- ----------------------------------------------------------------------


================================================================================
-- Employee: Anshul Chaudhary (56149.0)
-- Employee ID: 98 | UID: 94 | User Role ID: 444303467162451
================================================================================

-- [1/4] WAMIS DATABASE - amsm_employee
INSERT INTO wamis.amsm_employee (
    employee_id, emp_num, title, first_name, middle_name, last_name, full_name,
    office_id, is_active, operated_by, operated_on, tenant_id, status,
    joining_date, relieving_date, is_service_change, is_data_ported
) VALUES (
    98,
    '56149',
    'Mr.',
    'Anshul',
    NULL,
    'Chaudhary',
    'Anshul Chaudhary',
    380,
    'Y', 531773952, NOW(), 531802112,
    'A',
    '2017-02-15',
    NULL,
    'N',
    true
);

-- [2/4] WAMIS DATABASE - amsm_employee_service
INSERT INTO wamis.amsm_employee_service (
    office_id, employee_id, designation_id, is_additional_charge,
    start_date, end_date, operated_by, operated_on, tenant_id,
    is_latest, anfn, status, is_data_ported
) VALUES (
    380,
    98,
    2,
    'N',
    '2025-05-01',
    NULL,
    531773952, NOW(), 531802112,
    'Y', 'A', 'A', true
);

-- [3/4] UM DATABASE - umsm_user
INSERT INTO um.umsm_user (
    uid, user_id, email_id, mobile_no, "password", old_password,
    employee_status, is_admin_user, is_internally_mapped,
    valid_from, valid_till, operated_on, operated_by, password_changed_on,
    "name", designation, company, tenant_id, designation_id, employee_id, is_data_ported
) VALUES (
    94, 
    '56149', 
    'gAAAAABpLXAhchEaRqJJDx1pqQrbaPGPVwJZRKzTC03FBYyj4w2c5hDg60CsUS8grIK0SUXkDqeIS8n0uDbYnfVkfquh6RifsP9yUKXP_RFzo57etg_0BXo=', 
    'gAAAAABpLXAhYNPG56QXJ1A359Ov4H3EFmLR9SdpNyvy52x_9r5ks_y5RVApTCPkQbrOwZvg_y-eD37qRrspupz5azTU0ROMEQ==', 
    '370ff199c75276a360640b2baffe4c56132477297e25d0d8c5702988ee11e231',
    '',
    'A', 'N', 'N',
    '2025-05-01', NULL,
    NOW(), 531773952, NULL,
    'Anshul Chaudhary',
    'ASSISTANT ENGINEER',
    'HPPWD',
    531802112,
    2,
    98,
    true
);

-- [4/4] UM DATABASE - umst_user_role
INSERT INTO um.umst_user_role (
    user_role_id, uid, role_id, unit_id, operated_on, operated_by, tenant_id, is_data_ported
) VALUES (
    444303467162451, 
    94, 
    532193206, 
    380, 
    NOW(), 
    531773952, 
    531802112, 
    true
);

-- ----------------------------------------------------------------------


================================================================================
-- Employee: Lekh Raj  (29836.0)
-- Employee ID: 99 | UID: 95 | User Role ID: 444303467162452
================================================================================

-- [1/4] WAMIS DATABASE - amsm_employee
INSERT INTO wamis.amsm_employee (
    employee_id, emp_num, title, first_name, middle_name, last_name, full_name,
    office_id, is_active, operated_by, operated_on, tenant_id, status,
    joining_date, relieving_date, is_service_change, is_data_ported
) VALUES (
    99,
    '29836',
    'Mr.',
    'Lekh',
    NULL,
    'Raj',
    'Lekh Raj',
    NULL,
    'Y', 531773952, NOW(), 531802112,
    'A',
    '1999-12-17',
    NULL,
    'N',
    true
);

-- [2/4] WAMIS DATABASE - amsm_employee_service
INSERT INTO wamis.amsm_employee_service (
    office_id, employee_id, designation_id, is_additional_charge,
    start_date, end_date, operated_by, operated_on, tenant_id,
    is_latest, anfn, status, is_data_ported
) VALUES (
    NULL,
    99,
    1,
    'N',
    '2023-09-01',
    NULL,
    531773952, NOW(), 531802112,
    'Y', 'A', 'A', true
);

-- [3/4] UM DATABASE - umsm_user
INSERT INTO um.umsm_user (
    uid, user_id, email_id, mobile_no, "password", old_password,
    employee_status, is_admin_user, is_internally_mapped,
    valid_from, valid_till, operated_on, operated_by, password_changed_on,
    "name", designation, company, tenant_id, designation_id, employee_id, is_data_ported
) VALUES (
    95, 
    '29836', 
    'gAAAAABpLXAh_rPTc2YdjHIiDGT3FM1RixYjFLZJ4yI830qwDKJU4a7T5bqqfc3t0Qc6dWQR-YBK6s8Rlw-Qt1hYPEK4iTIFttN_9KVcGcPzuGIcOh0AGcA=', 
    'gAAAAABpLXAh6fUD7VqHr8jEXOLpDWUq6rKdXsUZuqipQKZYklbDhpMmRn7JePulA1BpPSccdhJk7ZnlSbKIkdy10AwuzaFFOw==', 
    '370ff199c75276a360640b2baffe4c56132477297e25d0d8c5702988ee11e231',
    '',
    'A', 'N', 'N',
    '2023-09-01', NULL,
    NOW(), 531773952, NULL,
    'Lekh Raj',
    'JUNIOR ENGINEER',
    'HPPWD',
    531802112,
    1,
    99,
    true
);

-- [4/4] UM DATABASE - umst_user_role
INSERT INTO um.umst_user_role (
    user_role_id, uid, role_id, unit_id, operated_on, operated_by, tenant_id, is_data_ported
) VALUES (
    444303467162452, 
    95, 
    532193206, 
    NULL, 
    NOW(), 
    531773952, 
    531802112, 
    true
);

-- ----------------------------------------------------------------------


================================================================================
-- Employee: Arjun Katoch  (53977.0)
-- Employee ID: 100 | UID: 96 | User Role ID: 444303467162453
================================================================================

-- [1/4] WAMIS DATABASE - amsm_employee
INSERT INTO wamis.amsm_employee (
    employee_id, emp_num, title, first_name, middle_name, last_name, full_name,
    office_id, is_active, operated_by, operated_on, tenant_id, status,
    joining_date, relieving_date, is_service_change, is_data_ported
) VALUES (
    100,
    '53977',
    'Mr.',
    'Arjun',
    NULL,
    'Katoch',
    'Arjun Katoch',
    NULL,
    'Y', 531773952, NOW(), 531802112,
    'A',
    '2017-08-29',
    NULL,
    'N',
    true
);

-- [2/4] WAMIS DATABASE - amsm_employee_service
INSERT INTO wamis.amsm_employee_service (
    office_id, employee_id, designation_id, is_additional_charge,
    start_date, end_date, operated_by, operated_on, tenant_id,
    is_latest, anfn, status, is_data_ported
) VALUES (
    NULL,
    100,
    1,
    'N',
    '2024-03-05',
    NULL,
    531773952, NOW(), 531802112,
    'Y', 'A', 'A', true
);

-- [3/4] UM DATABASE - umsm_user
INSERT INTO um.umsm_user (
    uid, user_id, email_id, mobile_no, "password", old_password,
    employee_status, is_admin_user, is_internally_mapped,
    valid_from, valid_till, operated_on, operated_by, password_changed_on,
    "name", designation, company, tenant_id, designation_id, employee_id, is_data_ported
) VALUES (
    96, 
    '53977', 
    'gAAAAABpLXAhPU2ta-EZ5GsxTKcldAFWf9leOYpSBdCjlVwhzj5PREa8PVphFMpD5A9KjAWlFryvxDZeqGgDl_iH6U-7sJJvw32fKT2Duvu7sqQ4rOZrgbM=', 
    'gAAAAABpLXAhNFz3kdliJfvgNaNSboxLTnBukhsfDyb_Lz8XnE-5zMoOOxWRQEqWITZlTqVco32QufuGPe2FqS6f7QKYV-oLKw==', 
    '370ff199c75276a360640b2baffe4c56132477297e25d0d8c5702988ee11e231',
    '',
    'A', 'N', 'N',
    '2024-03-05', NULL,
    NOW(), 531773952, NULL,
    'Arjun Katoch',
    'JUNIOR ENGINEER',
    'HPPWD',
    531802112,
    1,
    100,
    true
);

-- [4/4] UM DATABASE - umst_user_role
INSERT INTO um.umst_user_role (
    user_role_id, uid, role_id, unit_id, operated_on, operated_by, tenant_id, is_data_ported
) VALUES (
    444303467162453, 
    96, 
    532193206, 
    NULL, 
    NOW(), 
    531773952, 
    531802112, 
    true
);

-- ----------------------------------------------------------------------


================================================================================
-- Employee: Jitender Thakur (55029.0)
-- Employee ID: 101 | UID: 97 | User Role ID: 444303467162454
================================================================================

-- [1/4] WAMIS DATABASE - amsm_employee
INSERT INTO wamis.amsm_employee (
    employee_id, emp_num, title, first_name, middle_name, last_name, full_name,
    office_id, is_active, operated_by, operated_on, tenant_id, status,
    joining_date, relieving_date, is_service_change, is_data_ported
) VALUES (
    101,
    '55029',
    'Mr.',
    'Jitender',
    NULL,
    'Thakur',
    'Jitender Thakur',
    NULL,
    'Y', 531773952, NOW(), 531802112,
    'A',
    '2016-02-23',
    NULL,
    'N',
    true
);

-- [2/4] WAMIS DATABASE - amsm_employee_service
INSERT INTO wamis.amsm_employee_service (
    office_id, employee_id, designation_id, is_additional_charge,
    start_date, end_date, operated_by, operated_on, tenant_id,
    is_latest, anfn, status, is_data_ported
) VALUES (
    NULL,
    101,
    1,
    'N',
    '2022-09-09',
    NULL,
    531773952, NOW(), 531802112,
    'Y', 'A', 'A', true
);

-- [3/4] UM DATABASE - umsm_user
INSERT INTO um.umsm_user (
    uid, user_id, email_id, mobile_no, "password", old_password,
    employee_status, is_admin_user, is_internally_mapped,
    valid_from, valid_till, operated_on, operated_by, password_changed_on,
    "name", designation, company, tenant_id, designation_id, employee_id, is_data_ported
) VALUES (
    97, 
    '55029', 
    'gAAAAABpLXAhOi26fOphd4m5fcoWxuLcErBp82XTqhuCLwWbFozbyBq8MdwerulyaXGP7mlHFeDp5duwp-k4Rlnq8PW6Ompu7xRWrjAoUNfqWDaed7ggNRw=', 
    'gAAAAABpLXAhT5LvIlqXn1k4h-rDkdmFnTGrtvIJe1BHxw6e0EaQkrx0bmn6iy3qpwIPo87wKHlT6WvtFYUCSsy8SehPx2Vylw==', 
    '370ff199c75276a360640b2baffe4c56132477297e25d0d8c5702988ee11e231',
    '',
    'A', 'N', 'N',
    '2022-09-09', NULL,
    NOW(), 531773952, NULL,
    'Jitender Thakur',
    'JUNIOR ENGINEER',
    'HPPWD',
    531802112,
    1,
    101,
    true
);

-- [4/4] UM DATABASE - umst_user_role
INSERT INTO um.umst_user_role (
    user_role_id, uid, role_id, unit_id, operated_on, operated_by, tenant_id, is_data_ported
) VALUES (
    444303467162454, 
    97, 
    532193206, 
    NULL, 
    NOW(), 
    531773952, 
    531802112, 
    true
);

-- ----------------------------------------------------------------------


================================================================================
-- Employee: Satish Kumar  (45707.0)
-- Employee ID: 102 | UID: 98 | User Role ID: 444303467162455
================================================================================

-- [1/4] WAMIS DATABASE - amsm_employee
INSERT INTO wamis.amsm_employee (
    employee_id, emp_num, title, first_name, middle_name, last_name, full_name,
    office_id, is_active, operated_by, operated_on, tenant_id, status,
    joining_date, relieving_date, is_service_change, is_data_ported
) VALUES (
    102,
    '45707',
    'Mr.',
    'Satish',
    NULL,
    'Kumar',
    'Satish Kumar',
    382,
    'Y', 531773952, NOW(), 531802112,
    'A',
    '1999-04-01',
    NULL,
    'N',
    true
);

-- [2/4] WAMIS DATABASE - amsm_employee_service
INSERT INTO wamis.amsm_employee_service (
    office_id, employee_id, designation_id, is_additional_charge,
    start_date, end_date, operated_by, operated_on, tenant_id,
    is_latest, anfn, status, is_data_ported
) VALUES (
    382,
    102,
    2,
    'N',
    '2023-11-28',
    NULL,
    531773952, NOW(), 531802112,
    'Y', 'A', 'A', true
);

-- [3/4] UM DATABASE - umsm_user
INSERT INTO um.umsm_user (
    uid, user_id, email_id, mobile_no, "password", old_password,
    employee_status, is_admin_user, is_internally_mapped,
    valid_from, valid_till, operated_on, operated_by, password_changed_on,
    "name", designation, company, tenant_id, designation_id, employee_id, is_data_ported
) VALUES (
    98, 
    '45707', 
    'gAAAAABpLXAhNyRtJKoFLEfLgPsaZyuTJnLnhtaCtV5pFHqxZ7tnDItnRQPbvfkF-BvRQchdqDl6Ey65OmF_2ooGAFcKLBeCeuTEmFar6TtwfyoR-G9B69Q=', 
    'gAAAAABpLXAhyudt6yI0SE4cQl7Vk6DvvL-RaRkGekEeMhR8cGK45hz6W2U_sOmTfo_93KILgyFXYxf1Fo5hHfV3chcYaI_YaA==', 
    '370ff199c75276a360640b2baffe4c56132477297e25d0d8c5702988ee11e231',
    '',
    'A', 'N', 'N',
    '2023-11-28', NULL,
    NOW(), 531773952, NULL,
    'Satish Kumar',
    'ASSISTANT ENGINEER',
    'HPPWD',
    531802112,
    2,
    102,
    true
);

-- [4/4] UM DATABASE - umst_user_role
INSERT INTO um.umst_user_role (
    user_role_id, uid, role_id, unit_id, operated_on, operated_by, tenant_id, is_data_ported
) VALUES (
    444303467162455, 
    98, 
    532193206, 
    382, 
    NOW(), 
    531773952, 
    531802112, 
    true
);

-- ----------------------------------------------------------------------


================================================================================
-- Employee: Khem Chand  (37866.0)
-- Employee ID: 103 | UID: 99 | User Role ID: 444303467162456
================================================================================

-- [1/4] WAMIS DATABASE - amsm_employee
INSERT INTO wamis.amsm_employee (
    employee_id, emp_num, title, first_name, middle_name, last_name, full_name,
    office_id, is_active, operated_by, operated_on, tenant_id, status,
    joining_date, relieving_date, is_service_change, is_data_ported
) VALUES (
    103,
    '37866',
    'Mr.',
    'Khem',
    NULL,
    'Chand',
    'Khem Chand',
    NULL,
    'Y', 531773952, NOW(), 531802112,
    'A',
    '2007-01-09',
    NULL,
    'N',
    true
);

-- [2/4] WAMIS DATABASE - amsm_employee_service
INSERT INTO wamis.amsm_employee_service (
    office_id, employee_id, designation_id, is_additional_charge,
    start_date, end_date, operated_by, operated_on, tenant_id,
    is_latest, anfn, status, is_data_ported
) VALUES (
    NULL,
    103,
    1,
    'N',
    '2024-08-01',
    NULL,
    531773952, NOW(), 531802112,
    'Y', 'A', 'A', true
);

-- [3/4] UM DATABASE - umsm_user
INSERT INTO um.umsm_user (
    uid, user_id, email_id, mobile_no, "password", old_password,
    employee_status, is_admin_user, is_internally_mapped,
    valid_from, valid_till, operated_on, operated_by, password_changed_on,
    "name", designation, company, tenant_id, designation_id, employee_id, is_data_ported
) VALUES (
    99, 
    '37866', 
    'gAAAAABpLXAh2UD7Mght0jBYZ7NsNkfsfcOXjR5eKzDkHb4xCAj7n-SkuKk9zsf7zTNkwlH1zBXCVCO0Ds-wa-yVTkneHYJxsFBG6Uqi6orBc45k30JTV0A=', 
    'gAAAAABpLXAhwe6mVUr7Mw8tsFC9X372G7rzlmu0mOva4vTYS9uHbuzlYIghdqY7RQWLtXf6-BMhwogy37A88TSRIrRSIB4Kxg==', 
    '370ff199c75276a360640b2baffe4c56132477297e25d0d8c5702988ee11e231',
    '',
    'A', 'N', 'N',
    '2024-08-01', NULL,
    NOW(), 531773952, NULL,
    'Khem Chand',
    'JUNIOR ENGINEER',
    'HPPWD',
    531802112,
    1,
    103,
    true
);

-- [4/4] UM DATABASE - umst_user_role
INSERT INTO um.umst_user_role (
    user_role_id, uid, role_id, unit_id, operated_on, operated_by, tenant_id, is_data_ported
) VALUES (
    444303467162456, 
    99, 
    532193206, 
    NULL, 
    NOW(), 
    531773952, 
    531802112, 
    true
);

-- ----------------------------------------------------------------------


================================================================================
-- Employee: Bharat Bhushan Gupta  (54181.0)
-- Employee ID: 104 | UID: 100 | User Role ID: 444303467162457
================================================================================

-- [1/4] WAMIS DATABASE - amsm_employee
INSERT INTO wamis.amsm_employee (
    employee_id, emp_num, title, first_name, middle_name, last_name, full_name,
    office_id, is_active, operated_by, operated_on, tenant_id, status,
    joining_date, relieving_date, is_service_change, is_data_ported
) VALUES (
    104,
    '54181',
    'Mr.',
    'Bharat',
    'Bhushan',
    'Gupta',
    'Bharat Bhushan Gupta',
    NULL,
    'Y', 531773952, NOW(), 531802112,
    'A',
    '2012-05-03',
    NULL,
    'N',
    true
);

-- [2/4] WAMIS DATABASE - amsm_employee_service
INSERT INTO wamis.amsm_employee_service (
    office_id, employee_id, designation_id, is_additional_charge,
    start_date, end_date, operated_by, operated_on, tenant_id,
    is_latest, anfn, status, is_data_ported
) VALUES (
    NULL,
    104,
    1,
    'N',
    '2024-02-21',
    NULL,
    531773952, NOW(), 531802112,
    'Y', 'A', 'A', true
);

-- [3/4] UM DATABASE - umsm_user
INSERT INTO um.umsm_user (
    uid, user_id, email_id, mobile_no, "password", old_password,
    employee_status, is_admin_user, is_internally_mapped,
    valid_from, valid_till, operated_on, operated_by, password_changed_on,
    "name", designation, company, tenant_id, designation_id, employee_id, is_data_ported
) VALUES (
    100, 
    '54181', 
    'gAAAAABpLXAheVtJe7d9iYiIsBhe-i7_2ooBhdgMRWdbtHibKixS2cbjTnRy3ajy1GnU4cN5Jagl6ydFDLfSOKD4TJ448RXCliIY33Fsh_kcyTYsDze9CW0=', 
    'gAAAAABpLXAhMFw3WPM8-2qXhtQkQKo5dEeEO_N9nMZlqrpkkQk1xVjWkWtrPph9X9yLO8WmjVPC9UAjU9YI7ptsRqb3xPufhQ==', 
    '370ff199c75276a360640b2baffe4c56132477297e25d0d8c5702988ee11e231',
    '',
    'A', 'N', 'N',
    '2024-02-21', NULL,
    NOW(), 531773952, NULL,
    'Bharat Bhushan Gupta',
    'JUNIOR ENGINEER',
    'HPPWD',
    531802112,
    1,
    104,
    true
);

-- [4/4] UM DATABASE - umst_user_role
INSERT INTO um.umst_user_role (
    user_role_id, uid, role_id, unit_id, operated_on, operated_by, tenant_id, is_data_ported
) VALUES (
    444303467162457, 
    100, 
    532193206, 
    NULL, 
    NOW(), 
    531773952, 
    531802112, 
    true
);

-- ----------------------------------------------------------------------


================================================================================
-- Employee: Yugal Kishore (52217.0)
-- Employee ID: 105 | UID: 101 | User Role ID: 444303467162458
================================================================================

-- [1/4] WAMIS DATABASE - amsm_employee
INSERT INTO wamis.amsm_employee (
    employee_id, emp_num, title, first_name, middle_name, last_name, full_name,
    office_id, is_active, operated_by, operated_on, tenant_id, status,
    joining_date, relieving_date, is_service_change, is_data_ported
) VALUES (
    105,
    '52217',
    'Mr.',
    'Yugal',
    NULL,
    'Kishore',
    'Yugal Kishore',
    381,
    'Y', 531773952, NOW(), 531802112,
    'A',
    '2015-11-09',
    NULL,
    'N',
    true
);

-- [2/4] WAMIS DATABASE - amsm_employee_service
INSERT INTO wamis.amsm_employee_service (
    office_id, employee_id, designation_id, is_additional_charge,
    start_date, end_date, operated_by, operated_on, tenant_id,
    is_latest, anfn, status, is_data_ported
) VALUES (
    381,
    105,
    2,
    'N',
    '2025-07-01',
    NULL,
    531773952, NOW(), 531802112,
    'Y', 'A', 'A', true
);

-- [3/4] UM DATABASE - umsm_user
INSERT INTO um.umsm_user (
    uid, user_id, email_id, mobile_no, "password", old_password,
    employee_status, is_admin_user, is_internally_mapped,
    valid_from, valid_till, operated_on, operated_by, password_changed_on,
    "name", designation, company, tenant_id, designation_id, employee_id, is_data_ported
) VALUES (
    101, 
    '52217', 
    'gAAAAABpLXAhMV6qQTVhkRmtVtMz4MeR_t_tOttsraz71O-uWuxZajdW1ffn7KoAHTggkYYmUNs9EAAVDcOZvYg2yhJLEC_YhzitteULv3ebeDx54qgYvvg=', 
    'gAAAAABpLXAhlCiNQEOSlzHOurz_4anWgakoCVg6S1GE4kuDBkPdJWA8ys0icQorZHdQWn-JLp28oFP6pw9UIhE1t3-On51HDg==', 
    '370ff199c75276a360640b2baffe4c56132477297e25d0d8c5702988ee11e231',
    '',
    'A', 'N', 'N',
    '2025-07-01', NULL,
    NOW(), 531773952, NULL,
    'Yugal Kishore',
    'ASSISTANT ENGINEER',
    'HPPWD',
    531802112,
    2,
    105,
    true
);

-- [4/4] UM DATABASE - umst_user_role
INSERT INTO um.umst_user_role (
    user_role_id, uid, role_id, unit_id, operated_on, operated_by, tenant_id, is_data_ported
) VALUES (
    444303467162458, 
    101, 
    532193206, 
    381, 
    NOW(), 
    531773952, 
    531802112, 
    true
);

-- ----------------------------------------------------------------------


================================================================================
-- Employee: Suresh Kumar  (50542.0)
-- Employee ID: 106 | UID: 102 | User Role ID: 444303467162459
================================================================================

-- [1/4] WAMIS DATABASE - amsm_employee
INSERT INTO wamis.amsm_employee (
    employee_id, emp_num, title, first_name, middle_name, last_name, full_name,
    office_id, is_active, operated_by, operated_on, tenant_id, status,
    joining_date, relieving_date, is_service_change, is_data_ported
) VALUES (
    106,
    '50542',
    'Mr.',
    'Suresh',
    NULL,
    'Kumar',
    'Suresh Kumar',
    NULL,
    'Y', 531773952, NOW(), 531802112,
    'A',
    '2013-09-30',
    NULL,
    'N',
    true
);

-- [2/4] WAMIS DATABASE - amsm_employee_service
INSERT INTO wamis.amsm_employee_service (
    office_id, employee_id, designation_id, is_additional_charge,
    start_date, end_date, operated_by, operated_on, tenant_id,
    is_latest, anfn, status, is_data_ported
) VALUES (
    NULL,
    106,
    1,
    'N',
    '2022-06-29',
    NULL,
    531773952, NOW(), 531802112,
    'Y', 'A', 'A', true
);

-- [3/4] UM DATABASE - umsm_user
INSERT INTO um.umsm_user (
    uid, user_id, email_id, mobile_no, "password", old_password,
    employee_status, is_admin_user, is_internally_mapped,
    valid_from, valid_till, operated_on, operated_by, password_changed_on,
    "name", designation, company, tenant_id, designation_id, employee_id, is_data_ported
) VALUES (
    102, 
    '50542', 
    'gAAAAABpLXAhhqCBRmWopBh8OscXeR-oChhE_wpGIP7zMOPZGA_F3TTmVXWJoFqQwmmWNHiXYpUfNRoMVvjuY6qNDk9NtRL4d6sMYjwM-LsGj-UzQla595o=', 
    'gAAAAABpLXAh4YKu3KubegxmTh06zoHFauXHGfdBkFrssDcgt5O-9JqeTMtabFNIGpe5SUPACKVuMw0EYbllZRLCsE6NI3LnNA==', 
    '370ff199c75276a360640b2baffe4c56132477297e25d0d8c5702988ee11e231',
    '',
    'A', 'N', 'N',
    '2022-06-29', NULL,
    NOW(), 531773952, NULL,
    'Suresh Kumar',
    'JUNIOR ENGINEER',
    'HPPWD',
    531802112,
    1,
    106,
    true
);

-- [4/4] UM DATABASE - umst_user_role
INSERT INTO um.umst_user_role (
    user_role_id, uid, role_id, unit_id, operated_on, operated_by, tenant_id, is_data_ported
) VALUES (
    444303467162459, 
    102, 
    532193206, 
    NULL, 
    NOW(), 
    531773952, 
    531802112, 
    true
);

-- ----------------------------------------------------------------------


================================================================================
-- Employee: Manoj Kumar  (38013.0)
-- Employee ID: 107 | UID: 103 | User Role ID: 444303467162460
================================================================================

-- [1/4] WAMIS DATABASE - amsm_employee
INSERT INTO wamis.amsm_employee (
    employee_id, emp_num, title, first_name, middle_name, last_name, full_name,
    office_id, is_active, operated_by, operated_on, tenant_id, status,
    joining_date, relieving_date, is_service_change, is_data_ported
) VALUES (
    107,
    '38013',
    'Mr.',
    'Manoj',
    NULL,
    'Kumar',
    'Manoj Kumar',
    NULL,
    'Y', 531773952, NOW(), 531802112,
    'A',
    '1994-07-21',
    NULL,
    'N',
    true
);

-- [2/4] WAMIS DATABASE - amsm_employee_service
INSERT INTO wamis.amsm_employee_service (
    office_id, employee_id, designation_id, is_additional_charge,
    start_date, end_date, operated_by, operated_on, tenant_id,
    is_latest, anfn, status, is_data_ported
) VALUES (
    NULL,
    107,
    1,
    'N',
    '2024-07-12',
    NULL,
    531773952, NOW(), 531802112,
    'Y', 'A', 'A', true
);

-- [3/4] UM DATABASE - umsm_user
INSERT INTO um.umsm_user (
    uid, user_id, email_id, mobile_no, "password", old_password,
    employee_status, is_admin_user, is_internally_mapped,
    valid_from, valid_till, operated_on, operated_by, password_changed_on,
    "name", designation, company, tenant_id, designation_id, employee_id, is_data_ported
) VALUES (
    103, 
    '38013', 
    'gAAAAABpLXAhyA_xa2D74EDkxXOKtPRbeEp0J1XxYABeWr9T9DqJe8GOh-LT34zUi65mFqEIN7v87BNpdeHfpA8WVVQBE_yyFEhrWdWG9tPRaK5H_wSYCd4=', 
    'gAAAAABpLXAhKz2Yo6327SF0-jZO51N6ypVGy4GvUn2qQe1H9dWTNdpgyCcnRBJLoayAXPnqjaMpfSxdneTEfKg88m19BFvVoA==', 
    '370ff199c75276a360640b2baffe4c56132477297e25d0d8c5702988ee11e231',
    '',
    'A', 'N', 'N',
    '2024-07-12', NULL,
    NOW(), 531773952, NULL,
    'Manoj Kumar',
    'JUNIOR ENGINEER',
    'HPPWD',
    531802112,
    1,
    107,
    true
);

-- [4/4] UM DATABASE - umst_user_role
INSERT INTO um.umst_user_role (
    user_role_id, uid, role_id, unit_id, operated_on, operated_by, tenant_id, is_data_ported
) VALUES (
    444303467162460, 
    103, 
    532193206, 
    NULL, 
    NOW(), 
    531773952, 
    531802112, 
    true
);

-- ----------------------------------------------------------------------


================================================================================
-- Employee: Pushp Raj  (14559.0)
-- Employee ID: 108 | UID: 104 | User Role ID: 444303467162461
================================================================================

-- [1/4] WAMIS DATABASE - amsm_employee
INSERT INTO wamis.amsm_employee (
    employee_id, emp_num, title, first_name, middle_name, last_name, full_name,
    office_id, is_active, operated_by, operated_on, tenant_id, status,
    joining_date, relieving_date, is_service_change, is_data_ported
) VALUES (
    108,
    '14559',
    'Mr.',
    'Pushp',
    NULL,
    'Raj',
    'Pushp Raj',
    NULL,
    'Y', 531773952, NOW(), 531802112,
    'A',
    '2001-01-01',
    NULL,
    'N',
    true
);

-- [2/4] WAMIS DATABASE - amsm_employee_service
INSERT INTO wamis.amsm_employee_service (
    office_id, employee_id, designation_id, is_additional_charge,
    start_date, end_date, operated_by, operated_on, tenant_id,
    is_latest, anfn, status, is_data_ported
) VALUES (
    NULL,
    108,
    1,
    'N',
    '2024-03-16',
    NULL,
    531773952, NOW(), 531802112,
    'Y', 'A', 'A', true
);

-- [3/4] UM DATABASE - umsm_user
INSERT INTO um.umsm_user (
    uid, user_id, email_id, mobile_no, "password", old_password,
    employee_status, is_admin_user, is_internally_mapped,
    valid_from, valid_till, operated_on, operated_by, password_changed_on,
    "name", designation, company, tenant_id, designation_id, employee_id, is_data_ported
) VALUES (
    104, 
    '14559', 
    'gAAAAABpLXAh0BxNBl_itG-2sOI_zrl6cnpIlZuah2uqdWXRbxBsgBIjG7gG8pQEPP8SAr-lXa_nt6HTehJjbaxA15fbTOF5dcTaVyZ7gT_-FW3oLz3dt5I=', 
    'gAAAAABpLXAh3p7xohC0Q5Iopyh7E2-IS-B1zMPm3pOX-h41PCZOeGyRjTYzzEptAFOPcpNuGDLLNUHAtGEtV4DPLHTVdxmU-w==', 
    '370ff199c75276a360640b2baffe4c56132477297e25d0d8c5702988ee11e231',
    '',
    'A', 'N', 'N',
    '2024-03-16', NULL,
    NOW(), 531773952, NULL,
    'Pushp Raj',
    'JUNIOR ENGINEER',
    'HPPWD',
    531802112,
    1,
    108,
    true
);

-- [4/4] UM DATABASE - umst_user_role
INSERT INTO um.umst_user_role (
    user_role_id, uid, role_id, unit_id, operated_on, operated_by, tenant_id, is_data_ported
) VALUES (
    444303467162461, 
    104, 
    532193206, 
    NULL, 
    NOW(), 
    531773952, 
    531802112, 
    true
);

-- ----------------------------------------------------------------------

COMMIT;

-- Total records processed: 15
-- Total errors: 10