-- Generated SQL Insert Queries
-- Generated on: 2025-12-01 15:49:09
-- ================================================================================
BEGIN;


================================================================================
-- Employee: Ram Kumar Sharma  (11425.0)
-- Employee ID: 94 | UID: 90 | User Role ID: 444303467162447
================================================================================

-- [1/4] WAMIS DATABASE - amsm_employee
INSERT INTO wamis.amsm_employee (
    employee_id, emp_num, title, first_name, middle_name, last_name, full_name,
    office_id, is_active, operated_by, operated_on, tenant_id, status,
    joining_date, relieving_date, is_service_change, is_data_ported
) VALUES (
    94,
    '11425',
    'Mr.',
    'Ram',
    'Kumar',
    'Sharma',
    'Ram Kumar Sharma',
    NULL,
    'Y', 531773952, NOW(), 531802112,
    'A',
    '2007-07-18',
    NULL,
    'N',
    true
);

-- [2/4] WAMIS DATABASE - amsm_employee_service
INSERT INTO wamis.amsm_employee_service (
    office_id, employee_id, designation_id, is_additional_charge,
    start_date, end_date, operated_by, operated_on, tenant_id,
    is_latest, anfn, status, is_data_ported
) VALUES (
    NULL,
    94,
    2,
    'N',
    '2023-08-05',
    NULL,
    531773952, NOW(), 531802112,
    'Y', 'A', 'A', true
);

-- [3/4] UM DATABASE - umsm_user
INSERT INTO um.umsm_user (
    uid, user_id, email_id, mobile_no, "password", old_password,
    employee_status, is_admin_user, is_internally_mapped,
    valid_from, valid_till, operated_on, operated_by, password_changed_on,
    "name", designation, company, tenant_id, designation_id, employee_id, is_data_ported
) VALUES (
    90, 
    '11425', 
    'gAAAAABpLWudb4lSLIPfSdmjxknbs1SWyDq_xVNgzwtta-FvssC8BwLbqyi6dtQsm041EMC1pfxZC7cHToqcrP90YyeDOfeijhFeWEu7EmxTMyMm4r6YJuQ=', 
    'gAAAAABpLWud_B_rVd0YGRgYDvnn7DGBkETZz1TjVNMUexguFFsJH_WPWqbs1w_2jICHfBTotdcp4MFIy8AOUFUChX210cPMlQ==', 
    '370ff199c75276a360640b2baffe4c56132477297e25d0d8c5702988ee11e231',
    '',
    'A', 'N', 'N',
    '2023-08-05', NULL,
    NOW(), 531773952, NULL,
    'Ram Kumar Sharma',
    'ASSISTANT ENGINEER',
    'HPPWD',
    531802112,
    2,
    94,
    true
);

-- [4/4] UM DATABASE - umst_user_role
INSERT INTO um.umst_user_role (
    user_role_id, uid, role_id, unit_id, operated_on, operated_by, tenant_id, is_data_ported
) VALUES (
    444303467162447, 
    90, 
    532193206, 
    NULL, 
    NOW(), 
    531773952, 
    531802112, 
    true
);

-- ----------------------------------------------------------------------


================================================================================
-- Employee: Sushil Kumar  (45354.0)
-- Employee ID: 95 | UID: 91 | User Role ID: 444303467162448
================================================================================

-- [1/4] WAMIS DATABASE - amsm_employee
INSERT INTO wamis.amsm_employee (
    employee_id, emp_num, title, first_name, middle_name, last_name, full_name,
    office_id, is_active, operated_by, operated_on, tenant_id, status,
    joining_date, relieving_date, is_service_change, is_data_ported
) VALUES (
    95,
    '45354',
    'Mr.',
    'Sushil',
    NULL,
    'Kumar',
    'Sushil Kumar',
    349,
    'Y', 531773952, NOW(), 531802112,
    'A',
    '2004-12-20',
    NULL,
    'N',
    true
);

-- [2/4] WAMIS DATABASE - amsm_employee_service
INSERT INTO wamis.amsm_employee_service (
    office_id, employee_id, designation_id, is_additional_charge,
    start_date, end_date, operated_by, operated_on, tenant_id,
    is_latest, anfn, status, is_data_ported
) VALUES (
    349,
    95,
    6,
    'N',
    '2025-10-18',
    NULL,
    531773952, NOW(), 531802112,
    'Y', 'A', 'A', true
);

-- [3/4] UM DATABASE - umsm_user
INSERT INTO um.umsm_user (
    uid, user_id, email_id, mobile_no, "password", old_password,
    employee_status, is_admin_user, is_internally_mapped,
    valid_from, valid_till, operated_on, operated_by, password_changed_on,
    "name", designation, company, tenant_id, designation_id, employee_id, is_data_ported
) VALUES (
    91, 
    '45354', 
    'gAAAAABpLWudFlcHv6qaW_5OGFPCxNBMtx1E95NgCh-NjbBo9aw_jhGwseHzfVGP0UxEI9JvIxoIpZR6tvI3YxnNgTf7165jdZtmYQZc05SMh2FSAlMGwEg=', 
    'gAAAAABpLWudZwXsTmxuZwLxZ6BKa4LxeTUHAPumJzjdtR0fPIMbxJEBOlkOKiuCbVK5RkvMjkeuz5jkKYCy4U319UNVWVuwLQ==', 
    '370ff199c75276a360640b2baffe4c56132477297e25d0d8c5702988ee11e231',
    '',
    'A', 'N', 'N',
    '2025-10-18', NULL,
    NOW(), 531773952, NULL,
    'Sushil Kumar',
    'DIVISIONAL ACCOUNTANT OFFICER',
    'HPPWD',
    531802112,
    6,
    95,
    true
);

-- [4/4] UM DATABASE - umst_user_role
INSERT INTO um.umst_user_role (
    user_role_id, uid, role_id, unit_id, operated_on, operated_by, tenant_id, is_data_ported
) VALUES (
    444303467162448, 
    91, 
    532193206, 
    349, 
    NOW(), 
    531773952, 
    531802112, 
    true
);

-- ----------------------------------------------------------------------


================================================================================
-- Employee: Priyanka  (51712.0)
-- Employee ID: 96 | UID: 92 | User Role ID: 444303467162449
================================================================================

-- [1/4] WAMIS DATABASE - amsm_employee
INSERT INTO wamis.amsm_employee (
    employee_id, emp_num, title, first_name, middle_name, last_name, full_name,
    office_id, is_active, operated_by, operated_on, tenant_id, status,
    joining_date, relieving_date, is_service_change, is_data_ported
) VALUES (
    96,
    '51712',
    'Ms.',
    'Priyanka',
    NULL,
    '-',
    'Priyanka',
    NULL,
    'Y', 531773952, NOW(), 531802112,
    'A',
    '2017-09-07',
    NULL,
    'N',
    true
);

-- [2/4] WAMIS DATABASE - amsm_employee_service
INSERT INTO wamis.amsm_employee_service (
    office_id, employee_id, designation_id, is_additional_charge,
    start_date, end_date, operated_by, operated_on, tenant_id,
    is_latest, anfn, status, is_data_ported
) VALUES (
    NULL,
    96,
    1,
    'N',
    '2024-07-08',
    NULL,
    531773952, NOW(), 531802112,
    'Y', 'A', 'A', true
);

-- [3/4] UM DATABASE - umsm_user
INSERT INTO um.umsm_user (
    uid, user_id, email_id, mobile_no, "password", old_password,
    employee_status, is_admin_user, is_internally_mapped,
    valid_from, valid_till, operated_on, operated_by, password_changed_on,
    "name", designation, company, tenant_id, designation_id, employee_id, is_data_ported
) VALUES (
    92, 
    '51712', 
    'gAAAAABpLWudyfGiw5sFEjhxJtSalLkSForOmXqqiOZfGjwPoNRf9Af-oNN4WrX49i1ZhxM2cB3ck8Z6TWjweQK-T2p85fLHBICSA5u424zEVTvyG5TabQo=', 
    'gAAAAABpLWud6TZfpSqLpcHfU5N6GwJFVpDESNlve3gz1nNAlMJ9V_smtgj3MnfBKpp9jPhLTnGed1B8V28Avyw6qVttADwp8A==', 
    '370ff199c75276a360640b2baffe4c56132477297e25d0d8c5702988ee11e231',
    '',
    'A', 'N', 'N',
    '2024-07-08', NULL,
    NOW(), 531773952, NULL,
    'Priyanka',
    'JUNIOR ENGINEER',
    'HPPWD',
    531802112,
    1,
    96,
    true
);

-- [4/4] UM DATABASE - umst_user_role
INSERT INTO um.umst_user_role (
    user_role_id, uid, role_id, unit_id, operated_on, operated_by, tenant_id, is_data_ported
) VALUES (
    444303467162449, 
    92, 
    532193206, 
    NULL, 
    NOW(), 
    531773952, 
    531802112, 
    true
);

-- ----------------------------------------------------------------------


================================================================================
-- Employee: Priyanka Kumari  (57252.0)
-- Employee ID: 97 | UID: 93 | User Role ID: 444303467162450
================================================================================

-- [1/4] WAMIS DATABASE - amsm_employee
INSERT INTO wamis.amsm_employee (
    employee_id, emp_num, title, first_name, middle_name, last_name, full_name,
    office_id, is_active, operated_by, operated_on, tenant_id, status,
    joining_date, relieving_date, is_service_change, is_data_ported
) VALUES (
    97,
    '57252',
    'Ms.',
    'Priyanka',
    NULL,
    'Kumari',
    'Priyanka Kumari',
    349,
    'Y', 531773952, NOW(), 531802112,
    'A',
    '2024-11-02',
    NULL,
    'N',
    true
);

-- [2/4] WAMIS DATABASE - amsm_employee_service
INSERT INTO wamis.amsm_employee_service (
    office_id, employee_id, designation_id, is_additional_charge,
    start_date, end_date, operated_by, operated_on, tenant_id,
    is_latest, anfn, status, is_data_ported
) VALUES (
    349,
    97,
    NULL,
    'N',
    '2024-11-02',
    NULL,
    531773952, NOW(), 531802112,
    'Y', 'A', 'A', true
);

-- [3/4] UM DATABASE - umsm_user
INSERT INTO um.umsm_user (
    uid, user_id, email_id, mobile_no, "password", old_password,
    employee_status, is_admin_user, is_internally_mapped,
    valid_from, valid_till, operated_on, operated_by, password_changed_on,
    "name", designation, company, tenant_id, designation_id, employee_id, is_data_ported
) VALUES (
    93, 
    '57252', 
    'gAAAAABpLWudBRYrcegvQTVJC_y6_dITAUNVIXIKZrLIJoeAqj1UW2E1slNGz7TGtJA2xr6q0idZxbvzCh-qM-ZnL5fZKow4DLnsTcxtCVB3XuYMGZDr5cE=', 
    'gAAAAABpLWudtvsWQrFRBFR_LF-kW_ZtxZ_k9U3NMwS19kU2gcWLEoWkoP7H7-LZnl_JGoRlTDm-k_wQQSMNUdNI1toR6Ur2Vw==', 
    '370ff199c75276a360640b2baffe4c56132477297e25d0d8c5702988ee11e231',
    '',
    'A', 'N', 'N',
    '2024-11-02', NULL,
    NOW(), 531773952, NULL,
    'Priyanka Kumari',
    'JUNIOR DRAUGHTSMAN',
    'HPPWD',
    531802112,
    NULL,
    97,
    true
);

-- [4/4] UM DATABASE - umst_user_role
INSERT INTO um.umst_user_role (
    user_role_id, uid, role_id, unit_id, operated_on, operated_by, tenant_id, is_data_ported
) VALUES (
    444303467162450, 
    93, 
    532193206, 
    349, 
    NOW(), 
    531773952, 
    531802112, 
    true
);

-- ----------------------------------------------------------------------


================================================================================
-- Employee: Anshul Chaudhary (56149.0)
-- Employee ID: 98 | UID: 94 | User Role ID: 444303467162451
================================================================================

-- [1/4] WAMIS DATABASE - amsm_employee
INSERT INTO wamis.amsm_employee (
    employee_id, emp_num, title, first_name, middle_name, last_name, full_name,
    office_id, is_active, operated_by, operated_on, tenant_id, status,
    joining_date, relieving_date, is_service_change, is_data_ported
) VALUES (
    98,
    '56149',
    'Mr.',
    'Anshul',
    NULL,
    'Chaudhary',
    'Anshul Chaudhary',
    380,
    'Y', 531773952, NOW(), 531802112,
    'A',
    '2017-02-15',
    NULL,
    'N',
    true
);

-- [2/4] WAMIS DATABASE - amsm_employee_service
INSERT INTO wamis.amsm_employee_service (
    office_id, employee_id, designation_id, is_additional_charge,
    start_date, end_date, operated_by, operated_on, tenant_id,
    is_latest, anfn, status, is_data_ported
) VALUES (
    380,
    98,
    2,
    'N',
    '2025-05-01',
    NULL,
    531773952, NOW(), 531802112,
    'Y', 'A', 'A', true
);

-- [3/4] UM DATABASE - umsm_user
INSERT INTO um.umsm_user (
    uid, user_id, email_id, mobile_no, "password", old_password,
    employee_status, is_admin_user, is_internally_mapped,
    valid_from, valid_till, operated_on, operated_by, password_changed_on,
    "name", designation, company, tenant_id, designation_id, employee_id, is_data_ported
) VALUES (
    94, 
    '56149', 
    'gAAAAABpLWudSy8Guise0u1uPgkDTF2mtqBqe4AdDj1_I3zJ4oCLmQ9GN1W0M6YDDqZ81BUFmz_vzY7L20QmD5PXup2yZzJAM-8HOfIqqTHEsl4_4wNyvks=', 
    'gAAAAABpLWudHz93oQ_AYqUtA1qXrt4L3ttmoiJga6NkF_iKNNEUwXGFQkIJKrFrPcOdHdqWaedxLlvSXqibQyxsdJNWEF04JA==', 
    '370ff199c75276a360640b2baffe4c56132477297e25d0d8c5702988ee11e231',
    '',
    'A', 'N', 'N',
    '2025-05-01', NULL,
    NOW(), 531773952, NULL,
    'Anshul Chaudhary',
    'ASSISTANT ENGINEER',
    'HPPWD',
    531802112,
    2,
    98,
    true
);

-- [4/4] UM DATABASE - umst_user_role
INSERT INTO um.umst_user_role (
    user_role_id, uid, role_id, unit_id, operated_on, operated_by, tenant_id, is_data_ported
) VALUES (
    444303467162451, 
    94, 
    532193206, 
    380, 
    NOW(), 
    531773952, 
    531802112, 
    true
);

-- ----------------------------------------------------------------------


================================================================================
-- Employee: Lekh Raj  (29836.0)
-- Employee ID: 99 | UID: 95 | User Role ID: 444303467162452
================================================================================

-- [1/4] WAMIS DATABASE - amsm_employee
INSERT INTO wamis.amsm_employee (
    employee_id, emp_num, title, first_name, middle_name, last_name, full_name,
    office_id, is_active, operated_by, operated_on, tenant_id, status,
    joining_date, relieving_date, is_service_change, is_data_ported
) VALUES (
    99,
    '29836',
    'Mr.',
    'Lekh',
    NULL,
    'Raj',
    'Lekh Raj',
    NULL,
    'Y', 531773952, NOW(), 531802112,
    'A',
    '1999-12-17',
    NULL,
    'N',
    true
);

-- [2/4] WAMIS DATABASE - amsm_employee_service
INSERT INTO wamis.amsm_employee_service (
    office_id, employee_id, designation_id, is_additional_charge,
    start_date, end_date, operated_by, operated_on, tenant_id,
    is_latest, anfn, status, is_data_ported
) VALUES (
    NULL,
    99,
    1,
    'N',
    '2023-09-01',
    NULL,
    531773952, NOW(), 531802112,
    'Y', 'A', 'A', true
);

-- [3/4] UM DATABASE - umsm_user
INSERT INTO um.umsm_user (
    uid, user_id, email_id, mobile_no, "password", old_password,
    employee_status, is_admin_user, is_internally_mapped,
    valid_from, valid_till, operated_on, operated_by, password_changed_on,
    "name", designation, company, tenant_id, designation_id, employee_id, is_data_ported
) VALUES (
    95, 
    '29836', 
    'gAAAAABpLWudDLXag79L8zUmlVPsNxQkBsEvWssgzQpub_nv_yjysClwzOO7akxM7tUgrbsdxAkwAJIhDS4Y3U1vd8R08EbfSrxYIJF8OoSzN7m4-WkLpK8=', 
    'gAAAAABpLWud3QhFGcv4amBhzvZG2alMJ-h1XXFOgMhvZ0g14Hvj0tMVHHtUTmswMf0BxE7vzOgVIyBAt0qc3Q9eP3BVw-0bAw==', 
    '370ff199c75276a360640b2baffe4c56132477297e25d0d8c5702988ee11e231',
    '',
    'A', 'N', 'N',
    '2023-09-01', NULL,
    NOW(), 531773952, NULL,
    'Lekh Raj',
    'JUNIOR ENGINEER',
    'HPPWD',
    531802112,
    1,
    99,
    true
);

-- [4/4] UM DATABASE - umst_user_role
INSERT INTO um.umst_user_role (
    user_role_id, uid, role_id, unit_id, operated_on, operated_by, tenant_id, is_data_ported
) VALUES (
    444303467162452, 
    95, 
    532193206, 
    NULL, 
    NOW(), 
    531773952, 
    531802112, 
    true
);

-- ----------------------------------------------------------------------


================================================================================
-- Employee: Arjun Katoch  (53977.0)
-- Employee ID: 100 | UID: 96 | User Role ID: 444303467162453
================================================================================

-- [1/4] WAMIS DATABASE - amsm_employee
INSERT INTO wamis.amsm_employee (
    employee_id, emp_num, title, first_name, middle_name, last_name, full_name,
    office_id, is_active, operated_by, operated_on, tenant_id, status,
    joining_date, relieving_date, is_service_change, is_data_ported
) VALUES (
    100,
    '53977',
    'Mr.',
    'Arjun',
    NULL,
    'Katoch',
    'Arjun Katoch',
    NULL,
    'Y', 531773952, NOW(), 531802112,
    'A',
    '2017-08-29',
    NULL,
    'N',
    true
);

-- [2/4] WAMIS DATABASE - amsm_employee_service
INSERT INTO wamis.amsm_employee_service (
    office_id, employee_id, designation_id, is_additional_charge,
    start_date, end_date, operated_by, operated_on, tenant_id,
    is_latest, anfn, status, is_data_ported
) VALUES (
    NULL,
    100,
    1,
    'N',
    '2024-03-05',
    NULL,
    531773952, NOW(), 531802112,
    'Y', 'A', 'A', true
);

-- [3/4] UM DATABASE - umsm_user
INSERT INTO um.umsm_user (
    uid, user_id, email_id, mobile_no, "password", old_password,
    employee_status, is_admin_user, is_internally_mapped,
    valid_from, valid_till, operated_on, operated_by, password_changed_on,
    "name", designation, company, tenant_id, designation_id, employee_id, is_data_ported
) VALUES (
    96, 
    '53977', 
    'gAAAAABpLWudQNtKuN2rQxrEkCKJwFMt3ufl_AlyjkjVPDZgRhEtWEW8THUJAM5_-sMcuStrxzZCDZWxrerVInjDGh7WeNsYFgTq9um1ZsjWLNMGEualI-0=', 
    'gAAAAABpLWudmEkDTyy3YvfPTrGC-xP7FWs3ur9dhuxElSNOj0u9p7mapeBiYz22Ovpde1ar4dcBb-SLv0_oejAAAhMik0TZoQ==', 
    '370ff199c75276a360640b2baffe4c56132477297e25d0d8c5702988ee11e231',
    '',
    'A', 'N', 'N',
    '2024-03-05', NULL,
    NOW(), 531773952, NULL,
    'Arjun Katoch',
    'JUNIOR ENGINEER',
    'HPPWD',
    531802112,
    1,
    100,
    true
);

-- [4/4] UM DATABASE - umst_user_role
INSERT INTO um.umst_user_role (
    user_role_id, uid, role_id, unit_id, operated_on, operated_by, tenant_id, is_data_ported
) VALUES (
    444303467162453, 
    96, 
    532193206, 
    NULL, 
    NOW(), 
    531773952, 
    531802112, 
    true
);

-- ----------------------------------------------------------------------


================================================================================
-- Employee: Jitender Thakur (55029.0)
-- Employee ID: 101 | UID: 97 | User Role ID: 444303467162454
================================================================================

-- [1/4] WAMIS DATABASE - amsm_employee
INSERT INTO wamis.amsm_employee (
    employee_id, emp_num, title, first_name, middle_name, last_name, full_name,
    office_id, is_active, operated_by, operated_on, tenant_id, status,
    joining_date, relieving_date, is_service_change, is_data_ported
) VALUES (
    101,
    '55029',
    'Mr.',
    'Jitender',
    NULL,
    'Thakur',
    'Jitender Thakur',
    NULL,
    'Y', 531773952, NOW(), 531802112,
    'A',
    '2016-02-23',
    NULL,
    'N',
    true
);

-- [2/4] WAMIS DATABASE - amsm_employee_service
INSERT INTO wamis.amsm_employee_service (
    office_id, employee_id, designation_id, is_additional_charge,
    start_date, end_date, operated_by, operated_on, tenant_id,
    is_latest, anfn, status, is_data_ported
) VALUES (
    NULL,
    101,
    1,
    'N',
    '2022-09-09',
    NULL,
    531773952, NOW(), 531802112,
    'Y', 'A', 'A', true
);

-- [3/4] UM DATABASE - umsm_user
INSERT INTO um.umsm_user (
    uid, user_id, email_id, mobile_no, "password", old_password,
    employee_status, is_admin_user, is_internally_mapped,
    valid_from, valid_till, operated_on, operated_by, password_changed_on,
    "name", designation, company, tenant_id, designation_id, employee_id, is_data_ported
) VALUES (
    97, 
    '55029', 
    'gAAAAABpLWudebIkMbKs_zs8KN3xBhsHF4esLkcnTLGOtMQ8mM_WB0zFchTvwB-YRPMu2fpUeIoW73yyJT9SXlouNJLljR_IaikhtiSPfYE6tWWMOyLJqSw=', 
    'gAAAAABpLWudXtHXfBuJoz4VwGg7LF_ae2wgK_dKn9a38_OaUDCw85DbyOz5PBtM6zRaecMMXbwQ_dFRHMawTCBBghSFTdy1mw==', 
    '370ff199c75276a360640b2baffe4c56132477297e25d0d8c5702988ee11e231',
    '',
    'A', 'N', 'N',
    '2022-09-09', NULL,
    NOW(), 531773952, NULL,
    'Jitender Thakur',
    'JUNIOR ENGINEER',
    'HPPWD',
    531802112,
    1,
    101,
    true
);

-- [4/4] UM DATABASE - umst_user_role
INSERT INTO um.umst_user_role (
    user_role_id, uid, role_id, unit_id, operated_on, operated_by, tenant_id, is_data_ported
) VALUES (
    444303467162454, 
    97, 
    532193206, 
    NULL, 
    NOW(), 
    531773952, 
    531802112, 
    true
);

-- ----------------------------------------------------------------------


================================================================================
-- Employee: Satish Kumar  (45707.0)
-- Employee ID: 102 | UID: 98 | User Role ID: 444303467162455
================================================================================

-- [1/4] WAMIS DATABASE - amsm_employee
INSERT INTO wamis.amsm_employee (
    employee_id, emp_num, title, first_name, middle_name, last_name, full_name,
    office_id, is_active, operated_by, operated_on, tenant_id, status,
    joining_date, relieving_date, is_service_change, is_data_ported
) VALUES (
    102,
    '45707',
    'Mr.',
    'Satish',
    NULL,
    'Kumar',
    'Satish Kumar',
    382,
    'Y', 531773952, NOW(), 531802112,
    'A',
    '1999-04-01',
    NULL,
    'N',
    true
);

-- [2/4] WAMIS DATABASE - amsm_employee_service
INSERT INTO wamis.amsm_employee_service (
    office_id, employee_id, designation_id, is_additional_charge,
    start_date, end_date, operated_by, operated_on, tenant_id,
    is_latest, anfn, status, is_data_ported
) VALUES (
    382,
    102,
    2,
    'N',
    '2023-11-28',
    NULL,
    531773952, NOW(), 531802112,
    'Y', 'A', 'A', true
);

-- [3/4] UM DATABASE - umsm_user
INSERT INTO um.umsm_user (
    uid, user_id, email_id, mobile_no, "password", old_password,
    employee_status, is_admin_user, is_internally_mapped,
    valid_from, valid_till, operated_on, operated_by, password_changed_on,
    "name", designation, company, tenant_id, designation_id, employee_id, is_data_ported
) VALUES (
    98, 
    '45707', 
    'gAAAAABpLWudPNjoYD5YiO-upbNr1oJUvq_JYjMKoSSRjGE5TvMYpEf82Zbbmod4Fm_2vp6vZnWu3bCuBxNDeJzuB2pJKxM-bcsNZGKTCIzg7t0e__adYaw=', 
    'gAAAAABpLWudqSqTGGjZiQIXfB7lcbmTTT12_BthwnDyKQaMHJnr1u4x1QeRBqcBSkyXS_H31x2a8QU97sK9N-uO984M_4DGsw==', 
    '370ff199c75276a360640b2baffe4c56132477297e25d0d8c5702988ee11e231',
    '',
    'A', 'N', 'N',
    '2023-11-28', NULL,
    NOW(), 531773952, NULL,
    'Satish Kumar',
    'ASSISTANT ENGINEER',
    'HPPWD',
    531802112,
    2,
    102,
    true
);

-- [4/4] UM DATABASE - umst_user_role
INSERT INTO um.umst_user_role (
    user_role_id, uid, role_id, unit_id, operated_on, operated_by, tenant_id, is_data_ported
) VALUES (
    444303467162455, 
    98, 
    532193206, 
    382, 
    NOW(), 
    531773952, 
    531802112, 
    true
);

-- ----------------------------------------------------------------------


================================================================================
-- Employee: Khem Chand  (37866.0)
-- Employee ID: 103 | UID: 99 | User Role ID: 444303467162456
================================================================================

-- [1/4] WAMIS DATABASE - amsm_employee
INSERT INTO wamis.amsm_employee (
    employee_id, emp_num, title, first_name, middle_name, last_name, full_name,
    office_id, is_active, operated_by, operated_on, tenant_id, status,
    joining_date, relieving_date, is_service_change, is_data_ported
) VALUES (
    103,
    '37866',
    'Mr.',
    'Khem',
    NULL,
    'Chand',
    'Khem Chand',
    NULL,
    'Y', 531773952, NOW(), 531802112,
    'A',
    '2007-01-09',
    NULL,
    'N',
    true
);

-- [2/4] WAMIS DATABASE - amsm_employee_service
INSERT INTO wamis.amsm_employee_service (
    office_id, employee_id, designation_id, is_additional_charge,
    start_date, end_date, operated_by, operated_on, tenant_id,
    is_latest, anfn, status, is_data_ported
) VALUES (
    NULL,
    103,
    1,
    'N',
    '2024-08-01',
    NULL,
    531773952, NOW(), 531802112,
    'Y', 'A', 'A', true
);

-- [3/4] UM DATABASE - umsm_user
INSERT INTO um.umsm_user (
    uid, user_id, email_id, mobile_no, "password", old_password,
    employee_status, is_admin_user, is_internally_mapped,
    valid_from, valid_till, operated_on, operated_by, password_changed_on,
    "name", designation, company, tenant_id, designation_id, employee_id, is_data_ported
) VALUES (
    99, 
    '37866', 
    'gAAAAABpLWud98tSFjTy6jE08IMqsTKbjuxiRKJ1vH2JNHgGkwVamJzeFy0EYKqWHdU8omP74DnSc-WC-o1F272CPPsEnY6mr788FcQ82IE40B9PebPeaO0=', 
    'gAAAAABpLWud_-K3R1Y2fSpdQ0ZOABoNBEPm4gRiF0mdaeeaEjb0FiRU3zzzFIX0JxeDzeuTRwaqodwf1gkz1-1M9ud1GyIiUQ==', 
    '370ff199c75276a360640b2baffe4c56132477297e25d0d8c5702988ee11e231',
    '',
    'A', 'N', 'N',
    '2024-08-01', NULL,
    NOW(), 531773952, NULL,
    'Khem Chand',
    'JUNIOR ENGINEER',
    'HPPWD',
    531802112,
    1,
    103,
    true
);

-- [4/4] UM DATABASE - umst_user_role
INSERT INTO um.umst_user_role (
    user_role_id, uid, role_id, unit_id, operated_on, operated_by, tenant_id, is_data_ported
) VALUES (
    444303467162456, 
    99, 
    532193206, 
    NULL, 
    NOW(), 
    531773952, 
    531802112, 
    true
);

-- ----------------------------------------------------------------------


================================================================================
-- Employee: Bharat Bhushan Gupta  (54181.0)
-- Employee ID: 104 | UID: 100 | User Role ID: 444303467162457
================================================================================

-- [1/4] WAMIS DATABASE - amsm_employee
INSERT INTO wamis.amsm_employee (
    employee_id, emp_num, title, first_name, middle_name, last_name, full_name,
    office_id, is_active, operated_by, operated_on, tenant_id, status,
    joining_date, relieving_date, is_service_change, is_data_ported
) VALUES (
    104,
    '54181',
    'Mr.',
    'Bharat',
    'Bhushan',
    'Gupta',
    'Bharat Bhushan Gupta',
    NULL,
    'Y', 531773952, NOW(), 531802112,
    'A',
    '2012-05-03',
    NULL,
    'N',
    true
);

-- [2/4] WAMIS DATABASE - amsm_employee_service
INSERT INTO wamis.amsm_employee_service (
    office_id, employee_id, designation_id, is_additional_charge,
    start_date, end_date, operated_by, operated_on, tenant_id,
    is_latest, anfn, status, is_data_ported
) VALUES (
    NULL,
    104,
    1,
    'N',
    '2024-02-21',
    NULL,
    531773952, NOW(), 531802112,
    'Y', 'A', 'A', true
);

-- [3/4] UM DATABASE - umsm_user
INSERT INTO um.umsm_user (
    uid, user_id, email_id, mobile_no, "password", old_password,
    employee_status, is_admin_user, is_internally_mapped,
    valid_from, valid_till, operated_on, operated_by, password_changed_on,
    "name", designation, company, tenant_id, designation_id, employee_id, is_data_ported
) VALUES (
    100, 
    '54181', 
    'gAAAAABpLWudw-sP_DwaC9_kSJEyGkuedhriAINT3xmvSXv_fPoROU08a_6ucCaYhThYYrxTw3u2fpYYz6svcB5dqDuI7LfXMJcDd0fG659vYhShb3dhm_8=', 
    'gAAAAABpLWudsZi3Nj3P23cACW_NfNxy6aX_pv3TpUJ28J5qmXXAmt6Dpa1rHQxhMWBzV3OzrY-Iavta7nWJnJDTyw75yo9VgA==', 
    '370ff199c75276a360640b2baffe4c56132477297e25d0d8c5702988ee11e231',
    '',
    'A', 'N', 'N',
    '2024-02-21', NULL,
    NOW(), 531773952, NULL,
    'Bharat Bhushan Gupta',
    'JUNIOR ENGINEER',
    'HPPWD',
    531802112,
    1,
    104,
    true
);

-- [4/4] UM DATABASE - umst_user_role
INSERT INTO um.umst_user_role (
    user_role_id, uid, role_id, unit_id, operated_on, operated_by, tenant_id, is_data_ported
) VALUES (
    444303467162457, 
    100, 
    532193206, 
    NULL, 
    NOW(), 
    531773952, 
    531802112, 
    true
);

-- ----------------------------------------------------------------------


================================================================================
-- Employee: Yugal Kishore (52217.0)
-- Employee ID: 105 | UID: 101 | User Role ID: 444303467162458
================================================================================

-- [1/4] WAMIS DATABASE - amsm_employee
INSERT INTO wamis.amsm_employee (
    employee_id, emp_num, title, first_name, middle_name, last_name, full_name,
    office_id, is_active, operated_by, operated_on, tenant_id, status,
    joining_date, relieving_date, is_service_change, is_data_ported
) VALUES (
    105,
    '52217',
    'Mr.',
    'Yugal',
    NULL,
    'Kishore',
    'Yugal Kishore',
    381,
    'Y', 531773952, NOW(), 531802112,
    'A',
    '2015-11-09',
    NULL,
    'N',
    true
);

-- [2/4] WAMIS DATABASE - amsm_employee_service
INSERT INTO wamis.amsm_employee_service (
    office_id, employee_id, designation_id, is_additional_charge,
    start_date, end_date, operated_by, operated_on, tenant_id,
    is_latest, anfn, status, is_data_ported
) VALUES (
    381,
    105,
    2,
    'N',
    '2025-07-01',
    NULL,
    531773952, NOW(), 531802112,
    'Y', 'A', 'A', true
);

-- [3/4] UM DATABASE - umsm_user
INSERT INTO um.umsm_user (
    uid, user_id, email_id, mobile_no, "password", old_password,
    employee_status, is_admin_user, is_internally_mapped,
    valid_from, valid_till, operated_on, operated_by, password_changed_on,
    "name", designation, company, tenant_id, designation_id, employee_id, is_data_ported
) VALUES (
    101, 
    '52217', 
    'gAAAAABpLWudlRNPCCanXwb2IgfHYQ67sdjxqXpAjppvGYqx3sXkY5R00ch5b5QfO8FPx2-XCluQ3FeDDeGPRVvMy-NhfBYe50G15CFZxtlZgVZhsxvF8kI=', 
    'gAAAAABpLWudmjg2Ogzwi7DyHlAKBpr5xO0WsFDRcXGX9SvkYcpauSEPfwOAx1lvSnifkDpAFZ7hE_MPyj-SzA_jiKFqtamt5g==', 
    '370ff199c75276a360640b2baffe4c56132477297e25d0d8c5702988ee11e231',
    '',
    'A', 'N', 'N',
    '2025-07-01', NULL,
    NOW(), 531773952, NULL,
    'Yugal Kishore',
    'ASSISTANT ENGINEER',
    'HPPWD',
    531802112,
    2,
    105,
    true
);

-- [4/4] UM DATABASE - umst_user_role
INSERT INTO um.umst_user_role (
    user_role_id, uid, role_id, unit_id, operated_on, operated_by, tenant_id, is_data_ported
) VALUES (
    444303467162458, 
    101, 
    532193206, 
    381, 
    NOW(), 
    531773952, 
    531802112, 
    true
);

-- ----------------------------------------------------------------------


================================================================================
-- Employee: Suresh Kumar  (50542.0)
-- Employee ID: 106 | UID: 102 | User Role ID: 444303467162459
================================================================================

-- [1/4] WAMIS DATABASE - amsm_employee
INSERT INTO wamis.amsm_employee (
    employee_id, emp_num, title, first_name, middle_name, last_name, full_name,
    office_id, is_active, operated_by, operated_on, tenant_id, status,
    joining_date, relieving_date, is_service_change, is_data_ported
) VALUES (
    106,
    '50542',
    'Mr.',
    'Suresh',
    NULL,
    'Kumar',
    'Suresh Kumar',
    NULL,
    'Y', 531773952, NOW(), 531802112,
    'A',
    '2013-09-30',
    NULL,
    'N',
    true
);

-- [2/4] WAMIS DATABASE - amsm_employee_service
INSERT INTO wamis.amsm_employee_service (
    office_id, employee_id, designation_id, is_additional_charge,
    start_date, end_date, operated_by, operated_on, tenant_id,
    is_latest, anfn, status, is_data_ported
) VALUES (
    NULL,
    106,
    1,
    'N',
    '2022-06-29',
    NULL,
    531773952, NOW(), 531802112,
    'Y', 'A', 'A', true
);

-- [3/4] UM DATABASE - umsm_user
INSERT INTO um.umsm_user (
    uid, user_id, email_id, mobile_no, "password", old_password,
    employee_status, is_admin_user, is_internally_mapped,
    valid_from, valid_till, operated_on, operated_by, password_changed_on,
    "name", designation, company, tenant_id, designation_id, employee_id, is_data_ported
) VALUES (
    102, 
    '50542', 
    'gAAAAABpLWudF6aJ06qZj1hXz2rgZEuzZmvTIEicVLalhaqsPuyzA0sukibnveqatMlSIgH5zS6WNH2clU0BCQk__-HCxlPa6S3mD2UR19GY25z0qzhQVmc=', 
    'gAAAAABpLWudba8-P18wWJ-lbo6-daOglWEVVmcX1vDYdpPNsemh3EStbw1Ln-ofkcU1VefNfbgB8Dl3nn2rhhphBECWIPm2iA==', 
    '370ff199c75276a360640b2baffe4c56132477297e25d0d8c5702988ee11e231',
    '',
    'A', 'N', 'N',
    '2022-06-29', NULL,
    NOW(), 531773952, NULL,
    'Suresh Kumar',
    'JUNIOR ENGINEER',
    'HPPWD',
    531802112,
    1,
    106,
    true
);

-- [4/4] UM DATABASE - umst_user_role
INSERT INTO um.umst_user_role (
    user_role_id, uid, role_id, unit_id, operated_on, operated_by, tenant_id, is_data_ported
) VALUES (
    444303467162459, 
    102, 
    532193206, 
    NULL, 
    NOW(), 
    531773952, 
    531802112, 
    true
);

-- ----------------------------------------------------------------------


================================================================================
-- Employee: Manoj Kumar  (38013.0)
-- Employee ID: 107 | UID: 103 | User Role ID: 444303467162460
================================================================================

-- [1/4] WAMIS DATABASE - amsm_employee
INSERT INTO wamis.amsm_employee (
    employee_id, emp_num, title, first_name, middle_name, last_name, full_name,
    office_id, is_active, operated_by, operated_on, tenant_id, status,
    joining_date, relieving_date, is_service_change, is_data_ported
) VALUES (
    107,
    '38013',
    'Mr.',
    'Manoj',
    NULL,
    'Kumar',
    'Manoj Kumar',
    NULL,
    'Y', 531773952, NOW(), 531802112,
    'A',
    '1994-07-21',
    NULL,
    'N',
    true
);

-- [2/4] WAMIS DATABASE - amsm_employee_service
INSERT INTO wamis.amsm_employee_service (
    office_id, employee_id, designation_id, is_additional_charge,
    start_date, end_date, operated_by, operated_on, tenant_id,
    is_latest, anfn, status, is_data_ported
) VALUES (
    NULL,
    107,
    1,
    'N',
    '2024-07-12',
    NULL,
    531773952, NOW(), 531802112,
    'Y', 'A', 'A', true
);

-- [3/4] UM DATABASE - umsm_user
INSERT INTO um.umsm_user (
    uid, user_id, email_id, mobile_no, "password", old_password,
    employee_status, is_admin_user, is_internally_mapped,
    valid_from, valid_till, operated_on, operated_by, password_changed_on,
    "name", designation, company, tenant_id, designation_id, employee_id, is_data_ported
) VALUES (
    103, 
    '38013', 
    'gAAAAABpLWudBchv2l-vbdtADC4KplEM1F97fSIoaXKpEDug5XbTqSnTiStG8MOXrRZ64dhH7KVv3qeTrwMrwmQZLeI6hn2s_-yYua0HdZUThUyBe5IjJD4=', 
    'gAAAAABpLWud8kG8eqPY-FpcIS45_DIC33lNonmSJRe0rdZBrqO4VFXeh9LZgucV0ALjuDDMb2RwSoN6mi58UKx0gNnv2f1vjQ==', 
    '370ff199c75276a360640b2baffe4c56132477297e25d0d8c5702988ee11e231',
    '',
    'A', 'N', 'N',
    '2024-07-12', NULL,
    NOW(), 531773952, NULL,
    'Manoj Kumar',
    'JUNIOR ENGINEER',
    'HPPWD',
    531802112,
    1,
    107,
    true
);

-- [4/4] UM DATABASE - umst_user_role
INSERT INTO um.umst_user_role (
    user_role_id, uid, role_id, unit_id, operated_on, operated_by, tenant_id, is_data_ported
) VALUES (
    444303467162460, 
    103, 
    532193206, 
    NULL, 
    NOW(), 
    531773952, 
    531802112, 
    true
);

-- ----------------------------------------------------------------------


================================================================================
-- Employee: Pushp Raj  (14559.0)
-- Employee ID: 108 | UID: 104 | User Role ID: 444303467162461
================================================================================

-- [1/4] WAMIS DATABASE - amsm_employee
INSERT INTO wamis.amsm_employee (
    employee_id, emp_num, title, first_name, middle_name, last_name, full_name,
    office_id, is_active, operated_by, operated_on, tenant_id, status,
    joining_date, relieving_date, is_service_change, is_data_ported
) VALUES (
    108,
    '14559',
    'Mr.',
    'Pushp',
    NULL,
    'Raj',
    'Pushp Raj',
    NULL,
    'Y', 531773952, NOW(), 531802112,
    'A',
    '2001-01-01',
    NULL,
    'N',
    true
);

-- [2/4] WAMIS DATABASE - amsm_employee_service
INSERT INTO wamis.amsm_employee_service (
    office_id, employee_id, designation_id, is_additional_charge,
    start_date, end_date, operated_by, operated_on, tenant_id,
    is_latest, anfn, status, is_data_ported
) VALUES (
    NULL,
    108,
    1,
    'N',
    '2024-03-16',
    NULL,
    531773952, NOW(), 531802112,
    'Y', 'A', 'A', true
);

-- [3/4] UM DATABASE - umsm_user
INSERT INTO um.umsm_user (
    uid, user_id, email_id, mobile_no, "password", old_password,
    employee_status, is_admin_user, is_internally_mapped,
    valid_from, valid_till, operated_on, operated_by, password_changed_on,
    "name", designation, company, tenant_id, designation_id, employee_id, is_data_ported
) VALUES (
    104, 
    '14559', 
    'gAAAAABpLWudfvOEDY7ow4X4AmEsN--Z397hHxTPDG7xvpV8uTy_XXGN4YueXSR4Htek8Ph-VmkRaCDmBmkSnJ5EmJa2BQVuppw-TEq_Rp_Tmv-GPA3TQQY=', 
    'gAAAAABpLWudaGT1Hsz1Ew_O5cYHasxeoVYNVs27tgO5Yyt8u6uti1yc-ozdeAn42wfCWjioxwuuhH7PTUXYSMUpx71qdwPvhg==', 
    '370ff199c75276a360640b2baffe4c56132477297e25d0d8c5702988ee11e231',
    '',
    'A', 'N', 'N',
    '2024-03-16', NULL,
    NOW(), 531773952, NULL,
    'Pushp Raj',
    'JUNIOR ENGINEER',
    'HPPWD',
    531802112,
    1,
    108,
    true
);

-- [4/4] UM DATABASE - umst_user_role
INSERT INTO um.umst_user_role (
    user_role_id, uid, role_id, unit_id, operated_on, operated_by, tenant_id, is_data_ported
) VALUES (
    444303467162461, 
    104, 
    532193206, 
    NULL, 
    NOW(), 
    531773952, 
    531802112, 
    true
);

-- ----------------------------------------------------------------------

COMMIT;

-- Total records processed: 15
-- Total errors: 10