-- Generated SQL Insert Queries
-- Generated on: 2025-12-01 15:29:00
-- ================================================================================
BEGIN;


================================================================================
-- Employee: Ram Kumar Sharma  (11425.0)
-- Employee ID: 94 | UID: 90 | User Role ID: 444303467162447
================================================================================

-- [1/4] WAMIS DATABASE - amsm_employee
INSERT INTO wamis.amsm_employee (
    employee_id, emp_num, title, first_name, middle_name, last_name, full_name,
    office_id, is_active, operated_by, operated_on, tenant_id, status,
    joining_date, relieving_date, is_service_change, is_data_ported
) VALUES (
    94,
    '11425',
    'Mr.',
    'Ram',
    'Kumar',
    'Sharma',
    'Ram Kumar Sharma',
    NULL,
    'Y', 531773952, NOW(), 531802112,
    'A',
    '2007-07-18',
    NULL,
    'N',
    true
);

-- [2/4] WAMIS DATABASE - amsm_employee_service
INSERT INTO wamis.amsm_employee_service (
    office_id, employee_id, designation_id, is_additional_charge,
    start_date, end_date, operated_by, operated_on, tenant_id,
    is_latest, anfn, status, is_data_ported
) VALUES (
    NULL,
    94,
    2,
    'N',
    '2023-08-05',
    NULL,
    531773952, NOW(), 531802112,
    'Y', 'A', 'A', true
);

-- [3/4] UM DATABASE - umsm_user
INSERT INTO um.umsm_user (
    uid, user_id, email_id, mobile_no, "password", old_password,
    employee_status, is_admin_user, is_internally_mapped,
    valid_from, valid_till, operated_on, operated_by, password_changed_on,
    "name", designation, company, tenant_id, designation_id, employee_id, is_data_ported
) VALUES (
    90, 
    '11425', 
    'gAAAAABpLWbkQikkbHuT7Q8PZgYEv1hrt3aKBfxr1O8Y0UmKd9O56hnuV5PqXKI4uN8vMmNYU7UnVFWQrFciS9kNqUJZf2DijiUC8CoV5HAS9c8PC09KEEE=', 
    'gAAAAABpLWbkv5-cS1A0wGKfybd-uKhVwJmBuu3XB9KeUKoG0mk66Svf41ih6xoR8-dcDfbTCSTLl2WZCcc_Y0SqVol1HrSqVw==', 
    '370ff199c75276a360640b2baffe4c56132477297e25d0d8c5702988ee11e231',
    '',
    'A', 'N', 'N',
    '2023-08-05', NULL,
    NOW(), 531773952, NULL,
    'Ram Kumar Sharma',
    'ASSISTANT ENGINEER',
    'HPPWD',
    531802112,
    2,
    94,
    true
);

-- [4/4] UM DATABASE - umst_user_role
INSERT INTO um.umst_user_role (
    user_role_id, uid, role_id, unit_id, operated_on, operated_by, tenant_id, is_data_ported
) VALUES (
    444303467162447, 
    90, 
    532193206, 
    NULL, 
    NOW(), 
    531773952, 
    531802112, 
    true
);

-- ----------------------------------------------------------------------


================================================================================
-- Employee: Sushil Kumar  (45354.0)
-- Employee ID: 95 | UID: 91 | User Role ID: 444303467162448
================================================================================

-- [1/4] WAMIS DATABASE - amsm_employee
INSERT INTO wamis.amsm_employee (
    employee_id, emp_num, title, first_name, middle_name, last_name, full_name,
    office_id, is_active, operated_by, operated_on, tenant_id, status,
    joining_date, relieving_date, is_service_change, is_data_ported
) VALUES (
    95,
    '45354',
    'Mr.',
    'Sushil',
    NULL,
    'Kumar',
    'Sushil Kumar',
    NULL,
    'Y', 531773952, NOW(), 531802112,
    'A',
    '2004-12-20',
    NULL,
    'N',
    true
);

-- [2/4] WAMIS DATABASE - amsm_employee_service
INSERT INTO wamis.amsm_employee_service (
    office_id, employee_id, designation_id, is_additional_charge,
    start_date, end_date, operated_by, operated_on, tenant_id,
    is_latest, anfn, status, is_data_ported
) VALUES (
    NULL,
    95,
    6,
    'N',
    '2025-10-18',
    NULL,
    531773952, NOW(), 531802112,
    'Y', 'A', 'A', true
);

-- [3/4] UM DATABASE - umsm_user
INSERT INTO um.umsm_user (
    uid, user_id, email_id, mobile_no, "password", old_password,
    employee_status, is_admin_user, is_internally_mapped,
    valid_from, valid_till, operated_on, operated_by, password_changed_on,
    "name", designation, company, tenant_id, designation_id, employee_id, is_data_ported
) VALUES (
    91, 
    '45354', 
    'gAAAAABpLWbkSYlvK6_DgLvxz4Rs2VdPxcAPK82QKavlEMXRV17QViwlDxzGrum4HK15Nq96Ko67oQYBGnHtLusdH24BmZFTf_rp6xdplU8KTkQHoIIbJaQ=', 
    'gAAAAABpLWbk7OhjwbuTy0agnt5B-YM95ySS7GQNFI_0gkh6Tlwc3ykkQZp69S13yoaLIdUL4z7sxo0ZkbhSD0ZUNCvBZf5gzw==', 
    '370ff199c75276a360640b2baffe4c56132477297e25d0d8c5702988ee11e231',
    '',
    'A', 'N', 'N',
    '2025-10-18', NULL,
    NOW(), 531773952, NULL,
    'Sushil Kumar',
    'DIVISIONAL ACCOUNTANT OFFICER',
    'HPPWD',
    531802112,
    6,
    95,
    true
);

-- [4/4] UM DATABASE - umst_user_role
INSERT INTO um.umst_user_role (
    user_role_id, uid, role_id, unit_id, operated_on, operated_by, tenant_id, is_data_ported
) VALUES (
    444303467162448, 
    91, 
    532193206, 
    NULL, 
    NOW(), 
    531773952, 
    531802112, 
    true
);

-- ----------------------------------------------------------------------


================================================================================
-- Employee: Priyanka  (51712.0)
-- Employee ID: 96 | UID: 92 | User Role ID: 444303467162449
================================================================================

-- [1/4] WAMIS DATABASE - amsm_employee
INSERT INTO wamis.amsm_employee (
    employee_id, emp_num, title, first_name, middle_name, last_name, full_name,
    office_id, is_active, operated_by, operated_on, tenant_id, status,
    joining_date, relieving_date, is_service_change, is_data_ported
) VALUES (
    96,
    '51712',
    'Ms.',
    'Priyanka',
    NULL,
    '-',
    'Priyanka',
    NULL,
    'Y', 531773952, NOW(), 531802112,
    'A',
    '2017-09-07',
    NULL,
    'N',
    true
);

-- [2/4] WAMIS DATABASE - amsm_employee_service
INSERT INTO wamis.amsm_employee_service (
    office_id, employee_id, designation_id, is_additional_charge,
    start_date, end_date, operated_by, operated_on, tenant_id,
    is_latest, anfn, status, is_data_ported
) VALUES (
    NULL,
    96,
    1,
    'N',
    '2024-07-08',
    NULL,
    531773952, NOW(), 531802112,
    'Y', 'A', 'A', true
);

-- [3/4] UM DATABASE - umsm_user
INSERT INTO um.umsm_user (
    uid, user_id, email_id, mobile_no, "password", old_password,
    employee_status, is_admin_user, is_internally_mapped,
    valid_from, valid_till, operated_on, operated_by, password_changed_on,
    "name", designation, company, tenant_id, designation_id, employee_id, is_data_ported
) VALUES (
    92, 
    '51712', 
    'gAAAAABpLWbksiHATIeUiWlshcqRQ1M6525p1PIsdzC8svsAUB711BZs6-jSoH-jEzRNxZ1fCbgYTyH3ylqMNcd71OhKq1Ol12ztAug-PpYjPP1CS768GmA=', 
    'gAAAAABpLWbkOW1diVfNAIwfM2CG4qG_iWHeCdqmPjyz8NxfkK3R2YUSzEFgU5gi4ompi7vOQQeB1MscD2kO7K-IZiFaN3YCmw==', 
    '370ff199c75276a360640b2baffe4c56132477297e25d0d8c5702988ee11e231',
    '',
    'A', 'N', 'N',
    '2024-07-08', NULL,
    NOW(), 531773952, NULL,
    'Priyanka',
    'JUNIOR ENGINEER',
    'HPPWD',
    531802112,
    1,
    96,
    true
);

-- [4/4] UM DATABASE - umst_user_role
INSERT INTO um.umst_user_role (
    user_role_id, uid, role_id, unit_id, operated_on, operated_by, tenant_id, is_data_ported
) VALUES (
    444303467162449, 
    92, 
    532193206, 
    NULL, 
    NOW(), 
    531773952, 
    531802112, 
    true
);

-- ----------------------------------------------------------------------


================================================================================
-- Employee: Priyanka Kumari  (57252.0)
-- Employee ID: 97 | UID: 93 | User Role ID: 444303467162450
================================================================================

-- [1/4] WAMIS DATABASE - amsm_employee
INSERT INTO wamis.amsm_employee (
    employee_id, emp_num, title, first_name, middle_name, last_name, full_name,
    office_id, is_active, operated_by, operated_on, tenant_id, status,
    joining_date, relieving_date, is_service_change, is_data_ported
) VALUES (
    97,
    '57252',
    'Ms.',
    'Priyanka',
    NULL,
    'Kumari',
    'Priyanka Kumari',
    NULL,
    'Y', 531773952, NOW(), 531802112,
    'A',
    '2024-11-02',
    NULL,
    'N',
    true
);

-- [2/4] WAMIS DATABASE - amsm_employee_service
INSERT INTO wamis.amsm_employee_service (
    office_id, employee_id, designation_id, is_additional_charge,
    start_date, end_date, operated_by, operated_on, tenant_id,
    is_latest, anfn, status, is_data_ported
) VALUES (
    NULL,
    97,
    NULL,
    'N',
    '2024-11-02',
    NULL,
    531773952, NOW(), 531802112,
    'Y', 'A', 'A', true
);

-- [3/4] UM DATABASE - umsm_user
INSERT INTO um.umsm_user (
    uid, user_id, email_id, mobile_no, "password", old_password,
    employee_status, is_admin_user, is_internally_mapped,
    valid_from, valid_till, operated_on, operated_by, password_changed_on,
    "name", designation, company, tenant_id, designation_id, employee_id, is_data_ported
) VALUES (
    93, 
    '57252', 
    'gAAAAABpLWbk3M0feWGX38Mcs_ZlXltdOy_1Fa2r0nnwdQR1a2xBRjQIo30P1O1V3D4_7i27s6FH8DsgxGEpZlQNG6w7DPtpha2XxMTof_9OZp3PzvoiQWg=', 
    'gAAAAABpLWbkhxr5g7fNisv9kq6GdcNyhYo5E0fbS7hk2gzedlIoB0iLmLWB4QmFDvumH7cUBDxPFBdc9sVkGeciQVh2tQ2TWg==', 
    '370ff199c75276a360640b2baffe4c56132477297e25d0d8c5702988ee11e231',
    '',
    'A', 'N', 'N',
    '2024-11-02', NULL,
    NOW(), 531773952, NULL,
    'Priyanka Kumari',
    'JUNIOR DRAUGHTSMAN',
    'HPPWD',
    531802112,
    NULL,
    97,
    true
);

-- [4/4] UM DATABASE - umst_user_role
INSERT INTO um.umst_user_role (
    user_role_id, uid, role_id, unit_id, operated_on, operated_by, tenant_id, is_data_ported
) VALUES (
    444303467162450, 
    93, 
    532193206, 
    NULL, 
    NOW(), 
    531773952, 
    531802112, 
    true
);

-- ----------------------------------------------------------------------


================================================================================
-- Employee: Anshul Chaudhary (56149.0)
-- Employee ID: 98 | UID: 94 | User Role ID: 444303467162451
================================================================================

-- [1/4] WAMIS DATABASE - amsm_employee
INSERT INTO wamis.amsm_employee (
    employee_id, emp_num, title, first_name, middle_name, last_name, full_name,
    office_id, is_active, operated_by, operated_on, tenant_id, status,
    joining_date, relieving_date, is_service_change, is_data_ported
) VALUES (
    98,
    '56149',
    'Mr.',
    'Anshul',
    NULL,
    'Chaudhary',
    'Anshul Chaudhary',
    NULL,
    'Y', 531773952, NOW(), 531802112,
    'A',
    '2017-02-15',
    NULL,
    'N',
    true
);

-- [2/4] WAMIS DATABASE - amsm_employee_service
INSERT INTO wamis.amsm_employee_service (
    office_id, employee_id, designation_id, is_additional_charge,
    start_date, end_date, operated_by, operated_on, tenant_id,
    is_latest, anfn, status, is_data_ported
) VALUES (
    NULL,
    98,
    2,
    'N',
    '2025-05-01',
    NULL,
    531773952, NOW(), 531802112,
    'Y', 'A', 'A', true
);

-- [3/4] UM DATABASE - umsm_user
INSERT INTO um.umsm_user (
    uid, user_id, email_id, mobile_no, "password", old_password,
    employee_status, is_admin_user, is_internally_mapped,
    valid_from, valid_till, operated_on, operated_by, password_changed_on,
    "name", designation, company, tenant_id, designation_id, employee_id, is_data_ported
) VALUES (
    94, 
    '56149', 
    'gAAAAABpLWbk1QNGd3TnVW61Uz1DFgtKu9nU0upkjJL__krthKjCCpSg6t9phuJ4ozZ70lWeKhady8A7eIgUnVv9H7tlSFg8L1y7o3bQg7OYe5aGcsOiyD0=', 
    'gAAAAABpLWbkAjhlaZcHnBhAv632yNGmgK7Puwn5JP_Nk-MR9NDQrj9QO7jfQeBVVeq7tn6VWvZUbefooe5gW7UpXq23YqU96w==', 
    '370ff199c75276a360640b2baffe4c56132477297e25d0d8c5702988ee11e231',
    '',
    'A', 'N', 'N',
    '2025-05-01', NULL,
    NOW(), 531773952, NULL,
    'Anshul Chaudhary',
    'ASSISTANT ENGINEER',
    'HPPWD',
    531802112,
    2,
    98,
    true
);

-- [4/4] UM DATABASE - umst_user_role
INSERT INTO um.umst_user_role (
    user_role_id, uid, role_id, unit_id, operated_on, operated_by, tenant_id, is_data_ported
) VALUES (
    444303467162451, 
    94, 
    532193206, 
    NULL, 
    NOW(), 
    531773952, 
    531802112, 
    true
);

-- ----------------------------------------------------------------------


================================================================================
-- Employee: Lekh Raj  (29836.0)
-- Employee ID: 99 | UID: 95 | User Role ID: 444303467162452
================================================================================

-- [1/4] WAMIS DATABASE - amsm_employee
INSERT INTO wamis.amsm_employee (
    employee_id, emp_num, title, first_name, middle_name, last_name, full_name,
    office_id, is_active, operated_by, operated_on, tenant_id, status,
    joining_date, relieving_date, is_service_change, is_data_ported
) VALUES (
    99,
    '29836',
    'Mr.',
    'Lekh',
    NULL,
    'Raj',
    'Lekh Raj',
    NULL,
    'Y', 531773952, NOW(), 531802112,
    'A',
    '1999-12-17',
    NULL,
    'N',
    true
);

-- [2/4] WAMIS DATABASE - amsm_employee_service
INSERT INTO wamis.amsm_employee_service (
    office_id, employee_id, designation_id, is_additional_charge,
    start_date, end_date, operated_by, operated_on, tenant_id,
    is_latest, anfn, status, is_data_ported
) VALUES (
    NULL,
    99,
    1,
    'N',
    '2023-09-01',
    NULL,
    531773952, NOW(), 531802112,
    'Y', 'A', 'A', true
);

-- [3/4] UM DATABASE - umsm_user
INSERT INTO um.umsm_user (
    uid, user_id, email_id, mobile_no, "password", old_password,
    employee_status, is_admin_user, is_internally_mapped,
    valid_from, valid_till, operated_on, operated_by, password_changed_on,
    "name", designation, company, tenant_id, designation_id, employee_id, is_data_ported
) VALUES (
    95, 
    '29836', 
    'gAAAAABpLWbkjld_cMSXQTP_A2k3ssRV7qLTRUnEei_G58XHV4UiSsRpVDPxFh-vczdgCwej_zZdRBK7tjMOhG1Ju1mZ6YxTVl9quPWlRuSYLAuYdayFc4s=', 
    'gAAAAABpLWbkx_UtC9fwRXUEcKNPICGaLrA9D-qysX7tndH0XOm5zrHeiz2M35ipeNoWxMwiYU62jf_vLB9qbJ6mWAKqEb7o9A==', 
    '370ff199c75276a360640b2baffe4c56132477297e25d0d8c5702988ee11e231',
    '',
    'A', 'N', 'N',
    '2023-09-01', NULL,
    NOW(), 531773952, NULL,
    'Lekh Raj',
    'JUNIOR ENGINEER',
    'HPPWD',
    531802112,
    1,
    99,
    true
);

-- [4/4] UM DATABASE - umst_user_role
INSERT INTO um.umst_user_role (
    user_role_id, uid, role_id, unit_id, operated_on, operated_by, tenant_id, is_data_ported
) VALUES (
    444303467162452, 
    95, 
    532193206, 
    NULL, 
    NOW(), 
    531773952, 
    531802112, 
    true
);

-- ----------------------------------------------------------------------


================================================================================
-- Employee: Arjun Katoch  (53977.0)
-- Employee ID: 100 | UID: 96 | User Role ID: 444303467162453
================================================================================

-- [1/4] WAMIS DATABASE - amsm_employee
INSERT INTO wamis.amsm_employee (
    employee_id, emp_num, title, first_name, middle_name, last_name, full_name,
    office_id, is_active, operated_by, operated_on, tenant_id, status,
    joining_date, relieving_date, is_service_change, is_data_ported
) VALUES (
    100,
    '53977',
    'Mr.',
    'Arjun',
    NULL,
    'Katoch',
    'Arjun Katoch',
    NULL,
    'Y', 531773952, NOW(), 531802112,
    'A',
    '2017-08-29',
    NULL,
    'N',
    true
);

-- [2/4] WAMIS DATABASE - amsm_employee_service
INSERT INTO wamis.amsm_employee_service (
    office_id, employee_id, designation_id, is_additional_charge,
    start_date, end_date, operated_by, operated_on, tenant_id,
    is_latest, anfn, status, is_data_ported
) VALUES (
    NULL,
    100,
    1,
    'N',
    '2024-03-05',
    NULL,
    531773952, NOW(), 531802112,
    'Y', 'A', 'A', true
);

-- [3/4] UM DATABASE - umsm_user
INSERT INTO um.umsm_user (
    uid, user_id, email_id, mobile_no, "password", old_password,
    employee_status, is_admin_user, is_internally_mapped,
    valid_from, valid_till, operated_on, operated_by, password_changed_on,
    "name", designation, company, tenant_id, designation_id, employee_id, is_data_ported
) VALUES (
    96, 
    '53977', 
    'gAAAAABpLWbkL8H1cX81p8Z3bMLNSreWmrn4Xu0G44bA7PyBP0ihn_o1q805UzFBq6tCOhX_59OZII6QDN3aHIZ68JPwx26XOpQaZI0UoRomNcLDPxd2LYE=', 
    'gAAAAABpLWbksgUQWeeflnrzdSPx6NrFdU7YSUSomaH5xz8IY8dXKQhXB6hN0mCh3W8A-HBwbekgjV0UcLzW27PkJXPbQzjIDg==', 
    '370ff199c75276a360640b2baffe4c56132477297e25d0d8c5702988ee11e231',
    '',
    'A', 'N', 'N',
    '2024-03-05', NULL,
    NOW(), 531773952, NULL,
    'Arjun Katoch',
    'JUNIOR ENGINEER',
    'HPPWD',
    531802112,
    1,
    100,
    true
);

-- [4/4] UM DATABASE - umst_user_role
INSERT INTO um.umst_user_role (
    user_role_id, uid, role_id, unit_id, operated_on, operated_by, tenant_id, is_data_ported
) VALUES (
    444303467162453, 
    96, 
    532193206, 
    NULL, 
    NOW(), 
    531773952, 
    531802112, 
    true
);

-- ----------------------------------------------------------------------


================================================================================
-- Employee: Jitender Thakur (55029.0)
-- Employee ID: 101 | UID: 97 | User Role ID: 444303467162454
================================================================================

-- [1/4] WAMIS DATABASE - amsm_employee
INSERT INTO wamis.amsm_employee (
    employee_id, emp_num, title, first_name, middle_name, last_name, full_name,
    office_id, is_active, operated_by, operated_on, tenant_id, status,
    joining_date, relieving_date, is_service_change, is_data_ported
) VALUES (
    101,
    '55029',
    'Mr.',
    'Jitender',
    NULL,
    'Thakur',
    'Jitender Thakur',
    NULL,
    'Y', 531773952, NOW(), 531802112,
    'A',
    '2016-02-23',
    NULL,
    'N',
    true
);

-- [2/4] WAMIS DATABASE - amsm_employee_service
INSERT INTO wamis.amsm_employee_service (
    office_id, employee_id, designation_id, is_additional_charge,
    start_date, end_date, operated_by, operated_on, tenant_id,
    is_latest, anfn, status, is_data_ported
) VALUES (
    NULL,
    101,
    1,
    'N',
    '2022-09-09',
    NULL,
    531773952, NOW(), 531802112,
    'Y', 'A', 'A', true
);

-- [3/4] UM DATABASE - umsm_user
INSERT INTO um.umsm_user (
    uid, user_id, email_id, mobile_no, "password", old_password,
    employee_status, is_admin_user, is_internally_mapped,
    valid_from, valid_till, operated_on, operated_by, password_changed_on,
    "name", designation, company, tenant_id, designation_id, employee_id, is_data_ported
) VALUES (
    97, 
    '55029', 
    'gAAAAABpLWbkK9a_555DT_If75s1FGaoW8igm_jGk10Y0LzKt5lOuSEHkO6w8UwU_y8rY34UEAb-b0_4yUT_3AxuDKDc0mc49iF9sGh81-Cr0XuRpTjNFwc=', 
    'gAAAAABpLWbkYmnR10muaN4HiC-lS7yC3bsEQP3MWh9stnf-YOUCwPZwpMGjJ8qBicgAsuXb7NGyTiH8863AmskR5kjEQQ9aYg==', 
    '370ff199c75276a360640b2baffe4c56132477297e25d0d8c5702988ee11e231',
    '',
    'A', 'N', 'N',
    '2022-09-09', NULL,
    NOW(), 531773952, NULL,
    'Jitender Thakur',
    'JUNIOR ENGINEER',
    'HPPWD',
    531802112,
    1,
    101,
    true
);

-- [4/4] UM DATABASE - umst_user_role
INSERT INTO um.umst_user_role (
    user_role_id, uid, role_id, unit_id, operated_on, operated_by, tenant_id, is_data_ported
) VALUES (
    444303467162454, 
    97, 
    532193206, 
    NULL, 
    NOW(), 
    531773952, 
    531802112, 
    true
);

-- ----------------------------------------------------------------------


================================================================================
-- Employee: Satish Kumar  (45707.0)
-- Employee ID: 102 | UID: 98 | User Role ID: 444303467162455
================================================================================

-- [1/4] WAMIS DATABASE - amsm_employee
INSERT INTO wamis.amsm_employee (
    employee_id, emp_num, title, first_name, middle_name, last_name, full_name,
    office_id, is_active, operated_by, operated_on, tenant_id, status,
    joining_date, relieving_date, is_service_change, is_data_ported
) VALUES (
    102,
    '45707',
    'Mr.',
    'Satish',
    NULL,
    'Kumar',
    'Satish Kumar',
    NULL,
    'Y', 531773952, NOW(), 531802112,
    'A',
    '1999-04-01',
    NULL,
    'N',
    true
);

-- [2/4] WAMIS DATABASE - amsm_employee_service
INSERT INTO wamis.amsm_employee_service (
    office_id, employee_id, designation_id, is_additional_charge,
    start_date, end_date, operated_by, operated_on, tenant_id,
    is_latest, anfn, status, is_data_ported
) VALUES (
    NULL,
    102,
    2,
    'N',
    '2023-11-28',
    NULL,
    531773952, NOW(), 531802112,
    'Y', 'A', 'A', true
);

-- [3/4] UM DATABASE - umsm_user
INSERT INTO um.umsm_user (
    uid, user_id, email_id, mobile_no, "password", old_password,
    employee_status, is_admin_user, is_internally_mapped,
    valid_from, valid_till, operated_on, operated_by, password_changed_on,
    "name", designation, company, tenant_id, designation_id, employee_id, is_data_ported
) VALUES (
    98, 
    '45707', 
    'gAAAAABpLWbkXolmAZ4H5W9OeNcs0Pw0g0t5J5x4vFJjfC7Ck7u8vVuIdbzmJDPUOHNIxO-szawSMy084oSWMZ9AjnqwrxJtL3FMV7ILUEG8cncpVVSogNc=', 
    'gAAAAABpLWbku_cdyn8AwF27PUeIyX4gDrQQbBAqWBKwUcl1zSoGbQiRFD1PSvbyLV7EEzOFrbj8j03eKQkpIpfzTF28Cih6Yg==', 
    '370ff199c75276a360640b2baffe4c56132477297e25d0d8c5702988ee11e231',
    '',
    'A', 'N', 'N',
    '2023-11-28', NULL,
    NOW(), 531773952, NULL,
    'Satish Kumar',
    'ASSISTANT ENGINEER',
    'HPPWD',
    531802112,
    2,
    102,
    true
);

-- [4/4] UM DATABASE - umst_user_role
INSERT INTO um.umst_user_role (
    user_role_id, uid, role_id, unit_id, operated_on, operated_by, tenant_id, is_data_ported
) VALUES (
    444303467162455, 
    98, 
    532193206, 
    NULL, 
    NOW(), 
    531773952, 
    531802112, 
    true
);

-- ----------------------------------------------------------------------


================================================================================
-- Employee: Khem Chand  (37866.0)
-- Employee ID: 103 | UID: 99 | User Role ID: 444303467162456
================================================================================

-- [1/4] WAMIS DATABASE - amsm_employee
INSERT INTO wamis.amsm_employee (
    employee_id, emp_num, title, first_name, middle_name, last_name, full_name,
    office_id, is_active, operated_by, operated_on, tenant_id, status,
    joining_date, relieving_date, is_service_change, is_data_ported
) VALUES (
    103,
    '37866',
    'Mr.',
    'Khem',
    NULL,
    'Chand',
    'Khem Chand',
    NULL,
    'Y', 531773952, NOW(), 531802112,
    'A',
    '2007-01-09',
    NULL,
    'N',
    true
);

-- [2/4] WAMIS DATABASE - amsm_employee_service
INSERT INTO wamis.amsm_employee_service (
    office_id, employee_id, designation_id, is_additional_charge,
    start_date, end_date, operated_by, operated_on, tenant_id,
    is_latest, anfn, status, is_data_ported
) VALUES (
    NULL,
    103,
    1,
    'N',
    '2024-08-01',
    NULL,
    531773952, NOW(), 531802112,
    'Y', 'A', 'A', true
);

-- [3/4] UM DATABASE - umsm_user
INSERT INTO um.umsm_user (
    uid, user_id, email_id, mobile_no, "password", old_password,
    employee_status, is_admin_user, is_internally_mapped,
    valid_from, valid_till, operated_on, operated_by, password_changed_on,
    "name", designation, company, tenant_id, designation_id, employee_id, is_data_ported
) VALUES (
    99, 
    '37866', 
    'gAAAAABpLWbk_P8P27tCwoN3DIBtAOGFRSmS7ZE6IEacgIy-cageEHqwywRFcN1KNldH2aJHz_iiB9PwaORqyBjcDwEnTcrV99eszuzCK0DBWsyFHywgnmc=', 
    'gAAAAABpLWbkDcDrkkgB3N3mKstNuW4Frmg11b8hVw4nSfGLr8SYA-SQaR_Lq1egEkLzERPSeou9DZexy-luC2ONu4VEjFcR1g==', 
    '370ff199c75276a360640b2baffe4c56132477297e25d0d8c5702988ee11e231',
    '',
    'A', 'N', 'N',
    '2024-08-01', NULL,
    NOW(), 531773952, NULL,
    'Khem Chand',
    'JUNIOR ENGINEER',
    'HPPWD',
    531802112,
    1,
    103,
    true
);

-- [4/4] UM DATABASE - umst_user_role
INSERT INTO um.umst_user_role (
    user_role_id, uid, role_id, unit_id, operated_on, operated_by, tenant_id, is_data_ported
) VALUES (
    444303467162456, 
    99, 
    532193206, 
    NULL, 
    NOW(), 
    531773952, 
    531802112, 
    true
);

-- ----------------------------------------------------------------------


================================================================================
-- Employee: Bharat Bhushan Gupta  (54181.0)
-- Employee ID: 104 | UID: 100 | User Role ID: 444303467162457
================================================================================

-- [1/4] WAMIS DATABASE - amsm_employee
INSERT INTO wamis.amsm_employee (
    employee_id, emp_num, title, first_name, middle_name, last_name, full_name,
    office_id, is_active, operated_by, operated_on, tenant_id, status,
    joining_date, relieving_date, is_service_change, is_data_ported
) VALUES (
    104,
    '54181',
    'Mr.',
    'Bharat',
    'Bhushan',
    'Gupta',
    'Bharat Bhushan Gupta',
    NULL,
    'Y', 531773952, NOW(), 531802112,
    'A',
    '2012-05-03',
    NULL,
    'N',
    true
);

-- [2/4] WAMIS DATABASE - amsm_employee_service
INSERT INTO wamis.amsm_employee_service (
    office_id, employee_id, designation_id, is_additional_charge,
    start_date, end_date, operated_by, operated_on, tenant_id,
    is_latest, anfn, status, is_data_ported
) VALUES (
    NULL,
    104,
    1,
    'N',
    '2024-02-21',
    NULL,
    531773952, NOW(), 531802112,
    'Y', 'A', 'A', true
);

-- [3/4] UM DATABASE - umsm_user
INSERT INTO um.umsm_user (
    uid, user_id, email_id, mobile_no, "password", old_password,
    employee_status, is_admin_user, is_internally_mapped,
    valid_from, valid_till, operated_on, operated_by, password_changed_on,
    "name", designation, company, tenant_id, designation_id, employee_id, is_data_ported
) VALUES (
    100, 
    '54181', 
    'gAAAAABpLWbkm8tTPxjKWLM8F5XVBc5dKwlpCwlm9xOadUvkWIFFlZgQM_E80TbExgnVww36NTkSVtJZ-ZZp2B95CPrKhu3dePw9MmFII7qjv_iJ3uBSptU=', 
    'gAAAAABpLWbkAHUDbskjVAdOlKpT2fw73frZ7KuAKAAgaiH10b7O9c5kYRq41CZJsfEG25Kd3HsNbf1IKGox_h3dR3ieJ3us-g==', 
    '370ff199c75276a360640b2baffe4c56132477297e25d0d8c5702988ee11e231',
    '',
    'A', 'N', 'N',
    '2024-02-21', NULL,
    NOW(), 531773952, NULL,
    'Bharat Bhushan Gupta',
    'JUNIOR ENGINEER',
    'HPPWD',
    531802112,
    1,
    104,
    true
);

-- [4/4] UM DATABASE - umst_user_role
INSERT INTO um.umst_user_role (
    user_role_id, uid, role_id, unit_id, operated_on, operated_by, tenant_id, is_data_ported
) VALUES (
    444303467162457, 
    100, 
    532193206, 
    NULL, 
    NOW(), 
    531773952, 
    531802112, 
    true
);

-- ----------------------------------------------------------------------


================================================================================
-- Employee: Yugal Kishore (52217.0)
-- Employee ID: 105 | UID: 101 | User Role ID: 444303467162458
================================================================================

-- [1/4] WAMIS DATABASE - amsm_employee
INSERT INTO wamis.amsm_employee (
    employee_id, emp_num, title, first_name, middle_name, last_name, full_name,
    office_id, is_active, operated_by, operated_on, tenant_id, status,
    joining_date, relieving_date, is_service_change, is_data_ported
) VALUES (
    105,
    '52217',
    'Mr.',
    'Yugal',
    NULL,
    'Kishore',
    'Yugal Kishore',
    NULL,
    'Y', 531773952, NOW(), 531802112,
    'A',
    '2015-11-09',
    NULL,
    'N',
    true
);

-- [2/4] WAMIS DATABASE - amsm_employee_service
INSERT INTO wamis.amsm_employee_service (
    office_id, employee_id, designation_id, is_additional_charge,
    start_date, end_date, operated_by, operated_on, tenant_id,
    is_latest, anfn, status, is_data_ported
) VALUES (
    NULL,
    105,
    2,
    'N',
    '2025-07-01',
    NULL,
    531773952, NOW(), 531802112,
    'Y', 'A', 'A', true
);

-- [3/4] UM DATABASE - umsm_user
INSERT INTO um.umsm_user (
    uid, user_id, email_id, mobile_no, "password", old_password,
    employee_status, is_admin_user, is_internally_mapped,
    valid_from, valid_till, operated_on, operated_by, password_changed_on,
    "name", designation, company, tenant_id, designation_id, employee_id, is_data_ported
) VALUES (
    101, 
    '52217', 
    'gAAAAABpLWbkPlyLvEch5NGnTKa9bF2J7EC0nBupRt-AH4M4tKy9rjdKBZc1XDnUL1etSIL1_-yaSS4zOyFbkHQgK5HldiG_051ZNVHpEVcV7RUvCSkFjZM=', 
    'gAAAAABpLWbkauhqkH5astL5Y5k0y8p5NptCbQzrNthGYLiLjzTLjygXGPlvGnl4Q5oeX4TP1zkj8QgBUiG33xEGuqL6f-cz5A==', 
    '370ff199c75276a360640b2baffe4c56132477297e25d0d8c5702988ee11e231',
    '',
    'A', 'N', 'N',
    '2025-07-01', NULL,
    NOW(), 531773952, NULL,
    'Yugal Kishore',
    'ASSISTANT ENGINEER',
    'HPPWD',
    531802112,
    2,
    105,
    true
);

-- [4/4] UM DATABASE - umst_user_role
INSERT INTO um.umst_user_role (
    user_role_id, uid, role_id, unit_id, operated_on, operated_by, tenant_id, is_data_ported
) VALUES (
    444303467162458, 
    101, 
    532193206, 
    NULL, 
    NOW(), 
    531773952, 
    531802112, 
    true
);

-- ----------------------------------------------------------------------


================================================================================
-- Employee: Suresh Kumar  (50542.0)
-- Employee ID: 106 | UID: 102 | User Role ID: 444303467162459
================================================================================

-- [1/4] WAMIS DATABASE - amsm_employee
INSERT INTO wamis.amsm_employee (
    employee_id, emp_num, title, first_name, middle_name, last_name, full_name,
    office_id, is_active, operated_by, operated_on, tenant_id, status,
    joining_date, relieving_date, is_service_change, is_data_ported
) VALUES (
    106,
    '50542',
    'Mr.',
    'Suresh',
    NULL,
    'Kumar',
    'Suresh Kumar',
    NULL,
    'Y', 531773952, NOW(), 531802112,
    'A',
    '2013-09-30',
    NULL,
    'N',
    true
);

-- [2/4] WAMIS DATABASE - amsm_employee_service
INSERT INTO wamis.amsm_employee_service (
    office_id, employee_id, designation_id, is_additional_charge,
    start_date, end_date, operated_by, operated_on, tenant_id,
    is_latest, anfn, status, is_data_ported
) VALUES (
    NULL,
    106,
    1,
    'N',
    '2022-06-29',
    NULL,
    531773952, NOW(), 531802112,
    'Y', 'A', 'A', true
);

-- [3/4] UM DATABASE - umsm_user
INSERT INTO um.umsm_user (
    uid, user_id, email_id, mobile_no, "password", old_password,
    employee_status, is_admin_user, is_internally_mapped,
    valid_from, valid_till, operated_on, operated_by, password_changed_on,
    "name", designation, company, tenant_id, designation_id, employee_id, is_data_ported
) VALUES (
    102, 
    '50542', 
    'gAAAAABpLWbkZo_3x5tiSaHAZCKe66mhox165qwUdmCj5nfNNu8vgd9hBHNnnYmAAEN5ncIzP8qERZw8GvUKQeH9si2oja_oUHbSEMAiga7-kyY962SgHD0=', 
    'gAAAAABpLWbkcvC459a1_pEsY-Jkbq-QOjbYJngsJbbN816VWhj7Oz7Zjc6Hh6LuFpxbvMUmC7Kjf3q1HG3Cj4QPL-l7Ve-6RA==', 
    '370ff199c75276a360640b2baffe4c56132477297e25d0d8c5702988ee11e231',
    '',
    'A', 'N', 'N',
    '2022-06-29', NULL,
    NOW(), 531773952, NULL,
    'Suresh Kumar',
    'JUNIOR ENGINEER',
    'HPPWD',
    531802112,
    1,
    106,
    true
);

-- [4/4] UM DATABASE - umst_user_role
INSERT INTO um.umst_user_role (
    user_role_id, uid, role_id, unit_id, operated_on, operated_by, tenant_id, is_data_ported
) VALUES (
    444303467162459, 
    102, 
    532193206, 
    NULL, 
    NOW(), 
    531773952, 
    531802112, 
    true
);

-- ----------------------------------------------------------------------


================================================================================
-- Employee: Manoj Kumar  (38013.0)
-- Employee ID: 107 | UID: 103 | User Role ID: 444303467162460
================================================================================

-- [1/4] WAMIS DATABASE - amsm_employee
INSERT INTO wamis.amsm_employee (
    employee_id, emp_num, title, first_name, middle_name, last_name, full_name,
    office_id, is_active, operated_by, operated_on, tenant_id, status,
    joining_date, relieving_date, is_service_change, is_data_ported
) VALUES (
    107,
    '38013',
    'Mr.',
    'Manoj',
    NULL,
    'Kumar',
    'Manoj Kumar',
    NULL,
    'Y', 531773952, NOW(), 531802112,
    'A',
    '1994-07-21',
    NULL,
    'N',
    true
);

-- [2/4] WAMIS DATABASE - amsm_employee_service
INSERT INTO wamis.amsm_employee_service (
    office_id, employee_id, designation_id, is_additional_charge,
    start_date, end_date, operated_by, operated_on, tenant_id,
    is_latest, anfn, status, is_data_ported
) VALUES (
    NULL,
    107,
    1,
    'N',
    '2024-07-12',
    NULL,
    531773952, NOW(), 531802112,
    'Y', 'A', 'A', true
);

-- [3/4] UM DATABASE - umsm_user
INSERT INTO um.umsm_user (
    uid, user_id, email_id, mobile_no, "password", old_password,
    employee_status, is_admin_user, is_internally_mapped,
    valid_from, valid_till, operated_on, operated_by, password_changed_on,
    "name", designation, company, tenant_id, designation_id, employee_id, is_data_ported
) VALUES (
    103, 
    '38013', 
    'gAAAAABpLWbkgYZTlrvaMj0yTOfglGBD93TJExT-MGvIQD_umGd9n1N5ushZsNdlCNc4vN3CrV1Ao3EliurP2jTvk04ZJQ4zyJpVmJNCyEdkob1NJTpluM8=', 
    'gAAAAABpLWbkChUPYB25mh_0NWSgntOutF6eJhVYzSSqSW0AdBUgOnEOr5jhBUuvyCGXyGpq6DaOSZNJNXe-wOmvQKJCnMtSMA==', 
    '370ff199c75276a360640b2baffe4c56132477297e25d0d8c5702988ee11e231',
    '',
    'A', 'N', 'N',
    '2024-07-12', NULL,
    NOW(), 531773952, NULL,
    'Manoj Kumar',
    'JUNIOR ENGINEER',
    'HPPWD',
    531802112,
    1,
    107,
    true
);

-- [4/4] UM DATABASE - umst_user_role
INSERT INTO um.umst_user_role (
    user_role_id, uid, role_id, unit_id, operated_on, operated_by, tenant_id, is_data_ported
) VALUES (
    444303467162460, 
    103, 
    532193206, 
    NULL, 
    NOW(), 
    531773952, 
    531802112, 
    true
);

-- ----------------------------------------------------------------------


================================================================================
-- Employee: Pushp Raj  (14559.0)
-- Employee ID: 108 | UID: 104 | User Role ID: 444303467162461
================================================================================

-- [1/4] WAMIS DATABASE - amsm_employee
INSERT INTO wamis.amsm_employee (
    employee_id, emp_num, title, first_name, middle_name, last_name, full_name,
    office_id, is_active, operated_by, operated_on, tenant_id, status,
    joining_date, relieving_date, is_service_change, is_data_ported
) VALUES (
    108,
    '14559',
    'Mr.',
    'Pushp',
    NULL,
    'Raj',
    'Pushp Raj',
    NULL,
    'Y', 531773952, NOW(), 531802112,
    'A',
    '2001-01-01',
    NULL,
    'N',
    true
);

-- [2/4] WAMIS DATABASE - amsm_employee_service
INSERT INTO wamis.amsm_employee_service (
    office_id, employee_id, designation_id, is_additional_charge,
    start_date, end_date, operated_by, operated_on, tenant_id,
    is_latest, anfn, status, is_data_ported
) VALUES (
    NULL,
    108,
    1,
    'N',
    '2024-03-16',
    NULL,
    531773952, NOW(), 531802112,
    'Y', 'A', 'A', true
);

-- [3/4] UM DATABASE - umsm_user
INSERT INTO um.umsm_user (
    uid, user_id, email_id, mobile_no, "password", old_password,
    employee_status, is_admin_user, is_internally_mapped,
    valid_from, valid_till, operated_on, operated_by, password_changed_on,
    "name", designation, company, tenant_id, designation_id, employee_id, is_data_ported
) VALUES (
    104, 
    '14559', 
    'gAAAAABpLWblwlhT4ODPJP-R-1lhC3bjXGi4LpJO7oaCOcS6LPe2o9eiSbO1bnCPrrrUO6mUgm3NJ1Hh3Qa9TKF9v1NxHTbPG-Q9yqNM0TC3fMOwhkjr04M=', 
    'gAAAAABpLWbleFV36shcX3WwxlumZP_gMYtcz9KzjTmSmomS4B9Jk6J9e2E_GBxnI_3W-s6IJUf22BVi-pFJ1CTrnOJhbR4ADw==', 
    '370ff199c75276a360640b2baffe4c56132477297e25d0d8c5702988ee11e231',
    '',
    'A', 'N', 'N',
    '2024-03-16', NULL,
    NOW(), 531773952, NULL,
    'Pushp Raj',
    'JUNIOR ENGINEER',
    'HPPWD',
    531802112,
    1,
    108,
    true
);

-- [4/4] UM DATABASE - umst_user_role
INSERT INTO um.umst_user_role (
    user_role_id, uid, role_id, unit_id, operated_on, operated_by, tenant_id, is_data_ported
) VALUES (
    444303467162461, 
    104, 
    532193206, 
    NULL, 
    NOW(), 
    531773952, 
    531802112, 
    true
);

-- ----------------------------------------------------------------------

COMMIT;

-- Total records processed: 15
-- Total errors: 10